row_id,duration,protocol_type,service,flag,src_bytes,dst_bytes,land,wrong_fragment,urgent,hot,num_failed_logins,logged_in,num_compromised,root_shell,su_attempted,num_root,num_file_creations,num_shells,num_access_files,num_outbound_cmds,is_host_login,is_guest_login,count,srv_count,serror_rate,srv_serror_rate,rerror_rate,srv_rerror_rate,same_srv_rate,diff_srv_rate,srv_diff_host_rate,dst_host_count,dst_host_srv_count,dst_host_same_srv_rate,dst_host_diff_srv_rate,dst_host_same_src_port_rate,dst_host_srv_diff_host_rate,dst_host_serror_rate,dst_host_srv_serror_rate,dst_host_rerror_rate,dst_host_srv_rerror_rate,label,difficulty,attack_category
0,282,tcp,ftp,SF,159,597,0,0,0,2,0,1,0,0,0,0,0,0,0,0,0,1,1,1,0.0,0.0,0.0,0.0,1.0,0.0,0.0,255,44,0.17,0.03,0.0,0.0,0.24,0.0,0.02,0.0,warezmaster,13,R2L
1,0,udp,private,SF,28,0,0,1,0,0,0,0,0,0,0,0,0,0,0,0,0,0,1,1,0.0,0.0,0.0,0.0,1.0,0.0,0.0,26,1,0.04,0.15,0.04,0.0,0.0,0.0,0.0,0.0,teardrop,9,DoS
2,0,tcp,private,SH,0,0,0,0,0,0,0,0,0,0,0,0,0,0,0,0,0,0,1,1,1.0,1.0,0.0,0.0,1.0,0.0,0.0,78,1,0.01,1.0,1.0,0.0,1.0,1.0,0.0,0.0,nmap,19,Probe
3,0,tcp,private,OTH,0,0,0,0,0,0,0,0,0,0,0,0,0,0,0,0,0,0,1,1,0.0,0.0,0.0,0.0,1.0,0.0,0.0,255,1,0.0,0.87,0.85,0.0,0.0,0.0,0.85,0.0,portsweep,14,Probe
5,1,tcp,smtp,SF,2599,293,0,0,0,0,0,1,0,0,0,0,0,0,0,0,0,0,3,3,0.0,0.0,0.0,0.0,1.0,0.0,0.0,255,91,0.36,0.14,0.0,0.0,0.0,0.0,0.63,0.0,mailbomb,11,DoS
9,0,udp,private,SF,105,105,0,0,0,0,0,0,0,0,0,0,0,0,0,0,0,0,1,1,0.0,0.0,0.0,0.0,1.0,0.0,0.0,255,255,1.0,0.0,0.0,0.0,0.0,0.0,0.0,0.0,snmpgetattack,10,R2L
10,0,udp,private,SF,28,0,0,3,0,0,0,0,0,0,0,0,0,0,0,0,0,0,19,19,0.0,0.0,0.0,0.0,1.0,0.0,0.0,255,19,0.07,0.02,0.07,0.0,0.0,0.0,0.0,0.0,teardrop,15,DoS
13,0,tcp,http,S0,0,0,0,0,0,0,0,0,0,0,0,0,0,0,0,0,0,0,12,12,0.75,0.75,0.25,0.25,1.0,0.0,0.0,255,244,0.96,0.01,0.0,0.0,0.05,0.06,0.56,0.59,apache2,15,DoS
15,0,udp,other,SF,23,23,0,0,0,0,0,0,0,0,0,0,0,0,0,0,0,0,1,1,0.0,0.0,0.0,0.0,1.0,0.0,0.0,255,2,0.01,0.03,0.01,0.0,0.0,0.0,0.0,0.0,multihop,4,R2L
17,0,udp,private,SF,105,147,0,0,0,0,0,0,0,0,0,0,0,0,0,0,0,0,3,2,0.0,0.0,0.0,0.0,0.67,0.67,0.0,255,253,0.99,0.01,0.0,0.0,0.0,0.0,0.0,0.0,snmpgetattack,1,R2L
19,1,tcp,smtp,SF,2599,293,0,0,0,0,0,1,0,0,0,0,0,0,0,0,0,0,2,2,0.0,0.0,0.0,0.0,1.0,0.0,0.0,255,73,0.29,0.14,0.0,0.0,0.0,0.0,0.7,0.0,mailbomb,11,DoS
21,7262,tcp,telnet,SF,0,44,0,0,0,0,0,0,0,0,0,0,0,0,0,0,0,0,1,1,0.0,0.0,0.0,0.0,1.0,0.0,0.0,255,229,0.9,0.11,0.0,0.0,0.5,0.55,0.11,0.01,processtable,18,DoS
23,0,tcp,other,SF,240,614,0,0,0,0,0,0,0,0,0,0,0,0,0,0,0,0,1,1,0.0,0.0,0.0,0.0,1.0,0.0,0.0,255,23,0.09,0.02,0.0,0.0,0.0,0.0,0.09,0.83,httptunnel,5,U2R
25,0,icmp,ecr_i,SF,1032,0,0,0,0,0,0,0,0,0,0,0,0,0,0,0,0,0,511,511,0.0,0.0,0.0,0.0,1.0,0.0,0.0,24,23,0.96,0.08,0.96,0.0,0.0,0.0,0.0,0.0,smurf,17,DoS
26,0,udp,private,SF,46,0,0,0,0,0,0,0,0,0,0,0,0,0,0,0,0,0,5,5,0.0,0.0,0.0,0.0,1.0,0.0,0.0,255,254,1.0,0.01,0.01,0.0,0.0,0.0,0.0,0.0,snmpguess,14,R2L
27,0,tcp,private,RSTR,0,0,0,0,0,0,0,0,0,0,0,0,0,0,0,0,0,0,1,1,0.0,0.0,1.0,1.0,1.0,0.0,0.0,255,1,0.0,0.89,0.88,0.0,0.0,0.0,0.9,1.0,portsweep,18,Probe
28,0,udp,private,SF,105,147,0,0,0,0,0,0,0,0,0,0,0,0,0,0,0,0,2,2,0.0,0.0,0.0,0.0,1.0,0.0,0.0,255,252,0.99,0.01,0.01,0.0,0.0,0.0,0.0,0.0,snmpgetattack,1,R2L
29,0,tcp,other,REJ,0,0,0,0,0,0,0,0,0,0,0,0,0,0,0,0,0,0,511,1,0.15,0.0,0.85,1.0,0.0,1.0,0.0,255,1,0.0,0.93,0.0,0.0,0.13,0.0,0.87,1.0,satan,20,Probe
32,0,tcp,ftp_data,SF,16225,0,0,0,0,0,0,0,0,0,0,0,0,0,0,0,0,0,1,1,0.0,0.0,0.0,0.0,1.0,0.0,0.0,255,1,0.0,0.01,0.0,0.0,0.0,0.0,0.0,0.0,multihop,0,R2L
38,0,udp,private,SF,49,0,0,0,0,0,0,0,0,0,0,0,0,0,0,0,0,0,1,1,0.0,0.0,0.0,0.0,1.0,0.0,0.0,255,255,1.0,0.0,0.01,0.0,0.0,0.0,0.0,0.0,snmpguess,15,R2L
39,0,icmp,ecr_i,SF,64,0,0,0,0,0,0,0,0,0,0,0,0,0,0,0,0,0,1,1,0.0,0.0,0.0,0.0,1.0,0.0,0.0,255,1,0.0,0.01,0.0,0.0,0.0,0.0,0.0,0.0,normal,15,normal
44,0,tcp,private,SH,0,0,0,0,0,0,0,0,0,0,0,0,0,0,0,0,0,0,1,1,1.0,1.0,0.0,0.0,1.0,0.0,0.0,190,1,0.01,0.99,0.99,0.0,0.99,1.0,0.0,0.0,nmap,18,Probe
49,184,tcp,telnet,SF,2923,5285,0,0,1,2,0,1,11,1,0,17,1,1,0,0,0,0,1,1,0.0,0.0,0.0,0.0,1.0,0.0,0.0,1,2,1.0,0.0,1.0,1.0,0.0,0.0,0.0,0.0,xterm,3,U2R
52,0,tcp,http,SF,54540,8314,0,0,0,2,0,1,1,0,0,0,0,0,0,0,0,0,3,10,0.0,0.0,0.0,0.0,1.0,0.0,0.2,255,255,1.0,0.0,0.0,0.0,0.0,0.0,0.05,0.05,back,15,DoS
53,0,tcp,http,SF,54540,8314,0,0,0,2,0,1,1,0,0,0,0,0,0,0,0,0,5,5,0.0,0.0,0.0,0.0,1.0,0.0,0.0,255,254,1.0,0.01,0.0,0.0,0.0,0.0,0.07,0.07,back,16,DoS
54,8,tcp,ftp,SF,220,688,0,0,0,4,0,1,0,0,0,0,4,0,0,0,0,0,1,1,0.0,0.0,0.0,0.0,1.0,0.0,0.0,53,27,0.51,0.08,0.02,0.0,0.0,0.0,0.0,0.0,buffer_overflow,1,U2R
56,0,tcp,http,SF,54540,8314,0,0,0,2,0,1,1,0,0,0,0,0,0,0,0,0,4,4,0.0,0.0,0.0,0.0,1.0,0.0,0.0,255,255,1.0,0.0,0.0,0.0,0.0,0.0,0.07,0.07,back,16,DoS
58,0,tcp,auth,SF,10,35,0,0,0,0,0,0,0,0,0,0,0,0,0,0,0,0,1,1,0.0,0.0,0.0,0.0,1.0,0.0,0.0,1,1,1.0,0.0,1.0,0.0,0.0,0.0,0.0,0.0,sendmail,4,R2L
60,0,icmp,eco_i,SF,18,0,0,0,0,0,0,0,0,0,0,0,0,0,0,0,0,0,1,1,0.0,0.0,0.0,0.0,1.0,0.0,0.0,1,129,1.0,0.0,1.0,1.0,0.0,0.0,0.0,0.0,ipsweep,15,Probe
61,3,tcp,pop_3,SF,28,93,0,0,0,0,0,1,0,0,0,0,0,0,0,0,0,0,1,1,0.0,0.0,0.0,0.0,1.0,0.0,0.0,255,250,0.98,0.01,0.0,0.0,0.0,0.0,0.0,0.0,guess_passwd,17,R2L
62,0,icmp,ecr_i,SF,1032,0,0,0,0,0,0,0,0,0,0,0,0,0,0,0,0,0,458,458,0.0,0.0,0.0,0.0,1.0,0.0,0.0,255,254,1.0,0.01,1.0,0.0,0.0,0.0,0.0,0.0,smurf,19,DoS
65,0,icmp,eco_i,SF,20,0,0,0,0,0,0,0,0,0,0,0,0,0,0,0,0,0,1,56,0.0,0.0,0.0,0.0,1.0,0.0,1.0,1,165,1.0,0.0,1.0,0.25,0.0,0.0,0.0,0.0,saint,16,Probe
66,0,udp,private,SF,105,146,0,0,0,0,0,0,0,0,0,0,0,0,0,0,0,0,1,1,0.0,0.0,0.0,0.0,1.0,0.0,0.0,101,101,1.0,0.0,0.01,0.0,0.0,0.0,0.0,0.0,snmpgetattack,0,R2L
68,0,icmp,eco_i,SF,20,0,0,0,0,0,0,0,0,0,0,0,0,0,0,0,0,0,1,61,0.0,0.0,0.0,0.0,1.0,0.0,1.0,2,255,1.0,0.0,1.0,0.25,0.0,0.0,0.0,0.0,saint,15,Probe
69,0,tcp,other,REJ,0,0,0,0,0,0,0,0,0,0,0,0,0,0,0,0,0,0,511,1,0.05,0.0,0.95,1.0,0.0,1.0,0.0,255,1,0.0,1.0,0.0,0.0,0.05,0.0,0.95,1.0,saint,20,Probe
70,0,tcp,remote_job,S0,0,0,0,0,0,0,0,0,0,0,0,0,0,0,0,0,0,0,95,1,0.09,1.0,0.88,0.0,0.01,1.0,0.0,255,1,0.0,0.21,0.0,0.0,0.07,1.0,0.85,0.0,satan,20,Probe
72,0,icmp,ecr_i,SF,1480,0,0,1,0,0,0,0,0,0,0,0,0,0,0,0,0,0,1,3,0.0,0.0,0.0,0.0,1.0,0.0,0.67,1,19,1.0,0.0,1.0,0.53,0.0,0.0,0.0,0.0,pod,16,DoS
73,0,tcp,http,S0,0,0,0,0,0,0,0,0,0,0,0,0,0,0,0,0,0,0,30,30,0.5,0.5,0.47,0.47,1.0,0.0,0.0,255,255,1.0,0.0,0.0,0.0,0.09,0.09,0.7,0.7,apache2,16,DoS
74,0,tcp,http,RSTR,54540,8314,0,0,0,2,0,1,1,0,0,0,0,0,0,0,0,0,3,10,0.0,0.0,0.33,0.1,1.0,0.0,0.3,255,255,1.0,0.0,0.0,0.0,0.01,0.01,0.05,0.05,back,12,DoS
76,0,udp,private,SF,51,0,0,0,0,0,0,0,0,0,0,0,0,0,0,0,0,0,5,5,0.0,0.0,0.0,0.0,1.0,0.0,0.0,255,255,1.0,0.0,0.01,0.0,0.0,0.0,0.0,0.0,snmpguess,14,R2L
77,0,tcp,ftp_data,SF,3346,0,0,0,0,0,0,0,0,0,0,0,0,0,0,0,0,0,1,1,0.0,0.0,0.0,0.0,1.0,0.0,0.0,255,49,0.19,0.03,0.19,0.0,0.32,0.0,0.02,0.0,rootkit,7,U2R
78,0,udp,private,SF,105,146,0,0,0,0,0,0,0,0,0,0,0,0,0,0,0,0,1,1,0.0,0.0,0.0,0.0,1.0,0.0,0.0,255,249,0.98,0.01,0.01,0.0,0.0,0.0,0.0,0.0,snmpgetattack,0,R2L
79,1,tcp,smtp,SF,2599,293,0,0,0,0,0,1,0,0,0,0,0,0,0,0,0,0,2,2,0.0,0.0,0.0,0.0,1.0,0.0,0.0,255,82,0.32,0.14,0.0,0.0,0.0,0.0,0.66,0.0,mailbomb,11,DoS
80,3,tcp,ftp,SF,12,95,0,0,0,0,0,0,0,0,0,0,0,0,0,0,0,1,1,1,0.0,0.0,0.0,0.0,1.0,0.0,0.0,255,3,0.01,0.02,0.0,0.0,0.0,0.0,0.0,0.33,multihop,8,R2L
88,0,tcp,private,REJ,0,0,0,0,0,0,0,0,0,0,0,0,0,0,0,0,0,0,2,1,0.0,0.0,1.0,1.0,0.5,1.0,0.0,255,1,0.0,0.56,0.35,0.0,0.0,0.0,0.35,1.0,portsweep,18,Probe
89,0,tcp,private,SH,0,0,0,0,0,0,0,0,0,0,0,0,0,0,0,0,0,0,1,1,1.0,1.0,0.0,0.0,1.0,0.0,0.0,196,1,0.01,1.0,0.99,0.0,0.99,1.0,0.0,0.0,nmap,18,Probe
90,0,tcp,http,SF,54540,8314,0,0,0,2,0,1,1,0,0,0,0,0,0,0,0,0,5,5,0.0,0.0,0.0,0.0,1.0,0.0,0.0,255,242,0.95,0.01,0.0,0.0,0.0,0.0,0.06,0.06,back,12,DoS
92,0,udp,private,SF,105,147,0,0,0,0,0,0,0,0,0,0,0,0,0,0,0,0,1,1,0.0,0.0,0.0,0.0,1.0,0.0,0.0,77,76,0.99,0.03,0.01,0.0,0.0,0.0,0.0,0.0,snmpgetattack,1,R2L
93,281,tcp,ftp,SF,160,599,0,0,0,2,0,1,0,0,0,0,0,0,0,0,0,1,1,1,0.0,0.0,0.0,0.0,1.0,0.0,0.0,255,2,0.01,0.02,0.0,0.0,0.97,0.0,0.0,0.0,warezmaster,15,R2L
95,0,tcp,http,S0,0,0,0,0,0,0,0,0,0,0,0,0,0,0,0,0,0,0,36,36,0.28,0.28,0.72,0.72,1.0,0.0,0.0,255,255,1.0,0.0,0.0,0.0,0.05,0.05,0.68,0.68,apache2,18,DoS
96,0,tcp,telnet,RSTO,0,15,0,0,0,0,0,0,0,0,0,0,0,0,0,0,0,0,1,3,0.0,0.0,1.0,0.67,1.0,0.0,0.67,158,85,0.33,0.03,0.01,0.02,0.0,0.0,0.89,0.68,mscan,13,Probe
97,4,tcp,pop_3,SF,31,93,0,0,0,0,0,1,0,0,0,0,0,0,0,0,0,0,1,1,0.0,0.0,0.0,0.0,1.0,0.0,0.0,71,68,0.94,0.03,0.01,0.03,0.0,0.0,0.0,0.0,guess_passwd,6,R2L
98,0,icmp,eco_i,SF,18,0,0,0,0,0,0,0,0,0,0,0,0,0,0,0,0,0,1,1,0.0,0.0,0.0,0.0,1.0,0.0,0.0,1,39,1.0,0.0,1.0,1.0,0.0,0.0,0.0,0.0,ipsweep,18,Probe
99,12112,tcp,telnet,SF,99,1483,0,0,0,0,0,1,0,0,0,0,0,0,0,0,0,0,1,1,0.0,0.0,0.0,0.0,1.0,0.0,0.0,255,162,0.64,0.02,0.0,0.0,0.57,0.9,0.02,0.01,normal,5,normal
100,0,tcp,private,SH,0,0,0,0,0,0,0,0,0,0,0,0,0,0,0,0,0,0,1,1,1.0,1.0,0.0,0.0,1.0,0.0,0.0,68,1,0.01,1.0,1.0,0.0,1.0,1.0,0.0,0.0,nmap,18,Probe
102,0,tcp,ftp_data,SF,245,0,0,0,0,0,0,0,0,0,0,0,0,0,0,0,0,0,2,2,0.0,0.0,0.0,0.0,1.0,0.0,0.0,158,8,0.05,0.06,0.05,0.0,0.0,0.0,0.01,0.0,normal,20,normal
105,0,icmp,ecr_i,SF,1032,0,0,0,0,0,0,0,0,0,0,0,0,0,0,0,0,0,203,203,0.0,0.0,0.0,0.0,1.0,0.0,0.0,255,255,1.0,0.0,1.0,0.0,0.0,0.0,0.0,0.0,smurf,19,DoS
107,0,tcp,private,SH,0,0,0,0,0,0,0,0,0,0,0,0,0,0,0,0,0,0,1,1,1.0,1.0,0.0,0.0,1.0,0.0,0.0,197,1,0.01,1.0,1.0,0.0,1.0,1.0,0.0,0.0,nmap,18,Probe
110,0,tcp,ftp_data,SF,5470,0,0,0,0,0,0,0,0,0,0,0,0,0,0,0,0,0,1,1,0.0,0.0,0.0,0.0,1.0,0.0,0.0,10,13,0.1,0.3,0.1,0.23,0.0,0.0,0.2,0.0,named,0,R2L
111,0,tcp,other,REJ,0,0,0,0,0,0,0,0,0,0,0,0,0,0,0,0,0,0,1,1,0.0,0.0,1.0,1.0,1.0,0.0,0.0,83,6,0.07,0.04,0.01,0.0,0.0,0.0,0.07,1.0,httptunnel,12,U2R
112,0,tcp,telnet,REJ,0,0,0,0,0,0,0,0,0,0,0,0,0,0,0,0,0,0,1,24,0.0,0.12,1.0,0.38,1.0,0.0,0.67,255,19,0.07,0.03,0.0,0.0,0.0,0.0,0.18,0.79,mscan,15,Probe
113,0,icmp,ecr_i,SF,1480,0,0,1,0,0,0,0,0,0,0,0,0,0,0,0,0,0,1,3,0.0,0.0,0.0,0.0,1.0,0.0,0.67,1,5,1.0,0.0,1.0,0.6,0.0,0.0,0.0,0.0,pod,16,DoS
115,75,tcp,telnet,SF,277,1087,0,0,0,2,0,1,1,1,0,0,4,2,0,0,0,0,1,1,0.0,0.0,0.0,0.0,1.0,0.0,0.0,137,101,0.74,0.04,0.01,0.0,0.73,0.99,0.0,0.0,loadmodule,9,U2R
117,0,udp,private,SF,105,146,0,0,0,0,0,0,0,0,0,0,0,0,0,0,0,0,1,1,0.0,0.0,0.0,0.0,1.0,0.0,0.0,164,163,0.99,0.01,0.01,0.0,0.0,0.0,0.0,0.0,snmpgetattack,2,R2L
118,0,tcp,daytime,RSTO,0,0,0,0,0,0,0,0,0,0,0,0,0,0,0,0,0,0,245,3,0.0,0.0,1.0,1.0,0.01,0.06,0.0,255,3,0.01,0.07,0.0,0.0,0.0,0.0,1.0,1.0,neptune,19,DoS
119,0,udp,private,SF,43,0,0,0,0,0,0,0,0,0,0,0,0,0,0,0,0,0,3,3,0.0,0.0,0.0,0.0,1.0,0.0,0.0,255,255,1.0,0.0,0.02,0.0,0.0,0.0,0.0,0.0,snmpguess,16,R2L
121,0,icmp,eco_i,SF,18,0,0,0,0,0,0,0,0,0,0,0,0,0,0,0,0,0,1,1,0.0,0.0,0.0,0.0,1.0,0.0,0.0,1,20,1.0,0.0,1.0,1.0,0.0,0.0,0.0,0.0,ipsweep,18,Probe
123,0,tcp,telnet,S3,0,44,0,0,0,0,0,0,0,0,0,0,0,0,0,0,0,0,1,1,1.0,1.0,0.0,0.0,1.0,0.0,0.0,255,123,0.48,0.02,0.0,0.0,0.53,0.4,0.01,0.01,processtable,18,DoS
125,0,udp,private,SF,1,1,0,0,0,0,0,0,0,0,0,0,0,0,0,0,0,0,145,1,0.0,0.0,0.0,0.0,0.01,0.98,0.0,255,1,0.0,0.93,1.0,0.0,0.0,0.0,0.0,0.0,satan,18,Probe
127,282,tcp,ftp,SF,156,591,0,0,0,2,0,1,0,0,0,0,0,0,0,0,0,1,1,1,0.0,0.0,0.0,0.0,1.0,0.0,0.0,236,79,0.33,0.03,0.0,0.0,0.0,0.0,0.0,0.0,warezmaster,13,R2L
129,0,icmp,ecr_i,SF,1032,0,0,0,0,0,0,0,0,0,0,0,0,0,0,0,0,0,496,496,0.0,0.0,0.0,0.0,1.0,0.0,0.0,255,255,1.0,0.0,1.0,0.0,0.0,0.0,0.0,0.0,smurf,19,DoS
130,0,tcp,ftp_data,SF,7935,0,0,0,0,0,0,0,0,0,0,0,0,0,0,0,0,0,1,1,0.0,0.0,0.0,0.0,1.0,0.0,0.0,11,14,0.18,0.27,0.18,0.21,0.0,0.0,0.18,0.0,named,1,R2L
131,0,udp,domain_u,SF,44,74,0,0,0,0,0,0,0,0,0,0,0,0,0,0,0,0,363,363,0.0,0.0,0.0,0.0,1.0,0.0,0.0,255,254,1.0,0.01,0.0,0.0,0.0,0.0,0.0,0.0,normal,18,normal
134,792,tcp,http,RSTR,58624,0,0,0,0,0,0,1,0,0,0,0,0,0,0,0,0,0,24,24,0.0,0.0,1.0,1.0,1.0,0.0,0.0,255,254,1.0,0.01,0.0,0.0,0.01,0.01,0.58,0.58,apache2,14,DoS
136,0,udp,private,SF,28,0,0,3,0,0,0,0,0,0,0,0,0,0,0,0,0,0,10,10,0.0,0.0,0.0,0.0,1.0,0.0,0.0,35,10,0.29,0.11,0.29,0.0,0.0,0.0,0.0,0.0,teardrop,11,DoS
138,0,tcp,ftp_data,SF,3346,0,0,0,0,0,0,0,0,0,0,0,0,0,0,0,0,0,1,1,0.0,0.0,0.0,0.0,1.0,0.0,0.0,255,44,0.17,0.03,0.17,0.0,0.45,0.0,0.02,0.0,ps,7,U2R
139,9,tcp,telnet,SF,4209,7919,0,0,0,0,0,1,0,0,0,0,0,0,0,0,0,0,1,1,0.0,0.0,0.0,0.0,1.0,0.0,0.0,113,2,0.02,0.04,0.01,0.0,0.0,0.0,0.0,0.0,worm,0,R2L
140,0,tcp,ftp_data,SF,12,0,0,0,0,0,0,0,0,0,0,0,0,0,0,0,0,0,2,3,0.0,0.0,0.0,0.0,1.0,0.0,0.67,2,2,1.0,0.0,1.0,0.0,0.0,0.0,0.0,0.0,warezmaster,15,R2L
142,0,icmp,eco_i,SF,18,0,0,0,0,0,0,0,0,0,0,0,0,0,0,0,0,0,1,1,0.0,0.0,0.0,0.0,1.0,0.0,0.0,1,79,1.0,0.0,1.0,1.0,0.0,0.0,0.0,0.0,ipsweep,18,Probe
143,0,tcp,other,REJ,0,0,0,0,0,0,0,0,0,0,0,0,0,0,0,0,0,0,1,1,0.0,0.0,1.0,1.0,1.0,0.0,0.0,255,30,0.12,0.02,0.0,0.0,0.0,0.0,0.1,0.73,httptunnel,16,U2R
146,0,tcp,other,REJ,0,0,0,0,0,0,0,0,0,0,0,0,0,0,0,0,0,0,1,1,0.0,0.0,1.0,1.0,1.0,0.0,0.0,80,4,0.05,0.04,0.01,0.0,0.0,0.0,0.05,1.0,httptunnel,12,U2R
147,0,icmp,ecr_i,SF,1480,0,0,1,0,0,0,0,0,0,0,0,0,0,0,0,0,0,1,3,0.0,0.0,0.0,0.0,1.0,0.0,0.67,1,17,1.0,0.0,1.0,0.53,0.0,0.0,0.0,0.0,pod,16,DoS
149,0,tcp,vmnet,REJ,0,0,0,0,0,0,0,0,0,0,0,0,0,0,0,0,0,0,230,5,0.0,0.0,1.0,1.0,0.02,0.07,0.0,255,5,0.02,0.08,0.0,0.0,0.0,0.0,1.0,1.0,neptune,20,DoS
150,2055,tcp,http,RSTR,72564,0,0,0,0,0,0,1,0,0,0,0,0,0,0,0,0,0,12,12,0.0,0.0,1.0,1.0,1.0,0.0,0.0,255,244,0.96,0.01,0.0,0.0,0.02,0.02,0.42,0.44,apache2,15,DoS
154,0,icmp,eco_i,SF,20,0,0,0,0,0,0,0,0,0,0,0,0,0,0,0,0,0,1,67,0.0,0.0,0.0,0.0,1.0,0.0,1.0,2,146,1.0,0.0,1.0,0.25,0.0,0.0,0.0,0.0,saint,15,Probe
157,1,tcp,smtp,SF,2599,293,0,0,0,0,0,1,0,0,0,0,0,0,0,0,0,0,2,2,0.0,0.0,0.0,0.0,1.0,0.0,0.0,255,182,0.71,0.13,0.0,0.0,0.0,0.0,0.27,0.0,mailbomb,11,DoS
158,0,tcp,http,RSTR,37960,7300,0,0,0,1,0,1,0,0,0,0,0,0,0,0,0,0,3,3,0.0,0.0,1.0,1.0,1.0,0.0,0.0,255,255,1.0,0.0,0.0,0.0,0.0,0.0,0.07,0.07,back,12,DoS
160,0,icmp,ecr_i,SF,508,0,0,0,0,0,0,0,0,0,0,0,0,0,0,0,0,0,511,511,0.0,0.0,0.0,0.0,1.0,0.0,0.0,255,182,0.71,0.02,0.71,0.0,0.0,0.0,0.26,0.0,smurf,18,DoS
161,0,icmp,ecr_i,SF,1008,0,0,0,0,0,0,0,0,0,0,0,0,0,0,0,0,0,213,213,0.0,0.0,0.0,0.0,1.0,0.0,0.0,255,255,1.0,0.0,1.0,0.0,0.0,0.0,0.0,0.0,smurf,18,DoS
164,0,tcp,other,REJ,0,0,0,0,0,0,0,0,0,0,0,0,0,0,0,0,0,0,1,1,0.0,0.0,1.0,1.0,1.0,0.0,0.0,76,1,0.01,0.04,0.01,0.0,0.0,0.0,0.01,1.0,httptunnel,12,U2R
165,0,tcp,telnet,S3,0,44,0,0,0,0,0,0,0,0,0,0,0,0,0,0,0,0,1,1,1.0,1.0,0.0,0.0,1.0,0.0,0.0,255,144,0.56,0.4,0.0,0.0,0.45,0.81,0.39,0.01,processtable,18,DoS
166,0,udp,private,SF,105,147,0,0,0,0,0,0,0,0,0,0,0,0,0,0,0,0,3,2,0.0,0.0,0.0,0.0,0.67,0.67,0.0,255,252,0.99,0.01,0.0,0.0,0.0,0.0,0.0,0.0,snmpgetattack,0,R2L
167,0,udp,private,SF,105,105,0,0,0,0,0,0,0,0,0,0,0,0,0,0,0,0,1,1,0.0,0.0,0.0,0.0,1.0,0.0,0.0,255,252,0.99,0.01,0.0,0.0,0.0,0.0,0.0,0.0,snmpgetattack,2,R2L
168,0,tcp,pop_3,REJ,0,0,0,0,0,0,0,0,0,0,0,0,0,0,0,0,0,0,1,23,0.0,0.04,1.0,0.65,1.0,0.0,1.0,229,2,0.01,0.03,0.0,0.0,0.0,0.0,0.02,1.0,mscan,13,Probe
169,4,tcp,pop_3,SF,26,93,0,0,0,0,0,1,0,0,0,0,0,0,0,0,0,0,1,1,0.0,0.0,0.0,0.0,1.0,0.0,0.0,102,87,0.84,0.03,0.01,0.02,0.0,0.0,0.1,0.0,guess_passwd,7,R2L
170,0,icmp,eco_i,SF,18,0,0,0,0,0,0,0,0,0,0,0,0,0,0,0,0,0,1,1,0.0,0.0,0.0,0.0,1.0,0.0,0.0,1,10,1.0,0.0,1.0,1.0,0.0,0.0,0.0,0.0,ipsweep,17,Probe
175,31,tcp,ftp,SF,189,541,0,0,0,3,0,1,0,0,0,0,0,0,0,0,1,0,1,1,0.0,0.0,0.0,0.0,1.0,0.0,0.0,1,1,1.0,0.0,1.0,0.0,0.0,0.0,0.0,0.0,rootkit,6,U2R
178,0,tcp,finger,S0,0,0,0,0,0,0,0,0,0,0,0,0,0,0,0,0,0,0,181,11,1.0,1.0,0.0,0.0,0.06,0.09,0.0,255,11,0.04,0.09,0.0,0.0,1.0,1.0,0.0,0.0,neptune,18,DoS
180,0,tcp,finger,S0,0,0,1,0,0,0,0,0,0,0,0,0,0,0,0,0,0,0,1,2,1.0,1.0,0.0,0.0,1.0,0.0,1.0,1,5,1.0,0.0,1.0,1.0,1.0,1.0,0.0,0.0,land,20,DoS
182,786,tcp,http,RSTR,88064,0,0,0,0,0,0,1,0,0,0,0,0,0,0,0,0,0,4,4,0.0,0.0,1.0,1.0,1.0,0.0,0.0,233,230,0.99,0.01,0.0,0.0,0.0,0.0,0.03,0.03,apache2,14,DoS
184,0,icmp,ecr_i,SF,1032,0,0,0,0,0,0,0,0,0,0,0,0,0,0,0,0,0,511,511,0.0,0.0,0.0,0.0,1.0,0.0,0.0,155,154,0.99,0.01,0.99,0.0,0.0,0.0,0.0,0.0,smurf,18,DoS
185,0,tcp,uucp,RSTO,0,0,0,0,0,0,0,0,0,0,0,0,0,0,0,0,0,0,120,16,0.0,0.0,1.0,1.0,0.13,0.08,0.0,255,16,0.06,0.06,0.0,0.0,0.0,0.0,1.0,1.0,neptune,19,DoS
187,0,icmp,ecr_i,SF,1480,0,0,1,0,0,0,0,0,0,0,0,0,0,0,0,0,0,1,3,0.0,0.0,0.0,0.0,1.0,0.0,0.67,7,21,0.14,0.57,0.14,0.52,0.0,0.0,0.29,0.0,pod,11,DoS
188,0,tcp,other,REJ,0,0,0,0,0,0,0,0,0,0,0,0,0,0,0,0,0,0,1,1,0.0,0.0,1.0,1.0,1.0,0.0,0.0,255,16,0.06,0.01,0.0,0.0,0.0,0.0,0.04,0.62,httptunnel,15,U2R
189,0,tcp,http,SF,54540,8314,0,0,0,2,0,1,1,0,0,0,0,0,0,0,0,0,4,20,0.0,0.0,0.0,0.0,1.0,0.0,0.15,255,254,1.0,0.01,0.0,0.0,0.0,0.0,0.03,0.03,back,13,DoS
190,0,tcp,other,REJ,0,0,0,0,0,0,0,0,0,0,0,0,0,0,0,0,0,0,1,1,0.0,0.0,1.0,1.0,1.0,0.0,0.0,255,45,0.18,0.02,0.0,0.0,0.0,0.0,0.16,0.82,httptunnel,15,U2R
191,283,tcp,ftp,SF,158,595,0,0,0,2,0,1,0,0,0,0,0,0,0,0,0,1,1,1,0.0,0.0,0.0,0.0,1.0,0.0,0.0,12,10,0.83,0.17,0.08,0.0,0.0,0.0,0.0,0.0,warezmaster,10,R2L
192,1,tcp,smtp,SF,2599,293,0,0,0,0,0,1,0,0,0,0,0,0,0,0,0,0,3,2,0.0,0.0,0.0,0.0,0.67,0.67,0.0,255,245,0.96,0.04,0.0,0.0,0.0,0.0,0.03,0.0,mailbomb,18,DoS
194,0,tcp,private,RSTR,0,0,0,0,0,0,0,0,0,0,0,0,0,0,0,0,0,0,1,1,0.0,0.0,1.0,1.0,1.0,0.0,0.0,255,1,0.0,0.66,0.64,0.0,0.0,0.0,0.9,1.0,portsweep,18,Probe
199,0,icmp,ecr_i,SF,1480,0,0,1,0,0,0,0,0,0,0,0,0,0,0,0,0,0,1,3,0.0,0.0,0.0,0.0,1.0,0.0,0.67,1,7,1.0,0.0,1.0,0.57,0.0,0.0,0.0,0.0,pod,16,DoS
200,0,tcp,private,REJ,0,0,0,0,0,0,0,0,0,0,0,0,0,0,0,0,0,0,135,8,0.0,0.0,1.0,1.0,0.06,0.06,0.0,134,8,0.06,0.06,0.01,0.0,0.0,0.0,1.0,1.0,neptune,18,DoS
201,0,tcp,private,REJ,0,0,0,0,0,0,0,0,0,0,0,0,0,0,0,0,0,0,1,1,0.0,0.0,1.0,1.0,1.0,0.0,0.0,255,1,0.0,1.0,0.99,0.0,0.01,0.0,0.98,1.0,portsweep,18,Probe
203,0,tcp,telnet,SF,0,0,0,0,0,0,0,0,0,0,0,0,0,0,0,0,0,0,4,9,0.0,0.22,0.75,0.67,0.5,0.75,0.89,255,127,0.5,0.01,0.0,0.0,0.0,0.0,0.66,0.32,mscan,11,Probe
205,0,tcp,klogin,S0,0,0,0,0,0,0,0,0,0,0,0,0,0,0,0,0,0,0,41,3,1.0,1.0,0.0,0.0,0.07,0.2,0.0,255,3,0.01,0.17,0.0,0.0,1.0,1.0,0.0,0.0,neptune,18,DoS
206,0,tcp,private,SH,0,0,0,0,0,0,0,0,0,0,0,0,0,0,0,0,0,0,1,1,1.0,1.0,0.0,0.0,1.0,0.0,0.0,181,1,0.01,0.99,0.99,0.0,0.99,1.0,0.0,0.0,nmap,18,Probe
209,0,icmp,eco_i,SF,20,0,0,0,0,0,0,0,0,0,0,0,0,0,0,0,0,0,1,60,0.0,0.0,0.0,0.0,1.0,0.0,1.0,1,197,1.0,0.0,1.0,0.25,0.0,0.0,0.0,0.0,saint,15,Probe
210,1,tcp,smtp,SF,2599,293,0,0,0,0,0,1,0,0,0,0,0,0,0,0,0,0,3,3,0.0,0.0,0.0,0.0,1.0,0.0,0.0,255,159,0.62,0.13,0.0,0.0,0.0,0.0,0.36,0.0,mailbomb,11,DoS
212,0,icmp,ecr_i,SF,1008,0,0,0,0,0,0,0,0,0,0,0,0,0,0,0,0,0,14,14,0.0,0.0,0.0,0.0,1.0,0.0,0.0,255,255,1.0,0.0,1.0,0.0,0.0,0.0,0.0,0.0,smurf,17,DoS
213,0,tcp,ftp_data,SF,116,0,0,0,0,0,0,0,0,0,0,0,0,0,0,0,0,0,1,1,0.0,0.0,0.0,0.0,1.0,0.0,0.0,255,52,0.2,0.03,0.2,0.0,0.2,0.0,0.02,0.0,rootkit,7,U2R
214,4,tcp,pop_3,SF,27,93,0,0,0,0,0,1,0,0,0,0,0,0,0,0,0,0,1,1,0.0,0.0,0.0,0.0,1.0,0.0,0.0,183,164,0.9,0.02,0.01,0.0,0.0,0.0,0.05,0.0,guess_passwd,11,R2L
216,0,tcp,other,REJ,0,0,0,0,0,0,0,0,0,0,0,0,0,0,0,0,0,0,1,1,0.0,0.0,1.0,1.0,1.0,0.0,0.0,255,42,0.16,0.02,0.0,0.0,0.0,0.0,0.15,0.81,httptunnel,15,U2R
218,0,tcp,private,SH,0,0,0,0,0,0,0,0,0,0,0,0,0,0,0,0,0,0,1,1,1.0,1.0,0.0,0.0,1.0,0.0,0.0,33,1,0.03,1.0,1.0,0.0,1.0,1.0,0.0,0.0,nmap,18,Probe
219,0,tcp,other,REJ,0,0,0,0,0,0,0,0,0,0,0,0,0,0,0,0,0,0,3,1,0.0,0.0,0.33,1.0,0.33,0.67,0.0,255,20,0.08,0.01,0.0,0.0,0.0,0.0,0.05,0.7,httptunnel,15,U2R
220,0,icmp,ecr_i,SF,1480,0,0,1,0,0,0,0,0,0,0,0,0,0,0,0,0,0,1,1,0.0,0.0,0.0,0.0,1.0,0.0,0.0,255,1,0.0,0.9,0.0,0.0,0.0,0.0,0.89,0.0,pod,15,DoS
222,26,tcp,login,SF,90,2999,0,0,1,0,0,1,0,0,0,0,0,0,0,0,0,0,1,1,0.0,0.0,0.0,0.0,1.0,0.0,0.0,255,1,0.0,0.03,0.0,0.0,0.51,0.0,0.02,0.0,ftp_write,10,R2L
223,0,tcp,private,SH,0,0,0,0,0,0,0,0,0,0,0,0,0,0,0,0,0,0,1,1,1.0,1.0,0.0,0.0,1.0,0.0,0.0,9,1,0.11,1.0,1.0,0.0,1.0,1.0,0.0,0.0,nmap,17,Probe
224,1,tcp,smtp,SF,2599,293,0,0,0,0,0,1,0,0,0,0,0,0,0,0,0,0,2,2,0.0,0.0,0.0,0.0,1.0,0.0,0.0,255,157,0.62,0.13,0.0,0.0,0.0,0.0,0.37,0.0,mailbomb,11,DoS
225,0,tcp,private,SH,0,0,0,0,0,0,0,0,0,0,0,0,0,0,0,0,0,0,1,1,1.0,1.0,0.0,0.0,1.0,0.0,0.0,151,1,0.01,1.0,1.0,0.0,1.0,1.0,0.0,0.0,nmap,19,Probe
226,0,icmp,tim_i,SF,564,0,0,0,0,0,0,0,0,0,0,0,0,0,0,0,0,0,1,1,0.0,0.0,0.0,0.0,1.0,0.0,0.0,1,1,1.0,0.0,1.0,0.0,0.0,0.0,0.0,0.0,pod,7,DoS
228,0,icmp,ecr_i,SF,1480,0,0,1,0,0,0,0,0,0,0,0,0,0,0,0,0,0,1,1,0.0,0.0,0.0,0.0,1.0,0.0,0.0,1,1,1.0,0.0,1.0,0.0,0.0,0.0,0.0,0.0,pod,12,DoS
230,5,tcp,pop_3,SF,30,93,0,0,0,0,0,1,0,0,0,0,0,0,0,0,0,0,1,1,0.0,0.0,0.0,0.0,1.0,0.0,0.0,255,253,0.99,0.01,0.0,0.0,0.0,0.0,0.0,0.0,guess_passwd,18,R2L
231,0,icmp,eco_i,SF,20,0,0,0,0,0,0,0,0,0,0,0,0,0,0,0,0,0,1,66,0.0,0.0,0.0,0.0,1.0,0.0,1.0,2,104,1.0,0.0,1.0,0.27,0.0,0.0,0.0,0.0,saint,15,Probe
232,0,icmp,eco_i,SF,18,0,0,0,0,0,0,0,0,0,0,0,0,0,0,0,0,0,1,1,0.0,0.0,0.0,0.0,1.0,0.0,0.0,1,90,1.0,0.0,1.0,1.0,0.0,0.0,0.0,0.0,ipsweep,16,Probe
235,1009,tcp,http,RSTR,49984,0,0,0,0,0,0,1,0,0,0,0,0,0,0,0,0,0,32,32,0.0,0.0,1.0,1.0,1.0,0.0,0.0,255,255,1.0,0.0,0.0,0.0,0.0,0.0,0.53,0.53,apache2,15,DoS
236,4,tcp,pop_3,SF,32,93,0,0,0,0,0,1,0,0,0,0,0,0,0,0,0,0,2,1,0.0,0.0,0.5,0.0,0.5,1.0,0.0,255,226,0.89,0.02,0.0,0.0,0.0,0.0,0.08,0.0,guess_passwd,16,R2L
238,0,icmp,ecr_i,SF,508,0,0,0,0,0,0,0,0,0,0,0,0,0,0,0,0,0,236,236,0.0,0.0,0.0,0.0,1.0,0.0,0.0,255,255,1.0,0.0,1.0,0.0,0.0,0.0,0.0,0.0,smurf,18,DoS
240,1,tcp,smtp,SF,2599,293,0,0,0,0,0,1,0,0,0,0,0,0,0,0,0,0,2,2,0.0,0.0,0.0,0.0,1.0,0.0,0.0,255,14,0.05,0.16,0.0,0.0,0.0,0.0,0.93,0.0,mailbomb,12,DoS
241,0,tcp,private,SH,0,0,0,0,0,0,0,0,0,0,0,0,0,0,0,0,0,0,1,1,1.0,1.0,0.0,0.0,1.0,0.0,0.0,192,1,0.01,0.99,0.99,0.0,0.99,1.0,0.0,0.0,nmap,18,Probe
243,1,tcp,smtp,SF,2599,293,0,0,0,0,0,1,0,0,0,0,0,0,0,0,0,0,4,3,0.0,0.0,0.25,0.0,0.75,0.5,0.0,255,28,0.11,0.16,0.0,0.0,0.0,0.0,0.87,0.0,mailbomb,13,DoS
244,7546,tcp,telnet,SF,0,44,0,0,0,0,0,0,0,0,0,0,0,0,0,0,0,0,1,1,0.0,0.0,0.0,0.0,1.0,0.0,0.0,255,171,0.67,0.31,0.0,0.0,0.5,0.74,0.3,0.01,processtable,18,DoS
245,0,tcp,smtp,SF,4474,631,0,0,0,0,0,1,0,0,0,1,0,0,1,0,0,0,1,1,0.0,0.0,0.0,0.0,1.0,0.0,0.0,255,6,0.02,0.02,0.0,0.0,0.0,0.0,0.0,0.0,sendmail,0,R2L
246,0,udp,private,SF,105,146,0,0,0,0,0,0,0,0,0,0,0,0,0,0,0,0,3,2,0.0,0.0,0.0,0.0,0.67,0.67,0.0,255,253,0.99,0.01,0.0,0.0,0.0,0.0,0.0,0.0,snmpgetattack,1,R2L
251,8160,tcp,telnet,SF,0,15,0,0,0,0,0,0,0,0,0,0,0,0,0,0,0,0,1,1,0.0,0.0,0.0,0.0,1.0,0.0,0.0,255,74,0.29,0.02,0.0,0.0,0.72,0.66,0.01,0.03,processtable,17,DoS
252,0,tcp,other,REJ,0,0,0,0,0,0,0,0,0,0,0,0,0,0,0,0,0,0,509,1,0.0,0.0,0.98,1.0,0.0,1.0,0.0,255,1,0.0,1.0,0.0,0.0,0.0,0.0,1.0,1.0,satan,20,Probe
255,0,icmp,eco_i,SF,18,0,0,0,0,0,0,0,0,0,0,0,0,0,0,0,0,0,1,1,0.0,0.0,0.0,0.0,1.0,0.0,0.0,1,223,1.0,0.0,1.0,1.0,0.0,0.0,0.0,0.0,ipsweep,15,Probe
256,1,tcp,smtp,SF,2599,293,0,0,0,0,0,1,0,0,0,0,0,0,0,0,0,0,3,3,0.0,0.0,0.0,0.0,1.0,0.0,0.0,255,10,0.04,0.16,0.0,0.0,0.0,0.0,0.94,0.0,mailbomb,12,DoS
257,0,icmp,ecr_i,SF,1480,0,0,1,0,0,0,0,0,0,0,0,0,0,0,0,0,0,1,3,0.0,0.0,0.0,0.0,1.0,0.0,0.67,1,29,1.0,0.0,1.0,0.52,0.0,0.0,0.0,0.0,pod,17,DoS
258,0,tcp,private,RSTR,0,0,0,0,0,0,0,0,0,0,0,0,0,0,0,0,0,0,1,1,0.0,0.0,1.0,1.0,1.0,0.0,0.0,255,1,0.0,0.93,0.92,0.0,0.0,0.0,0.91,1.0,portsweep,18,Probe
260,4,tcp,pop_3,SF,28,93,0,0,0,0,0,1,0,0,0,0,0,0,0,0,0,0,1,1,0.0,0.0,0.0,0.0,1.0,0.0,0.0,247,228,0.92,0.01,0.0,0.0,0.0,0.0,0.04,0.0,guess_passwd,13,R2L
262,0,udp,private,SF,49,0,0,0,0,0,0,0,0,0,0,0,0,0,0,0,0,0,3,3,0.0,0.0,0.0,0.0,1.0,0.0,0.0,255,253,0.99,0.01,0.01,0.0,0.0,0.0,0.0,0.0,snmpguess,14,R2L
263,0,tcp,other,REJ,0,0,0,0,0,0,0,0,0,0,0,0,0,0,0,0,0,0,511,1,0.14,0.0,0.86,1.0,0.0,1.0,0.0,255,1,0.0,0.94,0.0,0.0,0.12,0.0,0.88,1.0,satan,20,Probe
264,1,tcp,smtp,SF,2599,293,0,0,0,0,0,1,0,0,0,0,0,0,0,0,0,0,3,3,0.0,0.0,0.0,0.0,1.0,0.0,0.0,255,51,0.2,0.16,0.0,0.0,0.0,0.0,0.78,0.0,mailbomb,12,DoS
265,1,tcp,imap4,RSTO,0,44,0,0,0,0,0,0,0,0,0,0,0,0,0,0,0,0,3,1,0.0,0.0,1.0,1.0,0.33,1.0,0.0,236,58,0.23,0.02,0.0,0.03,0.0,0.0,0.85,0.98,mscan,16,Probe
267,31,tcp,telnet,SF,197,1608,0,0,0,1,0,1,1,0,0,1,2,1,0,0,0,0,1,1,0.0,0.0,0.0,0.0,1.0,0.0,0.0,248,32,0.13,0.03,0.0,0.0,0.0,0.0,0.0,0.0,ps,0,U2R
268,0,tcp,http,SF,54540,8314,0,0,0,2,0,1,1,0,0,0,0,0,0,0,0,0,4,4,0.0,0.0,0.0,0.0,1.0,0.0,0.0,255,253,0.99,0.01,0.0,0.0,0.0,0.0,0.07,0.07,back,16,DoS
269,0,tcp,name,REJ,0,0,0,0,0,0,0,0,0,0,0,0,0,0,0,0,0,0,281,19,0.0,0.0,1.0,1.0,0.07,0.06,0.0,255,19,0.07,0.07,0.0,0.0,0.0,0.0,1.0,1.0,neptune,20,DoS
271,0,tcp,telnet,RSTO,0,15,0,0,0,0,0,0,0,0,0,0,0,0,0,0,0,0,1,10,0.0,0.2,1.0,0.8,1.0,0.0,1.0,255,199,0.78,0.02,0.0,0.0,0.17,0.22,0.22,0.1,mscan,15,Probe
273,0,tcp,imap4,RSTO,0,44,0,0,0,0,0,0,0,0,0,0,0,0,0,0,0,0,2,3,0.0,0.0,0.5,1.0,0.5,1.0,1.0,100,59,0.27,0.05,0.01,0.03,0.05,0.0,0.87,1.0,mscan,13,Probe
275,1,tcp,smtp,SF,2599,293,0,0,0,0,0,1,0,0,0,0,0,0,0,0,0,0,2,2,0.0,0.0,0.0,0.0,1.0,0.0,0.0,255,194,0.76,0.13,0.0,0.0,0.0,0.0,0.23,0.0,mailbomb,11,DoS
276,0,tcp,private,SH,0,0,0,0,0,0,0,0,0,0,0,0,0,0,0,0,0,0,1,1,1.0,1.0,0.0,0.0,1.0,0.0,0.0,170,1,0.01,1.0,1.0,0.0,1.0,1.0,0.0,0.0,nmap,18,Probe
277,0,tcp,other,REJ,0,0,0,0,0,0,0,0,0,0,0,0,0,0,0,0,0,0,510,1,0.04,0.0,0.96,1.0,0.0,1.0,0.0,255,1,0.0,1.0,0.0,0.0,0.04,0.0,0.96,1.0,saint,20,Probe
278,1,tcp,smtp,SF,2599,293,0,0,0,0,0,1,0,0,0,0,0,0,0,0,0,0,3,3,0.0,0.0,0.0,0.0,1.0,0.0,0.0,255,15,0.06,0.16,0.0,0.0,0.0,0.0,0.92,0.0,mailbomb,12,DoS
280,0,tcp,pop_3,RSTO,0,36,0,0,0,0,0,1,0,0,0,0,0,0,0,0,0,0,3,4,0.0,0.0,1.0,0.75,0.33,1.0,1.0,79,59,0.25,0.06,0.01,0.03,0.01,0.0,0.9,0.98,mscan,15,Probe
281,0,icmp,eco_i,SF,18,0,0,0,0,0,0,0,0,0,0,0,0,0,0,0,0,0,1,1,0.0,0.0,0.0,0.0,1.0,0.0,0.0,1,255,1.0,0.0,1.0,1.0,0.0,0.0,0.0,0.0,ipsweep,18,Probe
283,0,tcp,private,RSTR,0,0,0,0,0,0,0,0,0,0,0,0,0,0,0,0,0,0,1,1,0.0,0.0,1.0,1.0,1.0,0.0,0.0,255,1,0.0,0.1,0.08,0.0,0.0,0.0,0.99,1.0,portsweep,20,Probe
285,0,udp,private,SF,105,0,0,0,0,0,0,0,0,0,0,0,0,0,0,0,0,0,2,2,0.0,0.0,0.0,0.0,1.0,0.0,0.0,255,254,1.0,0.01,0.0,0.0,0.0,0.0,0.0,0.0,snmpgetattack,2,R2L
289,0,udp,other,SF,1,1,0,0,0,0,0,0,0,0,0,0,0,0,0,0,0,0,480,1,0.0,0.0,0.0,0.0,0.0,1.0,0.0,255,1,0.0,1.0,1.0,0.0,0.0,0.0,0.0,0.0,satan,17,Probe
290,4,tcp,pop_3,SF,28,93,0,0,0,0,0,1,0,0,0,0,0,0,0,0,0,0,1,1,0.0,0.0,0.0,0.0,1.0,0.0,0.0,255,237,0.93,0.04,0.0,0.0,0.0,0.0,0.0,0.0,guess_passwd,17,R2L
292,0,tcp,http,SF,51,8371,0,0,0,2,0,1,0,1,0,0,0,0,1,0,0,0,1,1,0.0,0.0,0.0,0.0,1.0,0.0,0.0,255,227,0.89,0.02,0.0,0.0,0.0,0.0,0.0,0.0,phf,4,R2L
293,0,tcp,other,REJ,0,0,0,0,0,0,0,0,0,0,0,0,0,0,0,0,0,0,457,1,0.16,0.0,0.84,1.0,0.0,1.0,0.0,255,1,0.0,0.98,0.0,0.0,0.15,0.0,0.85,1.0,satan,18,Probe
295,0,icmp,ecr_i,SF,1032,0,0,0,0,0,0,0,0,0,0,0,0,0,0,0,0,0,62,62,0.0,0.0,0.0,0.0,1.0,0.0,0.0,255,255,1.0,0.0,1.0,0.0,0.0,0.0,0.0,0.0,smurf,19,DoS
297,0,tcp,http,SF,54540,8314,0,0,0,2,0,1,1,0,0,0,0,0,0,0,0,0,3,11,0.0,0.0,0.0,0.0,1.0,0.0,0.36,255,255,1.0,0.0,0.0,0.0,0.0,0.0,0.07,0.07,back,15,DoS
299,0,icmp,eco_i,SF,20,0,0,0,0,0,0,0,0,0,0,0,0,0,0,0,0,0,1,75,0.0,0.0,0.0,0.0,1.0,0.0,1.0,4,88,1.0,0.0,1.0,0.25,0.0,0.0,0.0,0.0,saint,15,Probe
302,282,tcp,ftp,SF,160,597,0,0,0,2,0,1,0,0,0,0,0,0,0,0,0,1,1,1,0.0,0.0,0.0,0.0,1.0,0.0,0.0,255,18,0.07,0.93,0.0,0.0,0.0,0.0,0.92,0.0,warezmaster,12,R2L
304,0,icmp,eco_i,SF,18,0,0,0,0,0,0,0,0,0,0,0,0,0,0,0,0,0,1,1,0.0,0.0,0.0,0.0,1.0,0.0,0.0,1,17,1.0,0.0,1.0,1.0,0.0,0.0,0.0,0.0,ipsweep,18,Probe
305,0,icmp,eco_i,SF,18,0,0,0,0,0,0,0,0,0,0,0,0,0,0,0,0,0,1,1,0.0,0.0,0.0,0.0,1.0,0.0,0.0,1,166,1.0,0.0,1.0,1.0,0.0,0.0,0.0,0.0,ipsweep,17,Probe
306,283,tcp,ftp,SF,159,595,0,0,0,2,0,1,0,0,0,0,0,0,0,0,0,1,1,1,0.0,0.0,0.0,0.0,1.0,0.0,0.0,255,84,0.33,0.03,0.0,0.0,0.02,0.0,0.02,0.0,warezmaster,13,R2L
307,1,tcp,smtp,SF,2599,293,0,0,0,0,0,1,0,0,0,0,0,0,0,0,0,0,3,3,0.0,0.0,0.0,0.0,1.0,0.0,0.0,255,71,0.28,0.14,0.0,0.0,0.0,0.0,0.71,0.0,mailbomb,12,DoS
309,2069,tcp,http,RSTR,101764,0,0,0,0,0,0,1,0,0,0,0,0,0,0,0,0,0,3,3,0.0,0.0,0.67,0.67,1.0,0.0,0.0,255,227,0.89,0.02,0.0,0.0,0.0,0.0,0.01,0.01,apache2,12,DoS
310,283,tcp,ftp,SF,156,593,0,0,0,2,0,1,0,0,0,0,0,0,0,0,0,1,1,1,0.0,0.0,0.0,0.0,1.0,0.0,0.0,255,17,0.07,0.94,0.0,0.0,0.0,0.0,0.93,0.0,warezmaster,12,R2L
312,0,udp,private,SF,52,0,0,0,0,0,0,0,0,0,0,0,0,0,0,0,0,0,5,5,0.0,0.0,0.0,0.0,1.0,0.0,0.0,255,255,1.0,0.0,0.0,0.0,0.0,0.0,0.0,0.0,snmpguess,13,R2L
313,0,tcp,daytime,RSTR,0,0,0,0,0,0,0,0,0,0,0,0,0,0,0,0,0,0,1,1,0.0,0.0,1.0,1.0,1.0,0.0,0.0,25,1,0.04,0.92,0.8,0.0,0.0,0.0,0.8,1.0,portsweep,15,Probe
315,0,udp,private,SF,1,1,0,0,0,0,0,0,0,0,0,0,0,0,0,0,0,0,51,1,0.0,0.0,0.0,0.0,0.02,0.86,0.0,255,1,0.0,0.53,0.99,0.0,0.0,0.0,0.0,0.0,satan,17,Probe
316,0,tcp,hostnames,REJ,0,0,0,0,0,0,0,0,0,0,0,0,0,0,0,0,0,0,292,12,0.0,0.0,1.0,1.0,0.04,0.06,0.0,255,12,0.05,0.07,0.0,0.0,0.0,0.0,1.0,1.0,neptune,19,DoS
318,1,tcp,smtp,SF,2599,293,0,0,0,0,0,1,0,0,0,0,0,0,0,0,0,0,3,3,0.0,0.0,0.0,0.0,1.0,0.0,0.0,255,237,0.93,0.07,0.0,0.0,0.0,0.0,0.06,0.0,mailbomb,14,DoS
320,0,tcp,ftp_data,SF,45,0,0,0,0,0,0,0,0,0,0,0,0,0,0,0,0,0,1,1,0.0,0.0,0.0,0.0,1.0,0.0,0.0,255,50,0.2,0.03,0.2,0.0,0.29,0.0,0.02,0.0,rootkit,7,U2R
321,280,tcp,ftp_data,SF,283618,0,0,0,0,0,0,0,0,0,0,0,0,0,0,0,0,0,1,1,0.0,0.0,0.0,0.0,1.0,0.0,0.0,10,17,0.9,0.2,0.9,0.12,0.0,0.0,0.0,0.0,warezmaster,6,R2L
325,73,tcp,telnet,SF,3741,25423,0,0,2,6,0,1,0,1,0,0,0,0,0,0,0,0,1,1,0.0,0.0,0.0,0.0,1.0,0.0,0.0,6,4,0.67,0.33,0.17,0.0,0.0,0.0,0.0,0.0,xterm,1,U2R
327,71,tcp,telnet,SF,2783,15242,0,0,0,10,0,1,2,1,0,0,0,0,0,0,0,0,1,1,0.0,0.0,0.0,0.0,1.0,0.0,0.0,255,1,0.0,0.01,0.0,0.0,0.0,0.0,0.0,0.0,buffer_overflow,1,U2R
329,1,tcp,telnet,RSTO,0,15,0,0,0,0,0,0,0,0,0,0,0,0,0,0,0,0,1,5,0.0,0.0,1.0,0.6,1.0,0.0,0.6,148,84,0.32,0.03,0.01,0.02,0.0,0.0,0.91,0.7,mscan,13,Probe
330,4,tcp,pop_3,SF,28,93,0,0,0,0,0,1,0,0,0,0,0,0,0,0,0,0,1,1,0.0,0.0,0.0,0.0,1.0,0.0,0.0,108,93,0.85,0.03,0.01,0.02,0.0,0.0,0.09,0.0,guess_passwd,7,R2L
331,0,icmp,eco_i,SF,20,0,0,0,0,0,0,0,0,0,0,0,0,0,0,0,0,0,1,42,0.0,0.0,0.0,0.0,1.0,0.0,1.0,1,42,1.0,0.0,1.0,0.29,0.0,0.0,0.0,0.0,saint,15,Probe
333,0,tcp,private,SH,0,0,0,0,0,0,0,0,0,0,0,0,0,0,0,0,0,0,1,1,1.0,1.0,0.0,0.0,1.0,0.0,0.0,165,1,0.01,1.0,1.0,0.0,1.0,1.0,0.0,0.0,nmap,18,Probe
334,0,tcp,telnet,S3,0,44,0,0,0,0,0,0,0,0,0,0,0,0,0,0,0,0,1,1,1.0,1.0,0.0,0.0,1.0,0.0,0.0,255,143,0.56,0.03,0.0,0.0,0.26,0.47,0.11,0.09,processtable,18,DoS
335,0,icmp,ecr_i,SF,1008,0,0,0,0,0,0,0,0,0,0,0,0,0,0,0,0,0,17,17,0.0,0.0,0.0,0.0,1.0,0.0,0.0,255,255,1.0,0.0,1.0,0.0,0.0,0.0,0.0,0.0,smurf,17,DoS
336,0,tcp,http,REJ,0,0,0,0,0,0,0,0,0,0,0,0,0,0,0,0,0,0,1,2,0.0,0.0,1.0,0.5,1.0,0.0,1.0,255,23,0.09,0.91,0.0,0.0,0.13,0.0,0.87,1.0,normal,14,normal
341,19,tcp,ftp,SF,127,649,0,0,0,1,0,1,0,0,0,0,0,0,0,0,1,0,1,1,0.0,0.0,0.0,0.0,1.0,0.0,0.0,3,1,0.33,0.67,0.33,0.0,0.0,0.0,0.0,0.0,xterm,5,U2R
342,0,tcp,ftp_data,SF,0,7,0,0,0,0,0,0,0,0,0,0,0,0,0,0,0,0,1,1,0.0,0.0,0.0,0.0,1.0,0.0,0.0,100,5,0.05,0.05,0.05,0.0,0.0,0.0,0.0,0.0,ftp_write,1,R2L
343,0,udp,private,SF,55,52,0,0,0,0,0,0,0,0,0,0,0,0,0,0,0,0,380,380,0.0,0.0,0.0,0.0,1.0,0.0,0.0,255,255,1.0,0.0,0.93,0.0,0.0,0.0,0.0,0.0,normal,17,normal
344,8052,tcp,telnet,S3,1,15,0,0,0,0,0,0,0,0,0,0,0,0,0,0,0,0,1,1,1.0,1.0,0.0,0.0,1.0,0.0,0.0,255,46,0.18,0.73,0.0,0.0,0.08,0.46,0.71,0.0,processtable,18,DoS
346,373,tcp,telnet,SF,2954,4768,0,0,0,0,0,1,3,0,0,1,6,0,1,0,0,0,1,1,0.0,0.0,0.0,0.0,1.0,0.0,0.0,255,13,0.05,0.72,0.0,0.0,0.0,0.0,0.69,0.08,buffer_overflow,1,U2R
347,314,tcp,telnet,SF,2602,3167,0,0,0,1,0,1,4,0,0,8,4,1,0,0,0,0,1,1,0.0,0.0,0.0,0.0,1.0,0.0,0.0,2,5,1.0,0.0,0.5,0.8,0.0,0.0,0.0,0.0,xterm,2,U2R
348,281,tcp,ftp,SF,164,599,0,0,0,2,0,1,0,0,0,0,0,0,0,0,0,1,1,1,0.0,0.0,0.0,0.0,1.0,0.0,0.0,255,94,0.37,0.03,0.0,0.0,0.0,0.0,0.0,0.0,warezmaster,13,R2L
349,0,tcp,other,REJ,0,0,0,0,0,0,0,0,0,0,0,0,0,0,0,0,0,0,3,1,0.0,0.0,0.33,1.0,0.33,0.67,0.0,255,22,0.09,0.01,0.0,0.0,0.0,0.0,0.06,0.73,httptunnel,16,U2R
350,0,tcp,vmnet,REJ,0,0,0,0,0,0,0,0,0,0,0,0,0,0,0,0,0,0,256,2,0.0,0.0,1.0,1.0,0.01,0.06,0.0,255,2,0.01,0.06,0.0,0.0,0.0,0.0,1.0,1.0,neptune,19,DoS
351,0,icmp,eco_i,SF,8,0,0,0,0,0,0,0,0,0,0,0,0,0,0,0,0,0,1,40,0.0,0.0,0.0,0.0,1.0,0.0,1.0,1,66,1.0,0.0,1.0,0.52,0.0,0.0,0.0,0.0,ipsweep,17,Probe
352,0,icmp,eco_i,SF,18,0,0,0,0,0,0,0,0,0,0,0,0,0,0,0,0,0,1,1,0.0,0.0,0.0,0.0,1.0,0.0,0.0,1,92,1.0,0.0,1.0,1.0,0.0,0.0,0.0,0.0,ipsweep,16,Probe
355,7593,tcp,telnet,S2,0,15,0,0,0,0,0,0,0,0,0,0,0,0,0,0,0,0,1,22,1.0,0.14,0.0,0.82,1.0,0.0,0.95,255,179,0.7,0.03,0.0,0.0,0.33,0.47,0.12,0.08,processtable,18,DoS
356,0,tcp,imap4,RSTO,0,44,0,0,0,0,0,0,0,0,0,0,0,0,0,0,0,0,2,2,0.0,0.0,1.0,1.0,0.5,1.0,1.0,117,59,0.25,0.04,0.01,0.03,0.02,0.02,0.86,0.97,mscan,14,Probe
357,2,tcp,telnet,SF,398,3881,0,0,1,1,0,1,0,1,0,4,3,1,1,0,0,0,1,1,0.0,0.0,0.0,0.0,1.0,0.0,0.0,255,22,0.09,0.02,0.0,0.0,0.0,0.0,0.0,0.0,sqlattack,1,U2R
359,0,icmp,eco_i,SF,64,0,0,0,0,0,0,0,0,0,0,0,0,0,0,0,0,0,3,3,0.0,0.0,0.0,0.0,1.0,0.0,0.0,255,3,0.01,0.01,0.01,0.0,0.0,0.0,0.0,0.0,normal,20,normal
360,293,tcp,telnet,SF,2773,41955,0,0,0,1,0,1,14,1,0,23,1,1,1,0,0,0,1,1,0.0,0.0,0.0,0.0,1.0,0.0,0.0,5,3,0.6,0.4,0.2,0.0,0.0,0.0,0.0,0.0,xterm,0,U2R
361,0,udp,private,SF,1,1,0,0,0,0,0,0,0,0,0,0,0,0,0,0,0,0,24,1,0.0,0.0,0.0,0.0,0.04,0.88,0.0,255,1,0.0,0.69,0.98,0.0,0.0,0.0,0.02,0.0,satan,17,Probe
362,0,tcp,private,RSTR,0,0,0,0,0,0,0,0,0,0,0,0,0,0,0,0,0,0,1,1,0.0,0.0,1.0,1.0,1.0,0.0,0.0,255,1,0.0,0.8,0.77,0.0,0.0,0.0,0.78,1.0,portsweep,18,Probe
363,15,tcp,ftp,SF,45,214,0,0,0,0,0,1,0,0,0,0,0,0,0,0,0,0,1,1,0.0,0.0,0.0,0.0,1.0,0.0,0.0,226,4,0.02,0.03,0.0,0.0,0.0,0.0,0.0,0.0,rootkit,4,U2R
364,0,tcp,private,SH,0,0,0,0,0,0,0,0,0,0,0,0,0,0,0,0,0,0,1,1,1.0,1.0,0.0,0.0,1.0,0.0,0.0,81,1,0.01,1.0,1.0,0.0,1.0,1.0,0.0,0.0,nmap,18,Probe
366,0,tcp,systat,S0,0,0,0,0,0,0,0,0,0,0,0,0,0,0,0,0,0,0,183,2,1.0,1.0,0.0,0.0,0.01,0.09,0.0,255,2,0.01,0.09,0.0,0.0,1.0,1.0,0.0,0.0,neptune,18,DoS
368,0,tcp,domain,SH,0,0,0,0,0,0,0,0,0,0,0,0,0,0,0,0,0,0,1,1,1.0,1.0,0.0,0.0,1.0,0.0,0.0,164,3,0.01,1.0,1.0,0.67,1.0,1.0,0.0,0.0,nmap,17,Probe
370,0,icmp,eco_i,SF,18,0,0,0,0,0,0,0,0,0,0,0,0,0,0,0,0,0,1,1,0.0,0.0,0.0,0.0,1.0,0.0,0.0,1,25,1.0,0.0,1.0,1.0,0.0,0.0,0.0,0.0,ipsweep,18,Probe
371,0,tcp,netstat,S0,0,0,0,0,0,0,0,0,0,0,0,0,0,0,0,0,0,0,212,17,1.0,1.0,0.0,0.0,0.08,0.08,0.0,255,17,0.07,0.08,0.0,0.0,1.0,1.0,0.0,0.0,neptune,20,DoS
372,0,tcp,other,S0,0,0,0,0,0,0,0,0,0,0,0,0,0,0,0,0,0,0,482,1,0.05,1.0,0.95,0.0,0.0,1.0,0.0,255,1,0.0,1.0,0.0,0.0,0.06,1.0,0.94,0.0,saint,20,Probe
373,285,tcp,ftp,SF,162,599,0,0,0,2,0,1,0,0,0,0,0,0,0,0,0,1,1,1,0.0,0.0,0.0,0.0,1.0,0.0,0.0,255,13,0.05,0.71,0.0,0.0,0.0,0.0,0.69,0.0,warezmaster,13,R2L
374,0,tcp,private,RSTR,0,0,0,0,0,0,0,0,0,0,0,0,0,0,0,0,0,0,1,1,0.0,0.0,1.0,1.0,1.0,0.0,0.0,255,1,0.0,0.08,0.06,0.0,0.0,0.0,1.0,1.0,portsweep,20,Probe
378,0,tcp,other,REJ,0,0,0,0,0,0,0,0,0,0,0,0,0,0,0,0,0,0,445,1,0.04,0.0,0.96,1.0,0.0,1.0,0.0,255,1,0.0,1.0,0.0,0.0,0.04,0.0,0.96,1.0,saint,18,Probe
381,0,udp,private,SF,105,147,0,0,0,0,0,0,0,0,0,0,0,0,0,0,0,0,1,1,0.0,0.0,0.0,0.0,1.0,0.0,0.0,30,30,1.0,0.0,0.03,0.0,0.0,0.0,0.0,0.0,snmpgetattack,0,R2L
382,0,icmp,ecr_i,SF,1480,0,0,1,0,0,0,0,0,0,0,0,0,0,0,0,0,0,1,3,0.0,0.0,0.0,0.0,1.0,0.0,0.67,1,39,1.0,0.0,1.0,0.51,0.0,0.0,0.0,0.0,pod,15,DoS
383,0,udp,private,SF,1,0,0,0,0,0,0,0,0,0,0,0,0,0,0,0,0,0,72,1,0.0,0.0,0.0,0.0,0.01,0.76,0.0,255,1,0.0,0.51,0.98,0.0,0.0,0.0,0.02,0.0,satan,14,Probe
384,0,udp,private,SF,48,0,0,0,0,0,0,0,0,0,0,0,0,0,0,0,0,0,3,3,0.0,0.0,0.0,0.0,1.0,0.0,0.0,255,255,1.0,0.0,0.01,0.0,0.0,0.0,0.0,0.0,snmpguess,17,R2L
385,0,tcp,ftp_data,SF,2209,0,0,0,0,0,0,0,0,0,0,0,0,0,0,0,0,0,1,1,0.0,0.0,0.0,0.0,1.0,0.0,0.0,2,1,0.5,1.0,0.5,0.0,0.0,0.0,0.0,0.0,xterm,0,U2R
387,0,tcp,http,S0,0,0,0,0,0,0,0,0,0,0,0,0,0,0,0,0,0,0,105,105,1.0,1.0,0.0,0.0,1.0,0.0,0.0,255,255,1.0,0.0,0.0,0.0,0.63,0.63,0.34,0.34,apache2,18,DoS
389,0,icmp,ecr_i,SF,1480,0,0,1,0,0,0,0,0,0,0,0,0,0,0,0,0,0,1,1,0.0,0.0,0.0,0.0,1.0,0.0,0.0,1,25,1.0,0.0,1.0,0.52,0.0,0.0,0.0,0.0,pod,17,DoS
394,1,tcp,smtp,SF,2599,293,0,0,0,0,0,1,0,0,0,0,0,0,0,0,0,0,2,2,0.0,0.0,0.0,0.0,1.0,0.0,0.0,255,22,0.09,0.16,0.0,0.0,0.0,0.0,0.89,0.0,mailbomb,12,DoS
397,0,icmp,eco_i,SF,18,0,0,0,0,0,0,0,0,0,0,0,0,0,0,0,0,0,1,1,0.0,0.0,0.0,0.0,1.0,0.0,0.0,1,82,1.0,0.0,1.0,1.0,0.0,0.0,0.0,0.0,ipsweep,18,Probe
398,0,icmp,ecr_i,SF,1032,0,0,0,0,0,0,0,0,0,0,0,0,0,0,0,0,0,215,215,0.0,0.0,0.0,0.0,1.0,0.0,0.0,255,255,1.0,0.0,1.0,0.0,0.0,0.0,0.0,0.0,smurf,18,DoS
400,7462,tcp,telnet,SF,0,44,0,0,0,0,0,0,0,0,0,0,0,0,0,0,0,0,1,1,0.0,0.0,0.0,0.0,1.0,0.0,0.0,255,192,0.75,0.24,0.0,0.0,0.5,0.66,0.23,0.01,processtable,18,DoS
405,7590,tcp,telnet,SF,0,44,0,0,0,0,0,0,0,0,0,0,0,0,0,0,0,0,1,1,0.0,0.0,0.0,0.0,1.0,0.0,0.0,255,176,0.69,0.02,0.0,0.0,0.45,0.43,0.01,0.01,processtable,18,DoS
408,0,tcp,other,REJ,0,0,0,0,0,0,0,0,0,0,0,0,0,0,0,0,0,0,449,1,0.14,0.0,0.86,1.0,0.0,1.0,0.0,255,1,0.0,0.96,0.0,0.0,0.14,0.0,0.86,1.0,satan,18,Probe
409,0,tcp,sunrpc,REJ,0,0,0,0,0,0,0,0,0,0,0,0,0,0,0,0,0,0,4,6,0.0,0.0,1.0,1.0,0.25,1.0,1.0,166,52,0.19,0.03,0.01,0.04,0.0,0.0,0.89,1.0,mscan,15,Probe
412,0,tcp,other,REJ,0,0,0,0,0,0,0,0,0,0,0,0,0,0,0,0,0,0,1,1,0.0,0.0,1.0,1.0,1.0,0.0,0.0,255,6,0.02,0.02,0.0,0.0,0.0,0.0,0.02,1.0,httptunnel,18,U2R
414,0,tcp,private,RSTR,0,0,0,0,0,0,0,0,0,0,0,0,0,0,0,0,0,0,1,1,0.0,0.0,1.0,1.0,1.0,0.0,0.0,255,1,0.0,0.81,0.78,0.0,0.0,0.0,0.8,1.0,portsweep,18,Probe
417,0,tcp,http,SF,54540,8314,0,0,0,2,0,1,1,0,0,0,0,0,0,0,0,0,4,19,0.0,0.0,0.0,0.0,1.0,0.0,0.21,255,255,1.0,0.0,0.0,0.0,0.01,0.01,0.05,0.05,back,11,DoS
418,8228,tcp,telnet,S3,1,15,0,0,0,0,0,0,0,0,0,0,0,0,0,0,0,0,1,1,1.0,1.0,0.0,0.0,1.0,0.0,0.0,255,62,0.24,0.02,0.0,0.0,0.78,0.84,0.01,0.03,processtable,18,DoS
420,0,tcp,pop_3,RSTO,0,36,0,0,0,0,0,1,0,0,0,0,0,0,0,0,0,0,3,7,0.0,0.0,1.0,0.86,0.33,1.0,1.0,124,59,0.24,0.04,0.01,0.03,0.0,0.0,0.9,1.0,mscan,15,Probe
421,0,tcp,other,REJ,0,0,0,0,0,0,0,0,0,0,0,0,0,0,0,0,0,0,1,1,0.0,0.0,1.0,1.0,1.0,0.0,0.0,255,6,0.02,0.01,0.0,0.0,0.0,0.0,0.02,1.0,httptunnel,18,U2R
422,895,tcp,http,RSTR,3904,0,0,0,0,0,0,1,0,0,0,0,0,0,0,0,0,0,27,27,0.19,0.19,0.81,0.81,1.0,0.0,0.0,255,255,1.0,0.0,0.0,0.0,0.02,0.02,0.62,0.62,apache2,14,DoS
423,0,tcp,private,SH,0,0,0,0,0,0,0,0,0,0,0,0,0,0,0,0,0,0,1,1,1.0,1.0,0.0,0.0,1.0,0.0,0.0,54,1,0.02,1.0,1.0,0.0,1.0,1.0,0.0,0.0,nmap,18,Probe
424,0,tcp,private,REJ,0,0,0,0,0,0,0,0,0,0,0,0,0,0,0,0,0,0,1,1,0.0,0.0,1.0,1.0,1.0,0.0,0.0,255,1,0.0,1.0,0.99,0.0,0.02,0.0,0.97,1.0,portsweep,18,Probe
425,0,icmp,ecr_i,SF,8,0,0,0,0,0,0,0,0,0,0,0,0,0,0,0,0,0,2,2,0.0,0.0,0.0,0.0,1.0,0.0,0.0,214,2,0.01,0.04,0.01,0.0,0.0,0.0,0.0,0.0,ipsweep,8,Probe
426,0,tcp,imap4,REJ,0,0,0,0,0,0,0,0,0,0,0,0,0,0,0,0,0,0,199,6,0.0,0.0,1.0,1.0,0.03,0.08,0.0,255,6,0.02,0.08,0.0,0.0,0.0,0.0,1.0,1.0,neptune,18,DoS
428,0,udp,private,SF,45,45,0,0,0,0,0,0,0,0,0,0,0,0,0,0,0,0,2,2,0.0,0.0,0.0,0.0,1.0,0.0,0.0,255,255,1.0,0.0,0.02,0.0,0.0,0.0,0.0,0.0,snmpguess,14,R2L
429,0,tcp,other,RSTR,0,0,0,0,0,0,0,0,0,0,0,0,0,0,0,0,0,0,3,1,0.0,0.0,0.33,1.0,0.33,0.67,0.0,255,1,0.0,0.04,0.03,0.0,0.0,0.0,0.03,1.0,portsweep,18,Probe
431,281,tcp,ftp_data,SF,283618,0,0,0,0,0,0,0,0,0,0,0,0,0,0,0,0,0,1,1,0.0,0.0,0.0,0.0,1.0,0.0,0.0,88,33,0.15,0.07,0.15,0.06,0.0,0.0,0.0,0.0,warezmaster,2,R2L
433,0,tcp,private,SH,0,0,0,0,0,0,0,0,0,0,0,0,0,0,0,0,0,0,1,1,1.0,1.0,0.0,0.0,1.0,0.0,0.0,127,1,0.01,1.0,1.0,0.0,1.0,1.0,0.0,0.0,nmap,19,Probe
434,0,tcp,private,REJ,0,0,0,0,0,0,0,0,0,0,0,0,0,0,0,0,0,0,2,1,0.0,0.0,1.0,1.0,0.5,1.0,0.0,255,1,0.0,1.0,0.99,0.0,0.01,0.0,0.98,1.0,portsweep,18,Probe
435,282,tcp,ftp,SF,160,595,0,0,0,2,0,1,0,0,0,0,0,0,0,0,0,1,1,1,0.0,0.0,0.0,0.0,1.0,0.0,0.0,151,52,0.34,0.04,0.01,0.0,0.0,0.0,0.0,0.0,warezmaster,11,R2L
437,0,udp,private,SF,49,0,0,0,0,0,0,0,0,0,0,0,0,0,0,0,0,0,374,374,0.0,0.0,0.0,0.0,1.0,0.0,0.0,255,255,1.0,0.0,0.01,0.0,0.0,0.0,0.0,0.0,snmpguess,12,R2L
439,0,icmp,eco_i,SF,18,0,0,0,0,0,0,0,0,0,0,0,0,0,0,0,0,0,1,1,0.0,0.0,0.0,0.0,1.0,0.0,0.0,1,80,1.0,0.0,1.0,1.0,0.0,0.0,0.0,0.0,ipsweep,18,Probe
440,0,tcp,other,SF,0,0,0,0,0,0,0,0,0,0,0,0,0,0,0,0,0,0,1,1,0.0,0.0,0.0,0.0,1.0,0.0,0.0,6,2,0.33,0.5,0.17,0.0,0.0,0.0,0.33,0.0,named,7,R2L
441,1,tcp,smtp,SF,2599,293,0,0,0,0,0,1,0,0,0,0,0,0,0,0,0,0,3,3,0.0,0.0,0.0,0.0,1.0,0.0,0.0,255,146,0.57,0.13,0.0,0.0,0.0,0.0,0.42,0.0,mailbomb,11,DoS
443,0,udp,private,SF,41,41,0,0,0,0,0,0,0,0,0,0,0,0,0,0,0,0,2,2,0.0,0.0,0.0,0.0,1.0,0.0,0.0,255,254,1.0,0.01,0.01,0.0,0.0,0.0,0.0,0.0,snmpguess,12,R2L
444,0,tcp,ftp_data,SF,12,0,0,0,0,0,0,0,0,0,0,0,0,0,0,0,0,0,1,1,0.0,0.0,0.0,0.0,1.0,0.0,0.0,5,15,1.0,0.0,1.0,0.13,0.0,0.0,0.0,0.0,warezmaster,14,R2L
445,0,tcp,http,S0,0,0,0,0,0,0,0,0,0,0,0,0,0,0,0,0,0,0,32,32,0.19,0.19,0.81,0.81,1.0,0.0,0.0,255,255,1.0,0.0,0.0,0.0,0.04,0.04,0.68,0.68,apache2,17,DoS
448,0,icmp,eco_i,SF,18,0,0,0,0,0,0,0,0,0,0,0,0,0,0,0,0,0,1,1,0.0,0.0,0.0,0.0,1.0,0.0,0.0,1,66,1.0,0.0,1.0,1.0,0.0,0.0,0.0,0.0,ipsweep,18,Probe
449,0,udp,private,SF,105,146,0,0,0,0,0,0,0,0,0,0,0,0,0,0,0,0,2,2,0.0,0.0,0.0,0.0,1.0,0.0,0.0,135,135,1.0,0.0,0.01,0.0,0.0,0.0,0.0,0.0,snmpgetattack,0,R2L
450,0,udp,private,SF,45,0,0,0,0,0,0,0,0,0,0,0,0,0,0,0,0,0,4,4,0.0,0.0,0.0,0.0,1.0,0.0,0.0,255,253,0.99,0.01,0.0,0.0,0.0,0.0,0.0,0.0,snmpguess,15,R2L
451,0,tcp,private,SH,0,0,0,0,0,0,0,0,0,0,0,0,0,0,0,0,0,0,1,1,1.0,1.0,0.0,0.0,1.0,0.0,0.0,4,1,0.25,1.0,1.0,0.0,1.0,1.0,0.0,0.0,nmap,17,Probe
452,7414,tcp,telnet,SF,0,44,0,0,0,0,0,0,0,0,0,0,0,0,0,0,0,0,1,1,0.0,0.0,0.0,0.0,1.0,0.0,0.0,255,211,0.83,0.02,0.0,0.0,0.28,0.33,0.01,0.01,processtable,15,DoS
454,0,tcp,other,REJ,0,0,0,0,0,0,0,0,0,0,0,0,0,0,0,0,0,0,2,1,0.0,0.0,0.5,1.0,0.5,1.0,0.0,255,16,0.06,0.02,0.0,0.0,0.0,0.0,0.06,1.0,httptunnel,18,U2R
455,0,udp,private,SF,105,147,0,0,0,0,0,0,0,0,0,0,0,0,0,0,0,0,3,3,0.0,0.0,0.0,0.0,1.0,0.0,0.0,255,254,1.0,0.01,0.0,0.0,0.0,0.0,0.0,0.0,snmpgetattack,1,R2L
457,282,tcp,ftp,SF,160,595,0,0,0,2,0,1,0,0,0,0,0,0,0,0,0,1,1,1,0.0,0.0,0.0,0.0,1.0,0.0,0.0,255,11,0.04,0.55,0.0,0.0,0.0,0.0,0.53,0.0,warezmaster,13,R2L
459,0,tcp,ftp_data,SF,139508,0,0,0,0,0,0,0,0,0,0,0,0,0,0,0,0,0,1,1,0.0,0.0,0.0,0.0,1.0,0.0,0.0,3,1,0.33,0.67,0.33,0.0,0.0,0.0,0.67,0.0,named,0,R2L
462,0,icmp,ecr_i,SF,1032,0,0,0,0,0,0,0,0,0,0,0,0,0,0,0,0,0,388,388,0.0,0.0,0.0,0.0,1.0,0.0,0.0,255,255,1.0,0.0,1.0,0.0,0.0,0.0,0.0,0.0,smurf,19,DoS
464,0,tcp,other,REJ,0,0,0,0,0,0,0,0,0,0,0,0,0,0,0,0,0,0,436,1,0.07,0.0,0.93,1.0,0.0,1.0,0.0,255,1,0.0,1.0,0.0,0.0,0.06,0.0,0.94,1.0,saint,18,Probe
465,1,tcp,smtp,SF,2599,261,0,0,0,0,0,1,0,0,0,0,0,0,0,0,0,0,2,2,0.0,0.0,0.0,0.0,1.0,0.0,0.0,255,247,0.97,0.04,0.0,0.0,0.0,0.0,0.03,0.0,mailbomb,16,DoS
469,0,icmp,eco_i,SF,8,0,0,0,0,0,0,0,0,0,0,0,0,0,0,0,0,0,1,35,0.0,0.0,0.0,0.0,1.0,0.0,1.0,1,52,1.0,0.0,1.0,0.52,0.0,0.0,0.0,0.0,ipsweep,18,Probe
470,896,tcp,http,RSTR,55744,0,0,0,0,0,0,1,0,0,0,0,0,0,0,0,0,0,31,31,0.16,0.16,0.84,0.84,1.0,0.0,0.0,255,255,1.0,0.0,0.0,0.0,0.03,0.03,0.68,0.68,apache2,17,DoS
471,1,tcp,smtp,SF,2599,261,0,0,0,0,0,1,0,0,0,0,0,0,0,0,0,0,2,2,0.0,0.0,0.0,0.0,1.0,0.0,0.0,255,246,0.96,0.04,0.0,0.0,0.0,0.0,0.04,0.0,mailbomb,16,DoS
472,0,udp,private,SF,105,146,0,0,0,0,0,0,0,0,0,0,0,0,0,0,0,0,2,2,0.0,0.0,0.0,0.0,1.0,0.0,0.0,255,252,0.99,0.01,0.0,0.0,0.0,0.0,0.0,0.0,snmpgetattack,5,R2L
474,0,icmp,eco_i,SF,8,0,0,0,0,0,0,0,0,0,0,0,0,0,0,0,0,0,1,6,0.0,0.0,0.0,0.0,1.0,0.0,1.0,2,52,1.0,0.0,1.0,0.5,0.0,0.0,0.0,0.0,ipsweep,15,Probe
475,0,tcp,http,SF,54540,8314,0,0,0,2,0,1,1,0,0,0,0,0,0,0,0,0,4,6,0.0,0.0,0.0,0.0,1.0,0.0,0.5,255,254,1.0,0.01,0.0,0.0,0.0,0.0,0.07,0.07,back,16,DoS
479,0,tcp,other,REJ,0,0,0,0,0,0,0,0,0,0,0,0,0,0,0,0,0,0,1,1,0.0,0.0,1.0,1.0,1.0,0.0,0.0,255,44,0.17,0.02,0.0,0.0,0.0,0.0,0.15,0.82,httptunnel,15,U2R
480,198,tcp,telnet,SF,2442,10661,0,0,0,2,0,1,6,1,0,4,0,0,0,0,0,0,1,1,0.0,0.0,0.0,0.0,1.0,0.0,0.0,255,1,0.0,0.37,0.0,0.0,0.0,0.0,0.0,0.0,buffer_overflow,1,U2R
481,0,udp,domain_u,SF,42,42,0,0,0,0,0,0,0,0,0,0,0,0,0,0,0,0,98,162,0.0,0.0,0.0,0.0,1.0,0.0,0.01,255,227,0.89,0.01,0.01,0.0,0.0,0.0,0.0,0.0,normal,18,normal
482,0,tcp,http,REJ,0,0,0,0,0,0,0,0,0,0,0,0,0,0,0,0,0,0,219,20,0.0,0.0,1.0,1.0,0.09,0.06,0.0,255,20,0.08,0.07,0.0,0.0,0.0,0.0,1.0,1.0,neptune,17,DoS
484,0,tcp,http,SF,54540,8314,0,0,0,2,0,1,1,0,0,0,0,0,0,0,0,0,3,3,0.0,0.0,0.0,0.0,1.0,0.0,0.0,255,255,1.0,0.0,0.0,0.0,0.0,0.0,0.07,0.07,back,16,DoS
488,0,tcp,private,SH,0,0,0,0,0,0,0,0,0,0,0,0,0,0,0,0,0,0,1,1,1.0,1.0,0.0,0.0,1.0,0.0,0.0,48,1,0.02,1.0,1.0,0.0,1.0,1.0,0.0,0.0,nmap,19,Probe
489,0,tcp,imap4,S0,0,0,0,0,0,0,0,0,0,0,0,0,0,0,0,0,0,0,1,1,1.0,1.0,0.0,0.0,1.0,0.0,0.0,39,85,0.33,0.08,0.03,0.04,1.0,1.0,0.0,0.0,mscan,17,Probe
490,0,tcp,private,SH,0,0,0,0,0,0,0,0,0,0,0,0,0,0,0,0,0,0,1,1,1.0,1.0,0.0,0.0,1.0,0.0,0.0,120,1,0.01,0.99,0.98,0.0,0.98,1.0,0.0,0.0,nmap,18,Probe
493,0,tcp,ftp_data,SF,738,0,0,0,0,0,0,0,0,0,0,0,0,0,0,0,0,0,2,2,0.0,0.0,0.0,0.0,1.0,0.0,0.0,172,56,0.29,0.03,0.28,0.04,0.0,0.0,0.01,0.0,normal,20,normal
494,0,udp,domain_u,SF,44,44,0,0,0,0,0,0,0,0,0,0,0,0,0,0,0,0,133,206,0.0,0.0,0.0,0.0,0.99,0.02,0.01,255,254,1.0,0.01,0.01,0.0,0.0,0.0,0.0,0.0,normal,18,normal
495,0,tcp,csnet_ns,REJ,0,0,0,0,0,0,0,0,0,0,0,0,0,0,0,0,0,0,282,11,0.0,0.0,1.0,1.0,0.04,0.06,0.0,255,11,0.04,0.06,0.0,0.0,0.0,0.0,1.0,1.0,neptune,20,DoS
496,0,tcp,other,S0,0,0,0,0,0,0,0,0,0,0,0,0,0,0,0,0,0,0,494,1,0.06,1.0,0.94,0.0,0.0,1.0,0.0,255,1,0.0,1.0,0.0,0.0,0.11,1.0,0.89,0.0,satan,20,Probe
498,0,tcp,nnsp,SH,0,0,0,0,0,0,0,0,0,0,0,0,0,0,0,0,0,0,1,1,1.0,1.0,0.0,0.0,1.0,0.0,0.0,117,1,0.01,1.0,1.0,0.0,1.0,1.0,0.0,0.0,nmap,17,Probe
502,0,tcp,other,REJ,0,0,0,0,0,0,0,0,0,0,0,0,0,0,0,0,0,0,511,1,0.14,0.0,0.86,1.0,0.0,1.0,0.0,255,1,0.0,0.95,0.0,0.0,0.13,0.0,0.87,1.0,satan,20,Probe
503,0,udp,other,SF,173,173,0,0,0,0,0,0,0,0,0,0,0,0,0,0,0,0,17,17,0.0,0.0,0.0,0.0,1.0,0.0,0.0,19,17,0.89,0.11,0.89,0.0,0.0,0.0,0.0,0.0,multihop,0,R2L
504,0,tcp,private,SH,0,0,0,0,0,0,0,0,0,0,0,0,0,0,0,0,0,0,1,1,1.0,1.0,0.0,0.0,1.0,0.0,0.0,185,1,0.01,1.0,1.0,0.0,1.0,1.0,0.0,0.0,nmap,18,Probe
505,7416,tcp,telnet,SF,0,44,0,0,0,0,0,0,0,0,0,0,0,0,0,0,0,0,1,1,0.0,0.0,0.0,0.0,1.0,0.0,0.0,255,220,0.86,0.03,0.0,0.0,0.33,0.39,0.12,0.06,processtable,18,DoS
508,0,udp,private,SF,1,0,0,0,0,0,0,0,0,0,0,0,0,0,0,0,0,0,120,29,0.0,0.0,0.0,0.0,0.24,0.59,0.0,255,30,0.12,0.79,1.0,0.0,0.0,0.0,0.0,0.0,normal,7,normal
511,0,tcp,other,S0,0,0,0,0,0,0,0,0,0,0,0,0,0,0,0,0,0,0,431,1,0.06,1.0,0.94,0.0,0.0,1.0,0.0,255,1,0.0,1.0,0.0,0.0,0.05,1.0,0.95,0.0,saint,19,Probe
512,0,tcp,http,SF,54540,8314,0,0,0,2,0,1,1,0,0,0,0,0,0,0,0,0,5,5,0.0,0.0,0.0,0.0,1.0,0.0,0.0,255,254,1.0,0.01,0.0,0.0,0.0,0.0,0.05,0.05,back,16,DoS
514,5,tcp,pop_3,SF,30,93,0,0,0,0,0,1,0,0,0,0,0,0,0,0,0,0,1,1,0.0,0.0,0.0,0.0,1.0,0.0,0.0,255,254,1.0,0.01,0.0,0.0,0.0,0.0,0.0,0.0,guess_passwd,18,R2L
516,1,tcp,smtp,SF,2599,293,0,0,0,0,0,1,0,0,0,0,0,0,0,0,0,0,2,2,0.0,0.0,0.0,0.0,1.0,0.0,0.0,255,85,0.33,0.14,0.0,0.0,0.0,0.0,0.65,0.0,mailbomb,11,DoS
517,0,tcp,private,SH,0,0,0,0,0,0,0,0,0,0,0,0,0,0,0,0,0,0,1,1,1.0,1.0,0.0,0.0,1.0,0.0,0.0,67,1,0.01,1.0,1.0,0.0,1.0,1.0,0.0,0.0,nmap,18,Probe
519,0,tcp,telnet,SF,122,174,0,0,0,0,1,0,0,0,0,0,0,0,0,0,0,0,1,1,0.0,0.0,0.0,0.0,1.0,0.0,0.0,255,84,0.33,0.02,0.0,0.0,0.0,0.0,0.01,0.04,guess_passwd,11,R2L
521,171,tcp,telnet,SF,261,1829,0,0,0,1,0,1,0,1,0,3,0,0,0,0,1,0,1,1,0.0,0.0,0.0,0.0,1.0,0.0,0.0,255,19,0.07,0.03,0.0,0.0,0.0,0.0,0.0,0.0,xsnoop,1,R2L
524,0,udp,private,SF,105,146,0,0,0,0,0,0,0,0,0,0,0,0,0,0,0,0,3,2,0.0,0.0,0.0,0.0,0.67,0.67,0.0,255,252,0.99,0.01,0.0,0.0,0.0,0.0,0.0,0.0,snmpgetattack,1,R2L
527,35,tcp,ftp,SF,145,501,0,0,0,2,0,1,0,0,0,0,0,0,0,0,0,1,1,1,0.0,0.0,0.0,0.0,1.0,0.0,0.0,96,27,0.28,0.05,0.01,0.0,0.0,0.0,0.0,0.0,normal,15,normal
529,0,tcp,private,SH,0,0,0,0,0,0,0,0,0,0,0,0,0,0,0,0,0,0,1,1,1.0,1.0,0.0,0.0,1.0,0.0,0.0,194,1,0.01,1.0,1.0,0.0,1.0,1.0,0.0,0.0,nmap,18,Probe
530,4,tcp,pop_3,SF,30,93,0,0,0,0,0,1,0,0,0,0,0,0,0,0,0,0,1,1,0.0,0.0,0.0,0.0,1.0,0.0,0.0,255,249,0.98,0.01,0.01,0.0,0.0,0.0,0.0,0.0,guess_passwd,18,R2L
532,0,tcp,http,RSTO,0,0,0,0,0,0,0,1,0,0,0,0,0,0,0,0,0,0,25,1,0.0,0.0,1.0,1.0,0.04,1.0,0.0,34,1,0.03,0.79,0.74,0.0,0.0,0.0,0.74,1.0,portsweep,9,Probe
534,0,tcp,other,S0,0,0,0,0,0,0,0,0,0,0,0,0,0,0,0,0,0,0,444,1,0.03,1.0,0.95,0.0,0.0,1.0,0.0,255,1,0.0,1.0,0.0,0.0,0.03,1.0,0.97,0.0,saint,19,Probe
535,0,tcp,ctf,REJ,0,0,0,0,0,0,0,0,0,0,0,0,0,0,0,0,0,0,243,14,0.0,0.0,1.0,1.0,0.06,0.07,0.0,255,14,0.05,0.07,0.0,0.0,0.0,0.0,1.0,1.0,neptune,20,DoS
536,0,tcp,domain,REJ,0,0,0,0,0,0,0,0,0,0,0,0,0,0,0,0,0,0,1,1,0.0,0.0,1.0,1.0,1.0,0.0,0.0,7,2,0.29,0.29,0.14,0.0,0.0,0.0,0.14,0.5,named,8,R2L
537,0,tcp,telnet,SF,127,174,0,0,0,0,1,0,0,0,0,0,0,0,0,0,0,0,1,1,0.0,0.0,0.0,0.0,1.0,0.0,0.0,255,251,0.98,0.01,0.0,0.0,0.0,0.0,0.02,0.02,guess_passwd,17,R2L
538,0,tcp,other,REJ,0,0,0,0,0,0,0,0,0,0,0,0,0,0,0,0,0,0,1,1,0.0,0.0,1.0,1.0,1.0,0.0,0.0,255,1,0.0,0.01,0.0,0.0,0.0,0.0,0.0,1.0,httptunnel,18,U2R
539,0,icmp,eco_i,SF,18,0,0,0,0,0,0,0,0,0,0,0,0,0,0,0,0,0,1,1,0.0,0.0,0.0,0.0,1.0,0.0,0.0,1,89,1.0,0.0,1.0,1.0,0.0,0.0,0.0,0.0,ipsweep,16,Probe
540,0,icmp,urp_i,SF,36,0,0,0,0,0,0,0,0,0,0,0,0,0,0,0,0,0,2,2,0.0,0.0,0.0,0.0,1.0,0.0,0.0,9,9,1.0,0.0,1.0,0.0,0.0,0.0,0.0,0.0,snmpguess,0,R2L
541,0,tcp,telnet,S3,0,44,0,0,0,0,0,0,0,0,0,0,0,0,0,0,0,0,1,1,1.0,1.0,0.0,0.0,1.0,0.0,0.0,255,148,0.58,0.03,0.0,0.0,0.29,0.5,0.11,0.09,processtable,18,DoS
544,0,udp,domain_u,SF,45,45,0,0,0,0,0,0,0,0,0,0,0,0,0,0,0,0,2,3,0.0,0.0,0.0,0.0,1.0,0.0,0.67,255,232,0.91,0.01,0.01,0.0,0.0,0.0,0.05,0.0,normal,18,normal
546,0,icmp,eco_i,SF,20,0,0,0,0,0,0,0,0,0,0,0,0,0,0,0,0,0,1,75,0.0,0.0,0.0,0.0,1.0,0.0,1.0,1,135,1.0,0.0,1.0,0.27,0.0,0.0,0.0,0.0,saint,15,Probe
548,0,udp,private,SF,1,1,0,0,0,0,0,0,0,0,0,0,0,0,0,0,0,0,113,1,0.0,0.0,0.0,0.0,0.01,0.61,0.0,255,1,0.0,0.86,1.0,0.0,0.0,0.0,0.0,0.0,satan,16,Probe
549,0,udp,private,SF,47,0,0,0,0,0,0,0,0,0,0,0,0,0,0,0,0,0,6,6,0.0,0.0,0.0,0.0,1.0,0.0,0.0,255,255,1.0,0.0,0.01,0.0,0.0,0.0,0.0,0.0,snmpguess,15,R2L
552,0,icmp,ecr_i,SF,520,0,0,0,0,0,0,0,0,0,0,0,0,0,0,0,0,0,511,511,0.0,0.0,0.0,0.0,1.0,0.0,0.0,136,138,1.0,0.0,1.0,0.01,0.0,0.0,0.0,0.0,smurf,18,DoS
554,0,tcp,other,SF,240,619,0,0,0,0,0,0,0,0,0,0,0,0,0,0,0,0,2,2,0.0,0.0,0.0,0.0,1.0,0.0,0.0,66,11,0.17,0.08,0.02,0.0,0.0,0.0,0.11,0.64,httptunnel,6,U2R
555,0,udp,private,SF,1,1,0,0,0,0,0,0,0,0,0,0,0,0,0,0,0,0,104,1,0.0,0.0,0.0,0.0,0.01,0.96,0.0,255,1,0.0,0.66,1.0,0.0,0.0,0.0,0.0,0.0,satan,16,Probe
556,8120,tcp,telnet,SF,0,15,0,0,0,0,0,0,0,0,0,0,0,0,0,0,0,0,1,1,0.0,0.0,0.0,0.0,1.0,0.0,0.0,255,61,0.24,0.04,0.0,0.0,0.0,0.02,0.11,0.21,processtable,8,DoS
557,0,icmp,eco_i,SF,18,0,0,0,0,0,0,0,0,0,0,0,0,0,0,0,0,0,1,1,0.0,0.0,0.0,0.0,1.0,0.0,0.0,1,54,1.0,0.0,1.0,1.0,0.0,0.0,0.0,0.0,ipsweep,18,Probe
558,0,icmp,ecr_i,SF,1032,0,0,0,0,0,0,0,0,0,0,0,0,0,0,0,0,0,321,321,0.0,0.0,0.0,0.0,1.0,0.0,0.0,255,255,1.0,0.0,1.0,0.0,0.0,0.0,0.0,0.0,smurf,19,DoS
559,0,udp,private,SF,43,0,0,0,0,0,0,0,0,0,0,0,0,0,0,0,0,0,5,5,0.0,0.0,0.0,0.0,1.0,0.0,0.0,255,253,0.99,0.01,0.0,0.0,0.0,0.0,0.0,0.0,snmpguess,13,R2L
560,0,tcp,other,REJ,0,0,0,0,0,0,0,0,0,0,0,0,0,0,0,0,0,0,1,1,0.0,0.0,1.0,1.0,1.0,0.0,0.0,121,19,0.16,0.06,0.01,0.0,0.0,0.0,0.11,0.68,httptunnel,11,U2R
562,61,tcp,telnet,SF,195,2051,0,0,0,1,0,1,0,0,0,0,2,1,0,0,0,0,1,1,0.0,0.0,0.0,0.0,1.0,0.0,0.0,97,29,0.3,0.03,0.01,0.0,0.01,0.03,0.0,0.0,ps,0,U2R
564,0,tcp,http,SF,54540,8314,0,0,0,2,0,1,1,0,0,0,0,0,0,0,0,0,4,21,0.0,0.0,0.0,0.0,1.0,0.0,0.1,255,255,1.0,0.0,0.0,0.0,0.0,0.0,0.03,0.03,back,12,DoS
566,902,tcp,http,RSTR,56504,0,0,0,0,0,0,1,0,0,0,0,0,0,0,0,0,0,39,39,0.03,0.03,0.95,0.95,1.0,0.0,0.0,255,255,1.0,0.0,0.0,0.0,0.0,0.0,0.15,0.15,apache2,15,DoS
568,0,tcp,sunrpc,REJ,0,0,0,0,0,0,0,0,0,0,0,0,0,0,0,0,0,0,4,10,0.0,0.0,1.0,1.0,0.25,1.0,1.0,255,38,0.15,0.03,0.0,0.0,0.01,0.0,0.67,1.0,mscan,14,Probe
569,0,tcp,telnet,RSTO,15,88,0,0,0,0,0,0,0,0,0,0,0,0,0,0,0,0,2,9,0.0,0.22,1.0,0.67,1.0,0.0,0.78,255,208,0.82,0.02,0.0,0.0,0.22,0.26,0.19,0.08,mscan,15,Probe
570,0,tcp,private,REJ,0,0,0,0,0,0,0,0,0,0,0,0,0,0,0,0,0,0,75,1,0.0,0.0,0.99,1.0,0.01,1.0,0.0,255,1,0.0,0.14,0.0,0.0,0.04,0.0,0.85,1.0,satan,20,Probe
571,0,tcp,smtp,SF,0,86,0,0,0,0,0,1,0,0,0,0,0,0,0,0,0,0,1,2,0.0,0.0,0.0,0.0,1.0,0.0,1.0,50,194,0.58,0.1,0.02,0.02,0.0,0.0,0.0,0.02,normal,18,normal
572,0,tcp,private,REJ,0,0,0,0,0,0,0,0,0,0,0,0,0,0,0,0,0,0,428,1,0.07,0.0,0.91,1.0,0.0,1.0,0.0,255,1,0.0,1.0,0.0,0.0,0.05,0.0,0.93,1.0,saint,18,Probe
573,0,tcp,http,SF,54540,8314,0,0,0,2,0,1,1,0,0,0,0,0,0,0,0,0,5,22,0.0,0.0,0.0,0.0,1.0,0.0,0.14,255,255,1.0,0.0,0.0,0.0,0.0,0.0,0.03,0.03,back,12,DoS
575,0,udp,private,SF,1,1,0,0,0,0,0,0,0,0,0,0,0,0,0,0,0,0,82,1,0.0,0.0,0.0,0.0,0.01,0.8,0.0,255,1,0.0,0.71,0.97,0.0,0.0,0.0,0.03,0.0,satan,15,Probe
576,0,tcp,http,SF,54540,8314,0,0,0,2,0,1,1,0,0,0,0,0,0,0,0,0,5,5,0.0,0.0,0.0,0.0,1.0,0.0,0.0,255,255,1.0,0.0,0.0,0.0,0.01,0.01,0.06,0.06,back,16,DoS
577,0,udp,other,SF,23,0,0,0,0,0,0,0,0,0,0,0,0,0,0,0,0,0,1,1,0.0,0.0,0.0,0.0,1.0,0.0,0.0,255,1,0.0,0.02,0.0,0.0,0.0,0.0,0.03,0.0,multihop,11,R2L
583,0,tcp,imap4,REJ,0,0,0,0,0,0,0,0,0,0,0,0,0,0,0,0,0,0,4,9,0.0,0.0,0.5,1.0,0.25,0.75,1.0,255,33,0.13,0.16,0.0,0.0,0.0,0.0,0.27,1.0,mscan,14,Probe
584,0,udp,private,SF,43,0,0,0,0,0,0,0,0,0,0,0,0,0,0,0,0,0,2,2,0.0,0.0,0.0,0.0,1.0,0.0,0.0,255,254,1.0,0.01,0.0,0.0,0.0,0.0,0.0,0.0,snmpguess,16,R2L
585,0,tcp,auth,SF,10,35,0,0,0,0,0,0,0,0,0,0,0,0,0,0,0,0,2,1,0.0,0.0,0.0,0.0,0.5,1.0,0.0,255,2,0.01,0.03,0.0,0.0,0.0,0.0,0.0,0.0,sendmail,1,R2L
586,0,tcp,private,RSTR,0,0,0,0,0,0,0,0,0,0,0,0,0,0,0,0,0,0,1,1,0.0,0.0,1.0,1.0,1.0,0.0,0.0,255,1,0.0,0.8,0.78,0.0,0.0,0.0,0.76,1.0,portsweep,18,Probe
587,0,tcp,http,SF,54540,8314,0,0,0,2,0,1,1,0,0,0,0,0,0,0,0,0,4,4,0.0,0.0,0.0,0.0,1.0,0.0,0.0,255,245,0.96,0.01,0.0,0.0,0.0,0.0,0.06,0.06,back,14,DoS
590,0,tcp,http,SF,54540,8314,0,0,0,2,0,1,1,0,0,0,0,0,0,0,0,0,3,3,0.0,0.0,0.0,0.0,1.0,0.0,0.0,255,254,1.0,0.01,0.0,0.0,0.0,0.0,0.05,0.05,back,16,DoS
593,0,tcp,other,REJ,0,0,0,0,0,0,0,0,0,0,0,0,0,0,0,0,0,0,1,1,0.0,0.0,1.0,1.0,1.0,0.0,0.0,255,25,0.1,0.02,0.0,0.0,0.0,0.0,0.09,0.8,httptunnel,16,U2R
594,0,tcp,other,REJ,0,0,0,0,0,0,0,0,0,0,0,0,0,0,0,0,0,0,1,1,0.0,0.0,1.0,1.0,1.0,0.0,0.0,48,5,0.1,0.1,0.02,0.0,0.0,0.0,0.06,0.6,httptunnel,11,U2R
598,0,tcp,http,SF,54540,8314,0,0,0,2,0,1,1,0,0,0,0,0,0,0,0,0,4,10,0.0,0.0,0.0,0.0,1.0,0.0,0.2,255,255,1.0,0.0,0.0,0.0,0.0,0.0,0.04,0.04,back,16,DoS
599,0,tcp,other,REJ,0,0,0,0,0,0,0,0,0,0,0,0,0,0,0,0,0,0,494,1,0.05,0.0,0.95,1.0,0.0,1.0,0.0,255,1,0.0,1.0,0.0,0.0,0.05,0.0,0.95,1.0,saint,19,Probe
603,0,tcp,telnet,REJ,0,0,0,0,0,0,0,0,0,0,0,0,0,0,0,0,0,0,2,9,0.0,0.0,1.0,0.89,0.5,1.0,0.89,105,84,0.32,0.05,0.01,0.02,0.0,0.0,0.9,0.7,mscan,14,Probe
604,0,icmp,ecr_i,SF,1032,0,0,0,0,0,0,0,0,0,0,0,0,0,0,0,0,0,315,315,0.0,0.0,0.0,0.0,1.0,0.0,0.0,255,255,1.0,0.0,1.0,0.0,0.0,0.0,0.0,0.0,smurf,19,DoS
605,0,tcp,private,SH,0,0,0,0,0,0,0,0,0,0,0,0,0,0,0,0,0,0,1,1,1.0,1.0,0.0,0.0,1.0,0.0,0.0,56,1,0.02,1.0,1.0,0.0,1.0,1.0,0.0,0.0,nmap,18,Probe
608,0,icmp,ecr_i,SF,1032,0,0,0,0,0,0,0,0,0,0,0,0,0,0,0,0,0,430,430,0.0,0.0,0.0,0.0,1.0,0.0,0.0,255,255,1.0,0.0,1.0,0.0,0.0,0.0,0.0,0.0,smurf,19,DoS
610,26,tcp,ftp,SF,80,314,0,0,0,1,0,1,0,0,0,0,1,0,0,0,1,0,1,1,0.0,0.0,0.0,0.0,1.0,0.0,0.0,1,1,1.0,0.0,1.0,0.0,0.0,0.0,0.0,0.0,multihop,7,R2L
612,0,tcp,telnet,SF,114,153,0,0,0,0,0,0,0,0,0,0,0,0,0,0,0,0,1,1,0.0,0.0,0.0,0.0,1.0,0.0,0.0,255,254,1.0,0.01,0.0,0.0,0.02,0.02,0.02,0.02,guess_passwd,11,R2L
613,0,tcp,courier,REJ,0,0,0,0,0,0,0,0,0,0,0,0,0,0,0,0,0,0,148,17,0.0,0.0,1.0,1.0,0.11,0.05,0.0,255,17,0.07,0.05,0.0,0.0,0.0,0.0,1.0,1.0,neptune,18,DoS
617,0,tcp,ftp_data,SF,12,0,0,0,0,0,0,0,0,0,0,0,0,0,0,0,0,0,1,1,0.0,0.0,0.0,0.0,1.0,0.0,0.0,26,5,0.19,0.08,0.19,0.0,0.0,0.0,0.0,0.0,warezmaster,7,R2L
618,0,tcp,telnet,S3,0,44,0,0,0,0,0,0,0,0,0,0,0,0,0,0,0,0,1,1,1.0,1.0,0.0,0.0,1.0,0.0,0.0,255,181,0.71,0.02,0.0,0.0,0.42,0.41,0.01,0.01,processtable,18,DoS
619,0,tcp,ftp_data,SF,12,0,0,0,0,0,0,0,0,0,0,0,0,0,0,0,0,0,2,2,0.0,0.0,0.0,0.0,1.0,0.0,0.0,7,8,0.86,0.29,0.86,0.25,0.0,0.0,0.0,0.0,warezmaster,6,R2L
620,21,tcp,ftp,SF,132,572,0,0,0,2,0,1,0,0,0,0,0,0,0,0,1,0,1,1,0.0,0.0,0.0,0.0,1.0,0.0,0.0,18,1,0.06,0.17,0.06,0.0,0.0,0.0,0.0,0.0,xterm,4,U2R
622,0,tcp,ftp_data,SF,383,0,0,0,0,0,0,0,0,0,0,0,0,0,0,0,0,0,1,1,0.0,0.0,0.0,0.0,1.0,0.0,0.0,24,21,0.12,0.17,0.12,0.14,0.0,0.0,0.0,0.0,normal,20,normal
623,0,tcp,private,REJ,0,0,0,0,0,0,0,0,0,0,0,0,0,0,0,0,0,0,284,1,0.09,0.0,0.91,1.0,0.0,1.0,0.0,255,1,0.0,1.0,0.0,0.0,0.1,0.0,0.9,1.0,satan,20,Probe
624,1,tcp,smtp,SF,2599,293,0,0,0,0,0,1,0,0,0,0,0,0,0,0,0,0,3,3,0.0,0.0,0.0,0.0,1.0,0.0,0.0,255,87,0.34,0.14,0.0,0.0,0.0,0.0,0.64,0.0,mailbomb,12,DoS
625,0,tcp,finger,S0,0,0,1,0,0,0,0,0,0,0,0,0,0,0,0,0,0,0,1,2,1.0,1.0,0.0,0.0,1.0,0.0,1.0,255,1,0.0,0.02,0.0,0.0,0.0,1.0,0.0,0.0,land,17,DoS
627,0,udp,private,SF,1,1,0,0,0,0,0,0,0,0,0,0,0,0,0,0,0,0,132,1,0.0,0.0,0.0,0.0,0.01,0.97,0.0,255,1,0.0,0.86,1.0,0.0,0.0,0.0,0.0,0.0,satan,17,Probe
630,0,icmp,ecr_i,SF,1032,0,0,0,0,0,0,0,0,0,0,0,0,0,0,0,0,0,90,90,0.0,0.0,0.0,0.0,1.0,0.0,0.0,255,255,1.0,0.0,1.0,0.0,0.0,0.0,0.0,0.0,smurf,20,DoS
631,0,udp,private,SF,105,147,0,0,0,0,0,0,0,0,0,0,0,0,0,0,0,0,2,1,0.0,0.0,0.0,0.0,0.5,1.0,0.0,255,254,1.0,0.01,0.0,0.0,0.0,0.0,0.0,0.0,snmpgetattack,3,R2L
633,0,tcp,other,REJ,0,0,0,0,0,0,0,0,0,0,0,0,0,0,0,0,0,0,511,1,0.07,0.0,0.93,1.0,0.0,1.0,0.0,255,1,0.0,1.0,0.0,0.0,0.0,0.0,1.0,1.0,satan,20,Probe
636,0,icmp,ecr_i,SF,1008,0,0,0,0,0,0,0,0,0,0,0,0,0,0,0,0,0,137,137,0.0,0.0,0.0,0.0,1.0,0.0,0.0,255,255,1.0,0.0,1.0,0.0,0.0,0.0,0.0,0.0,smurf,18,DoS
637,111,tcp,telnet,SF,336,152292,0,0,0,0,0,1,10,0,0,8,0,0,1,0,0,0,1,1,0.0,0.0,0.0,0.0,1.0,0.0,0.0,255,1,0.0,0.01,0.0,0.0,0.0,0.0,0.0,0.0,xlock,0,R2L
638,288,tcp,ftp,SF,156,595,0,0,0,2,0,1,0,0,0,0,0,0,0,0,0,1,1,1,0.0,0.0,0.0,0.0,1.0,0.0,0.0,255,18,0.07,0.93,0.0,0.0,0.0,0.06,0.92,0.0,warezmaster,12,R2L
639,0,tcp,telnet,RSTO,0,3,0,0,0,0,0,0,0,0,0,0,0,0,0,0,0,0,1,6,0.0,0.33,1.0,0.5,1.0,0.0,0.67,255,80,0.31,0.12,0.0,0.0,0.0,0.0,0.32,0.49,mscan,14,Probe
640,0,tcp,supdup,REJ,0,0,0,0,0,0,0,0,0,0,0,0,0,0,0,0,0,0,263,3,0.0,0.0,1.0,1.0,0.01,0.06,0.0,255,3,0.01,0.07,0.0,0.0,0.0,0.0,1.0,1.0,neptune,20,DoS
642,0,tcp,other,REJ,0,0,0,0,0,0,0,0,0,0,0,0,0,0,0,0,0,0,2,1,0.0,0.0,0.5,1.0,0.5,1.0,0.0,255,1,0.0,0.02,0.0,0.0,0.0,0.0,0.0,1.0,httptunnel,20,U2R
643,0,udp,private,SF,105,146,0,0,0,0,0,0,0,0,0,0,0,0,0,0,0,0,1,1,0.0,0.0,0.0,0.0,1.0,0.0,0.0,255,248,0.97,0.01,0.0,0.0,0.0,0.0,0.0,0.0,snmpgetattack,0,R2L
644,0,tcp,other,REJ,0,0,0,0,0,0,0,0,0,0,0,0,0,0,0,0,0,0,1,1,0.0,0.0,1.0,1.0,1.0,0.0,0.0,255,26,0.1,0.02,0.0,0.0,0.0,0.0,0.09,0.81,httptunnel,16,U2R
645,0,tcp,http,SF,54540,8314,0,0,0,2,0,1,1,0,0,0,0,0,0,0,0,0,5,30,0.0,0.0,0.0,0.0,1.0,0.0,0.13,255,248,0.97,0.01,0.0,0.0,0.0,0.0,0.06,0.06,back,12,DoS
646,4,tcp,pop_3,SF,32,93,0,0,0,0,0,1,0,0,0,0,0,0,0,0,0,0,1,1,0.0,0.0,0.0,0.0,1.0,0.0,0.0,255,198,0.78,0.02,0.0,0.0,0.0,0.0,0.07,0.0,guess_passwd,16,R2L
648,0,udp,private,SF,47,47,0,0,0,0,0,0,0,0,0,0,0,0,0,0,0,0,3,3,0.0,0.0,0.0,0.0,1.0,0.0,0.0,255,254,1.0,0.01,0.01,0.0,0.0,0.0,0.0,0.0,snmpguess,15,R2L
651,0,icmp,ecr_i,SF,1008,0,0,0,0,0,0,0,0,0,0,0,0,0,0,0,0,0,446,446,0.0,0.0,0.0,0.0,1.0,0.0,0.0,255,255,1.0,0.0,1.0,0.0,0.0,0.0,0.0,0.0,smurf,18,DoS
654,0,tcp,ftp_data,REJ,0,0,0,0,0,0,0,0,0,0,0,0,0,0,0,0,0,0,237,22,0.01,0.0,0.99,0.82,0.08,0.07,0.09,255,18,0.07,0.08,0.0,0.0,0.01,0.0,0.99,1.0,neptune,19,DoS
655,0,icmp,ecr_i,SF,1008,0,0,0,0,0,0,0,0,0,0,0,0,0,0,0,0,0,353,353,0.0,0.0,0.0,0.0,1.0,0.0,0.0,255,255,1.0,0.0,1.0,0.0,0.0,0.0,0.0,0.0,smurf,18,DoS
656,0,tcp,link,S0,0,0,0,0,0,0,0,0,0,0,0,0,0,0,0,0,0,0,278,10,1.0,1.0,0.0,0.0,0.04,0.06,0.0,255,10,0.04,0.07,0.0,0.0,1.0,1.0,0.0,0.0,neptune,20,DoS
659,1,tcp,smtp,SF,2599,293,0,0,0,0,0,1,0,0,0,0,0,0,0,0,0,0,3,3,0.0,0.0,0.0,0.0,1.0,0.0,0.0,255,99,0.39,0.14,0.0,0.0,0.0,0.0,0.6,0.0,mailbomb,11,DoS
660,2067,tcp,http,RSTR,75484,0,0,0,0,0,0,1,0,0,0,0,0,0,0,0,0,0,7,7,0.0,0.0,1.0,1.0,1.0,0.0,0.0,255,244,0.96,0.01,0.0,0.0,0.02,0.02,0.49,0.51,apache2,15,DoS
662,280,tcp,ftp_data,SF,283618,0,0,0,0,2,0,0,0,0,0,0,0,0,0,0,0,0,1,1,0.0,0.0,0.0,0.0,1.0,0.0,0.0,4,1,0.25,0.5,0.25,0.0,0.0,0.0,0.0,0.0,warezmaster,7,R2L
663,22,tcp,ftp,SF,126,575,0,0,0,2,0,1,0,0,0,0,0,0,0,0,1,0,1,1,0.0,0.0,0.0,0.0,1.0,0.0,0.0,8,1,0.12,0.38,0.12,0.0,0.0,0.0,0.0,0.0,named,3,R2L
664,992,udp,other,SF,146,105,0,0,0,0,0,0,0,0,0,0,0,0,0,0,0,0,1,1,0.0,0.0,0.0,0.0,1.0,0.0,0.0,9,4,0.44,0.44,1.0,0.0,0.0,0.0,0.0,0.0,snmpgetattack,0,R2L
666,0,tcp,other,REJ,0,0,0,0,0,0,0,0,0,0,0,0,0,0,0,0,0,0,510,1,0.04,0.0,0.96,1.0,0.0,1.0,0.0,255,1,0.0,1.0,0.0,0.0,0.02,0.0,0.98,1.0,saint,20,Probe
668,0,tcp,ftp_data,SF,12,0,0,0,0,0,0,0,0,0,0,0,0,0,0,0,0,0,1,1,0.0,0.0,0.0,0.0,1.0,0.0,0.0,3,19,1.0,0.0,1.0,0.21,0.0,0.0,0.0,0.0,warezmaster,15,R2L
669,0,tcp,telnet,SF,122,174,0,0,0,0,1,0,0,0,0,0,0,0,0,0,0,0,1,1,0.0,0.0,0.0,0.0,1.0,0.0,0.0,255,30,0.12,0.02,0.0,0.0,0.0,0.0,0.0,0.03,guess_passwd,10,R2L
670,0,tcp,imap4,RSTO,0,44,0,0,0,0,0,0,0,0,0,0,0,0,0,0,0,0,4,3,0.0,0.0,0.75,1.0,0.25,0.75,1.0,255,54,0.21,0.02,0.0,0.0,0.0,0.0,0.78,0.98,mscan,14,Probe
674,0,tcp,http,SF,54540,8314,0,0,0,2,0,1,1,0,0,0,0,0,0,0,0,0,5,37,0.0,0.0,0.0,0.0,1.0,0.0,0.05,255,255,1.0,0.0,0.0,0.0,0.0,0.0,0.05,0.05,back,11,DoS
675,0,tcp,ftp_data,SF,12,0,0,0,0,0,0,0,0,0,0,0,0,0,0,0,0,0,1,1,0.0,0.0,0.0,0.0,1.0,0.0,0.0,7,37,1.0,0.0,1.0,0.14,0.0,0.0,0.0,0.0,warezmaster,12,R2L
680,0,tcp,http,SF,54540,8314,0,0,0,2,0,1,1,0,0,0,0,0,0,0,0,0,4,4,0.0,0.0,0.0,0.0,1.0,0.0,0.0,255,238,0.93,0.01,0.0,0.0,0.0,0.0,0.02,0.02,back,12,DoS
681,62,tcp,telnet,SF,2615,4233,0,0,0,5,0,1,2,1,0,0,0,0,0,0,0,0,1,1,0.0,0.0,0.0,0.0,1.0,0.0,0.0,255,1,0.0,0.07,0.0,0.0,1.0,0.0,0.0,0.0,buffer_overflow,3,U2R
682,0,icmp,eco_i,SF,18,0,0,0,0,0,0,0,0,0,0,0,0,0,0,0,0,0,1,1,0.0,0.0,0.0,0.0,1.0,0.0,0.0,1,5,1.0,0.0,1.0,1.0,0.0,0.0,0.0,0.0,ipsweep,17,Probe
683,0,tcp,ftp_data,SF,0,3249,0,0,0,0,0,0,0,0,0,0,0,0,0,0,0,0,1,1,0.0,0.0,0.0,0.0,1.0,0.0,0.0,1,11,1.0,0.0,1.0,0.27,0.0,0.0,0.0,0.0,ps,14,U2R
684,0,tcp,finger,S0,0,0,1,0,0,0,0,0,0,0,0,0,0,0,0,0,0,0,1,2,1.0,1.0,0.0,0.0,1.0,0.0,1.0,1,3,1.0,0.0,1.0,1.0,1.0,1.0,0.0,0.0,land,20,DoS
689,1,tcp,smtp,SF,2599,293,0,0,0,0,0,1,0,0,0,0,0,0,0,0,0,0,2,2,0.0,0.0,0.0,0.0,1.0,0.0,0.0,255,101,0.4,0.14,0.0,0.0,0.0,0.0,0.59,0.0,mailbomb,11,DoS
690,0,tcp,iso_tsap,REJ,0,0,0,0,0,0,0,0,0,0,0,0,0,0,0,0,0,0,243,17,0.0,0.0,1.0,1.0,0.07,0.06,0.0,255,17,0.07,0.07,0.0,0.0,0.0,0.0,1.0,1.0,neptune,18,DoS
693,0,tcp,telnet,RSTO,0,15,0,0,0,0,0,0,0,0,0,0,0,0,0,0,0,0,1,6,0.0,0.0,1.0,0.33,1.0,0.0,0.67,49,95,0.33,0.1,0.02,0.02,0.0,0.07,0.9,0.61,mscan,12,Probe
694,4,tcp,pop_3,SF,28,93,0,0,0,0,0,1,0,0,0,0,0,0,0,0,0,0,1,1,0.0,0.0,0.0,0.0,1.0,0.0,0.0,46,45,0.96,0.04,0.02,0.04,0.0,0.0,0.0,0.0,guess_passwd,6,R2L
697,4,tcp,pop_3,SF,32,93,0,0,0,0,0,1,0,0,0,0,0,0,0,0,0,0,1,1,0.0,0.0,0.0,0.0,1.0,0.0,0.0,255,132,0.52,0.02,0.0,0.0,0.0,0.0,0.17,0.01,guess_passwd,17,R2L
698,0,tcp,private,REJ,0,0,0,0,0,0,0,0,0,0,0,0,0,0,0,0,0,0,113,1,0.0,0.0,1.0,1.0,0.01,0.55,0.0,118,1,0.01,0.53,0.96,0.0,0.0,0.0,0.96,1.0,portsweep,17,Probe
699,0,tcp,other,REJ,0,0,0,0,0,0,0,0,0,0,0,0,0,0,0,0,0,0,431,2,0.05,0.0,0.95,1.0,0.0,1.0,1.0,255,1,0.0,1.0,0.0,0.0,0.07,0.0,0.93,1.0,saint,15,Probe
701,7216,tcp,telnet,SF,0,44,0,0,0,0,0,0,0,0,0,0,0,0,0,0,0,0,1,1,0.0,0.0,0.0,0.0,1.0,0.0,0.0,255,228,0.89,0.11,0.0,0.0,0.49,0.54,0.11,0.01,processtable,18,DoS
702,0,tcp,ftp_data,SF,208,0,0,0,0,0,0,0,0,0,0,0,0,0,0,0,0,0,1,1,0.0,0.0,0.0,0.0,1.0,0.0,0.0,74,12,0.16,0.05,0.16,0.0,0.0,0.0,0.03,0.0,normal,20,normal
704,0,tcp,echo,RSTO,0,0,0,0,0,0,0,0,0,0,0,0,0,0,0,0,0,0,269,20,0.0,0.0,1.0,1.0,0.07,0.06,0.0,255,20,0.08,0.07,0.0,0.0,0.0,0.0,1.0,1.0,neptune,19,DoS
708,0,tcp,http,SF,54540,8314,0,0,0,2,0,1,1,0,0,0,0,0,0,0,0,0,3,9,0.0,0.0,0.0,0.0,1.0,0.0,0.22,255,250,0.98,0.01,0.0,0.0,0.0,0.0,0.06,0.06,back,14,DoS
709,0,udp,private,SF,105,147,0,0,0,0,0,0,0,0,0,0,0,0,0,0,0,0,2,2,0.0,0.0,0.0,0.0,1.0,0.0,0.0,255,253,0.99,0.01,0.02,0.0,0.0,0.0,0.0,0.0,snmpgetattack,2,R2L
711,0,tcp,http,SF,19822,174,0,0,0,0,0,1,0,0,0,0,0,0,0,0,0,0,17,17,0.0,0.0,0.0,0.0,1.0,0.0,0.0,255,255,1.0,0.0,0.0,0.0,0.0,0.0,0.0,0.0,normal,20,normal
713,0,tcp,other,REJ,0,0,0,0,0,0,0,0,0,0,0,0,0,0,0,0,0,0,1,1,0.0,0.0,1.0,1.0,1.0,0.0,0.0,255,14,0.05,0.02,0.0,0.0,0.0,0.0,0.05,1.0,httptunnel,17,U2R
715,0,tcp,ftp_data,SF,0,5020,0,0,0,0,0,0,0,0,0,0,0,0,0,0,0,0,3,3,0.0,0.0,0.0,0.0,1.0,0.0,0.0,3,9,1.0,0.0,1.0,0.22,0.0,0.0,0.0,0.0,buffer_overflow,14,U2R
716,0,tcp,other,REJ,0,0,0,0,0,0,0,0,0,0,0,0,0,0,0,0,0,0,444,1,0.04,0.0,0.95,1.0,0.0,1.0,0.0,255,1,0.0,1.0,0.0,0.0,0.04,0.0,0.96,1.0,saint,18,Probe
717,0,tcp,private,REJ,0,0,0,0,0,0,0,0,0,0,0,0,0,0,0,0,0,0,510,1,0.03,0.0,0.95,1.0,0.0,1.0,0.0,255,1,0.0,1.0,0.0,0.0,0.02,0.0,0.96,1.0,satan,20,Probe
719,3,tcp,pop_3,SF,30,93,0,0,0,0,0,1,0,0,0,0,0,0,0,0,0,0,1,1,0.0,0.0,0.0,0.0,1.0,0.0,0.0,255,217,0.85,0.04,0.0,0.0,0.0,0.0,0.0,0.0,guess_passwd,17,R2L
720,895,tcp,http,RSTR,57184,1,0,0,0,0,0,1,0,0,0,0,0,0,0,0,0,0,23,23,0.22,0.22,0.78,0.78,1.0,0.0,0.0,255,255,1.0,0.0,0.0,0.0,0.03,0.03,0.65,0.65,apache2,17,DoS
722,0,tcp,http,SF,54540,8314,0,0,0,2,0,1,1,0,0,0,0,0,0,0,0,0,3,3,0.0,0.0,0.0,0.0,1.0,0.0,0.0,255,231,0.91,0.01,0.0,0.0,0.0,0.0,0.02,0.02,back,12,DoS
725,0,tcp,private,REJ,0,0,0,0,0,0,0,0,0,0,0,0,0,0,0,0,0,0,95,1,0.02,0.0,0.98,1.0,0.01,0.86,0.0,104,1,0.01,0.8,0.91,0.0,0.02,0.0,0.89,1.0,portsweep,14,Probe
726,0,udp,private,SF,105,146,0,0,0,0,0,0,0,0,0,0,0,0,0,0,0,0,1,1,0.0,0.0,0.0,0.0,1.0,0.0,0.0,111,110,0.99,0.02,0.01,0.0,0.0,0.0,0.0,0.0,snmpgetattack,1,R2L
728,900,tcp,domain,RSTO,1562,0,0,0,0,0,0,0,0,0,0,0,0,0,0,0,0,0,1,1,0.0,0.0,1.0,1.0,1.0,0.0,0.0,8,3,0.38,0.25,0.12,0.0,0.0,0.0,0.25,0.67,named,10,R2L
730,2054,tcp,http,RSTR,74024,0,0,0,0,0,0,1,0,0,0,0,0,0,0,0,0,0,10,10,0.0,0.0,1.0,1.0,1.0,0.0,0.0,255,244,0.96,0.01,0.0,0.0,0.02,0.02,0.43,0.45,apache2,15,DoS
732,0,tcp,X11,S1,1256,11240,0,0,0,0,0,0,0,0,0,0,0,0,0,0,0,0,1,1,1.0,1.0,0.0,0.0,1.0,0.0,0.0,255,1,0.0,0.02,0.0,0.0,0.0,1.0,0.0,0.0,xsnoop,12,R2L
735,1,tcp,smtp,SF,2599,293,0,0,0,0,0,1,0,0,0,0,0,0,0,0,0,0,3,2,0.0,0.0,0.33,0.0,0.67,0.67,0.0,255,58,0.23,0.15,0.0,0.0,0.0,0.0,0.76,0.0,mailbomb,12,DoS
737,0,udp,private,SF,40,0,0,0,0,0,0,0,0,0,0,0,0,0,0,0,0,0,3,3,0.0,0.0,0.0,0.0,1.0,0.0,0.0,255,254,1.0,0.01,0.01,0.0,0.0,0.0,0.0,0.0,snmpguess,16,R2L
738,1,tcp,smtp,SF,2599,293,0,0,0,0,0,1,0,0,0,0,0,0,0,0,0,0,3,3,0.0,0.0,0.0,0.0,1.0,0.0,0.0,255,36,0.14,0.16,0.0,0.0,0.0,0.0,0.84,0.0,mailbomb,12,DoS
739,0,tcp,ftp_data,SF,12,0,0,0,0,0,0,0,0,0,0,0,0,0,0,0,0,0,2,2,0.0,0.0,0.0,0.0,1.0,0.0,0.0,2,10,1.0,0.0,1.0,0.2,0.0,0.0,0.0,0.0,warezmaster,15,R2L
740,0,tcp,other,RSTR,0,0,0,0,0,0,0,0,0,0,0,0,0,0,0,0,0,0,1,1,0.0,0.0,1.0,1.0,1.0,0.0,0.0,255,1,0.0,0.12,0.1,0.0,0.0,0.0,0.99,1.0,portsweep,18,Probe
741,11,tcp,telnet,SF,151,2482,0,0,0,1,0,1,0,0,0,0,0,0,0,0,0,1,4,1,0.0,0.0,0.0,0.0,0.25,0.5,0.0,255,2,0.01,0.02,0.0,0.0,0.0,0.0,0.0,0.0,multihop,3,R2L
742,0,icmp,eco_i,SF,18,0,0,0,0,0,0,0,0,0,0,0,0,0,0,0,0,0,1,1,0.0,0.0,0.0,0.0,1.0,0.0,0.0,1,11,1.0,0.0,1.0,1.0,0.0,0.0,0.0,0.0,ipsweep,17,Probe
743,0,icmp,eco_i,SF,20,0,0,0,0,0,0,0,0,0,0,0,0,0,0,0,0,0,1,66,0.0,0.0,0.0,0.0,1.0,0.0,1.0,4,208,1.0,0.0,1.0,0.25,0.0,0.0,0.0,0.0,saint,15,Probe
744,0,tcp,other,REJ,0,0,0,0,0,0,0,0,0,0,0,0,0,0,0,0,0,0,1,1,0.0,0.0,1.0,1.0,1.0,0.0,0.0,255,20,0.08,0.01,0.0,0.0,0.0,0.0,0.07,0.9,httptunnel,15,U2R
747,23,tcp,ftp,SF,146,650,0,0,0,2,1,1,0,0,0,0,0,0,0,0,1,0,1,1,0.0,0.0,0.0,0.0,1.0,0.0,0.0,3,1,0.33,0.67,0.33,0.0,0.0,0.0,0.0,0.0,ps,7,U2R
751,7987,tcp,telnet,SF,0,44,0,0,0,0,0,0,0,0,0,0,0,0,0,0,0,0,1,1,0.0,0.0,0.0,0.0,1.0,0.0,0.0,255,105,0.41,0.02,0.0,0.0,0.57,0.38,0.01,0.01,processtable,17,DoS
754,0,tcp,private,SH,0,0,0,0,0,0,0,0,0,0,0,0,0,0,0,0,0,0,1,1,1.0,1.0,0.0,0.0,1.0,0.0,0.0,19,1,0.05,1.0,1.0,0.0,1.0,1.0,0.0,0.0,nmap,17,Probe
755,0,tcp,http,SF,54540,8314,0,0,0,2,0,1,1,0,0,0,0,0,0,0,0,0,4,20,0.0,0.0,0.0,0.0,1.0,0.0,0.15,255,254,1.0,0.01,0.0,0.0,0.0,0.0,0.07,0.07,back,13,DoS
757,281,tcp,ftp,SF,160,597,0,0,0,2,0,1,0,0,0,0,0,0,0,0,0,1,1,1,0.0,0.0,0.0,0.0,1.0,0.0,0.0,255,105,0.41,0.03,0.0,0.0,0.0,0.0,0.0,0.0,warezmaster,14,R2L
759,0,tcp,other,S0,0,0,0,0,0,0,0,0,0,0,0,0,0,0,0,0,0,0,458,1,0.14,1.0,0.86,0.0,0.0,1.0,0.0,255,1,0.0,0.91,0.0,0.0,0.13,1.0,0.87,0.0,satan,19,Probe
760,0,icmp,ecr_i,SF,1480,0,0,1,0,0,0,0,0,0,0,0,0,0,0,0,0,0,1,3,0.0,0.0,0.0,0.0,1.0,0.0,0.67,1,35,1.0,0.0,1.0,0.51,0.0,0.0,0.0,0.0,pod,17,DoS
761,1,tcp,smtp,SF,2599,293,0,0,0,0,0,1,0,0,0,0,0,0,0,0,0,0,2,2,0.0,0.0,0.0,0.0,1.0,0.0,0.0,255,169,0.66,0.13,0.0,0.0,0.0,0.0,0.33,0.0,mailbomb,11,DoS
762,0,udp,private,SF,28,0,0,1,0,0,0,0,0,0,0,0,0,0,0,0,0,0,1,1,0.0,0.0,0.0,0.0,1.0,0.0,0.0,255,1,0.0,0.02,0.0,0.0,0.21,0.0,0.51,0.0,teardrop,18,DoS
766,0,tcp,other,REJ,0,0,0,0,0,0,0,0,0,0,0,0,0,0,0,0,0,0,511,1,0.13,0.0,0.87,1.0,0.0,1.0,0.0,255,1,0.0,0.94,0.0,0.0,0.13,0.0,0.87,1.0,satan,20,Probe
768,0,tcp,auth,REJ,0,0,0,0,0,0,0,0,0,0,0,0,0,0,0,0,0,0,217,3,0.0,0.0,1.0,1.0,0.01,0.07,0.0,255,3,0.01,0.08,0.0,0.0,0.0,0.0,1.0,1.0,neptune,18,DoS
770,0,icmp,ecr_i,SF,1480,0,0,1,0,0,0,0,0,0,0,0,0,0,0,0,0,0,1,3,0.0,0.0,0.0,0.0,1.0,0.0,0.67,1,27,1.0,0.0,1.0,0.52,0.0,0.0,0.0,0.0,pod,17,DoS
774,0,tcp,imap4,S0,0,0,0,0,0,0,0,0,0,0,0,0,0,0,0,0,0,0,1,1,1.0,1.0,0.0,0.0,1.0,0.0,0.0,98,86,0.34,0.03,0.01,0.02,1.0,1.0,0.0,0.0,mscan,18,Probe
775,0,icmp,ecr_i,SF,1480,0,0,1,0,0,0,0,0,0,0,0,0,0,0,0,0,0,1,1,0.0,0.0,0.0,0.0,1.0,0.0,0.0,2,1,0.5,1.0,0.5,0.0,0.5,0.0,0.0,0.0,pod,12,DoS
776,0,tcp,private,RSTR,0,0,0,0,0,0,0,0,0,0,0,0,0,0,0,0,0,0,1,1,0.0,0.0,1.0,1.0,1.0,0.0,0.0,255,1,0.0,0.51,0.48,0.0,0.0,0.0,0.9,1.0,portsweep,18,Probe
777,317,tcp,X11,SF,62825648,90476,0,0,0,0,0,0,0,0,0,0,0,0,0,0,0,0,1,1,0.0,0.0,0.0,0.0,1.0,0.0,0.0,152,1,0.01,0.05,0.01,0.0,0.0,0.0,0.0,0.0,xlock,4,R2L
778,0,tcp,private,RSTR,0,0,0,0,0,0,0,0,0,0,0,0,0,0,0,0,0,0,1,1,0.0,0.0,1.0,1.0,1.0,0.0,0.0,255,1,0.0,0.65,0.63,0.0,0.0,0.0,0.93,1.0,portsweep,18,Probe
779,2,tcp,telnet,SF,24,306,0,0,0,0,0,0,0,0,0,0,0,0,0,0,0,0,2,6,0.0,0.0,0.5,0.67,1.0,0.0,0.5,143,90,0.32,0.03,0.01,0.02,0.02,0.01,0.9,0.63,mscan,7,Probe
781,0,tcp,imap4,S0,0,0,0,0,0,0,0,0,0,0,0,0,0,0,0,0,0,0,1,2,1.0,1.0,0.0,0.0,1.0,0.0,1.0,86,86,0.34,0.03,0.01,0.03,1.0,1.0,0.0,0.0,mscan,18,Probe
784,2,tcp,smtp,SF,4485,1124,0,0,0,0,0,1,0,0,0,1,0,0,1,0,0,0,1,1,0.0,0.0,0.0,0.0,1.0,0.0,0.0,255,9,0.04,0.01,0.0,0.0,0.0,0.0,0.0,0.0,sendmail,0,R2L
785,0,tcp,telnet,S0,0,0,0,0,0,0,0,0,0,0,0,0,0,0,0,0,0,0,39,13,1.0,1.0,0.0,0.0,0.33,0.08,0.0,255,69,0.27,0.02,0.0,0.0,0.96,0.96,0.0,0.01,neptune,18,DoS
786,0,icmp,eco_i,SF,20,0,0,0,0,0,0,0,0,0,0,0,0,0,0,0,0,0,1,73,0.0,0.0,0.0,0.0,1.0,0.0,1.0,4,255,1.0,0.0,1.0,0.25,0.0,0.0,0.0,0.0,saint,15,Probe
787,0,udp,domain_u,SF,46,46,0,0,0,0,0,0,0,0,0,0,0,0,0,0,0,0,158,158,0.0,0.0,0.0,0.0,1.0,0.0,0.0,255,255,1.0,0.0,0.0,0.0,0.0,0.0,0.0,0.0,normal,18,normal
791,0,tcp,private,SH,0,0,0,0,0,0,0,0,0,0,0,0,0,0,0,0,0,0,1,1,1.0,1.0,0.0,0.0,1.0,0.0,0.0,36,1,0.03,1.0,1.0,0.0,1.0,1.0,0.0,0.0,nmap,18,Probe
795,282,tcp,ftp,SF,158,597,0,0,0,2,0,1,0,0,0,0,0,0,0,0,0,1,1,1,0.0,0.0,0.0,0.0,1.0,0.0,0.0,255,14,0.05,0.76,0.0,0.0,0.0,0.0,0.75,0.0,warezmaster,12,R2L
796,0,tcp,private,RSTR,0,0,0,0,0,0,0,0,0,0,0,0,0,0,0,0,0,0,1,1,0.0,0.0,1.0,1.0,1.0,0.0,0.0,255,1,0.0,0.86,0.84,0.0,0.0,0.0,0.83,1.0,portsweep,18,Probe
797,0,tcp,telnet,S0,0,0,0,0,0,0,0,0,0,0,0,0,0,0,0,0,0,0,123,123,1.0,1.0,0.0,0.0,1.0,0.0,0.0,255,255,1.0,0.0,0.0,0.0,1.0,1.0,0.0,0.0,neptune,18,DoS
798,0,icmp,ecr_i,SF,1032,0,0,0,0,0,0,0,0,0,0,0,0,0,0,0,0,0,30,30,0.0,0.0,0.0,0.0,1.0,0.0,0.0,255,255,1.0,0.0,1.0,0.0,0.0,0.0,0.0,0.0,smurf,18,DoS
799,0,icmp,ecr_i,SF,1032,0,0,0,0,0,0,0,0,0,0,0,0,0,0,0,0,0,510,510,0.0,0.0,0.0,0.0,1.0,0.0,0.0,255,187,0.73,0.01,0.73,0.0,0.0,0.0,0.0,0.0,smurf,20,DoS
801,807,tcp,http,RSTR,29824,0,0,0,0,0,0,1,0,0,0,0,0,0,0,0,0,0,44,44,0.02,0.02,0.98,0.98,1.0,0.0,0.0,255,253,0.99,0.01,0.0,0.0,0.01,0.01,0.68,0.68,apache2,15,DoS
802,5,tcp,pop_3,SF,0,0,0,0,0,0,0,0,0,0,0,0,0,0,0,0,0,0,1,1,0.0,0.0,0.0,0.0,1.0,0.0,0.0,201,51,0.2,0.02,0.0,0.04,0.0,0.0,0.16,0.22,mscan,7,Probe
805,798,tcp,http,RSTR,74024,0,0,0,0,0,0,1,0,0,0,0,0,0,0,0,0,0,87,87,0.02,0.02,0.98,0.98,1.0,0.0,0.0,255,253,0.99,0.01,0.0,0.0,0.01,0.01,0.47,0.47,apache2,14,DoS
806,0,tcp,telnet,SF,120,188,0,0,0,0,1,0,0,0,0,0,0,0,0,0,0,0,2,2,0.0,0.0,0.0,0.0,1.0,0.0,0.0,255,93,0.36,0.02,0.0,0.0,0.0,0.0,0.01,0.03,guess_passwd,11,R2L
808,0,tcp,private,SH,0,0,0,0,0,0,0,0,0,0,0,0,0,0,0,0,0,0,1,1,1.0,1.0,0.0,0.0,1.0,0.0,0.0,125,1,0.01,1.0,1.0,0.0,1.0,1.0,0.0,0.0,nmap,20,Probe
809,0,icmp,eco_i,SF,8,0,0,0,0,0,0,0,0,0,0,0,0,0,0,0,0,0,1,27,0.0,0.0,0.0,0.0,1.0,0.0,1.0,2,20,1.0,0.0,1.0,0.5,0.0,0.0,0.0,0.0,ipsweep,15,Probe
810,0,tcp,other,REJ,0,0,0,0,0,0,0,0,0,0,0,0,0,0,0,0,0,0,511,1,0.14,0.0,0.86,1.0,0.0,1.0,0.0,255,1,0.0,0.99,0.0,0.0,0.12,0.0,0.88,1.0,satan,20,Probe
811,1,tcp,imap4,RSTO,0,44,0,0,0,0,0,0,0,0,0,0,0,0,0,0,0,0,2,5,0.0,0.0,1.0,1.0,0.5,1.0,1.0,255,55,0.22,0.02,0.0,0.0,0.0,0.0,0.8,0.98,mscan,13,Probe
814,0,tcp,ftp_data,SF,12,0,0,0,0,0,0,0,0,0,0,0,0,0,0,0,0,0,1,1,0.0,0.0,0.0,0.0,1.0,0.0,0.0,3,29,1.0,0.0,1.0,0.14,0.0,0.0,0.0,0.0,warezmaster,14,R2L
815,0,icmp,ecr_i,SF,1480,0,0,1,0,0,0,0,0,0,0,0,0,0,0,0,0,0,1,3,0.0,0.0,0.0,0.0,1.0,0.0,0.67,1,255,1.0,0.0,1.0,0.01,0.0,0.0,0.0,0.0,pod,15,DoS
816,0,icmp,ecr_i,SF,1480,0,0,1,0,0,0,0,0,0,0,0,0,0,0,0,0,0,1,3,0.0,0.0,0.0,0.0,1.0,0.0,0.67,1,25,1.0,0.0,1.0,0.52,0.0,0.0,0.0,0.0,pod,17,DoS
819,4,tcp,pop_3,SF,32,93,0,0,0,0,0,1,0,0,0,0,0,0,0,0,0,0,1,1,0.0,0.0,0.0,0.0,1.0,0.0,0.0,255,140,0.55,0.02,0.0,0.0,0.0,0.0,0.17,0.02,guess_passwd,13,R2L
820,0,udp,private,SF,45,0,0,0,0,0,0,0,0,0,0,0,0,0,0,0,0,0,3,3,0.0,0.0,0.0,0.0,1.0,0.0,0.0,255,254,1.0,0.01,0.0,0.0,0.0,0.0,0.0,0.0,snmpguess,16,R2L
821,0,tcp,other,REJ,0,0,0,0,0,0,0,0,0,0,0,0,0,0,0,0,0,0,1,1,0.0,0.0,1.0,1.0,1.0,0.0,0.0,255,19,0.07,0.01,0.0,0.0,0.0,0.0,0.07,0.89,httptunnel,15,U2R
822,0,tcp,other,REJ,0,0,0,0,0,0,0,0,0,0,0,0,0,0,0,0,0,0,463,1,0.07,0.0,0.93,1.0,0.0,1.0,0.0,255,1,0.0,1.0,0.0,0.0,0.07,0.0,0.93,1.0,satan,19,Probe
823,1,tcp,smtp,SF,2599,293,0,0,0,0,0,1,0,0,0,0,0,0,0,0,0,0,2,2,0.0,0.0,0.0,0.0,1.0,0.0,0.0,255,30,0.12,0.16,0.0,0.0,0.0,0.0,0.86,0.0,mailbomb,12,DoS
824,3,tcp,telnet,SF,191,12615,0,0,0,0,0,1,0,1,0,3,0,0,0,0,0,0,1,1,0.0,0.0,0.0,0.0,1.0,0.0,0.0,255,7,0.03,0.02,0.0,0.0,0.01,0.14,0.01,0.43,sendmail,8,R2L
825,0,tcp,http,S0,0,0,0,0,0,0,0,0,0,0,0,0,0,0,0,0,0,0,79,79,1.0,1.0,0.0,0.0,1.0,0.0,0.0,255,255,1.0,0.0,0.0,0.0,0.38,0.38,0.62,0.62,apache2,17,DoS
826,0,tcp,netbios_ns,S0,0,0,0,0,0,0,0,0,0,0,0,0,0,0,0,0,0,0,141,5,1.0,1.0,0.0,0.0,0.04,0.09,0.0,255,5,0.02,0.09,0.0,0.0,1.0,1.0,0.0,0.0,neptune,20,DoS
827,0,tcp,finger,S0,0,0,1,0,0,0,0,0,0,0,0,0,0,0,0,0,0,0,1,2,1.0,1.0,0.0,0.0,1.0,0.0,1.0,1,1,1.0,0.0,1.0,0.0,1.0,1.0,0.0,0.0,land,19,DoS
828,0,tcp,private,RSTR,0,0,0,0,0,0,0,0,0,0,0,0,0,0,0,0,0,0,1,1,0.0,0.0,1.0,1.0,1.0,0.0,0.0,255,1,0.0,0.72,0.71,0.0,0.0,0.0,0.72,1.0,portsweep,18,Probe
830,0,udp,private,SF,41,0,0,0,0,0,0,0,0,0,0,0,0,0,0,0,0,0,4,4,0.0,0.0,0.0,0.0,1.0,0.0,0.0,255,254,1.0,0.01,0.0,0.0,0.0,0.0,0.0,0.0,snmpguess,16,R2L
831,0,icmp,eco_i,SF,20,0,0,0,0,0,0,0,0,0,0,0,0,0,0,0,0,0,1,60,0.0,0.0,0.0,0.0,1.0,0.0,1.0,3,183,1.0,0.0,1.0,0.25,0.0,0.0,0.0,0.0,saint,16,Probe
832,242,tcp,telnet,SF,504,27200,0,0,1,2,0,1,165,1,0,173,3,0,2,0,0,0,1,1,0.0,0.0,0.0,0.0,1.0,0.0,0.0,2,2,1.0,0.0,0.5,0.0,0.0,0.0,0.0,0.0,xterm,0,U2R
833,0,tcp,other,REJ,0,0,0,0,0,0,0,0,0,0,0,0,0,0,0,0,0,0,1,1,0.0,0.0,1.0,1.0,1.0,0.0,0.0,255,15,0.06,0.01,0.0,0.0,0.0,0.0,0.04,0.6,httptunnel,15,U2R
836,0,tcp,http,SF,54540,8314,0,0,0,2,0,1,1,0,0,0,0,0,0,0,0,0,3,4,0.0,0.0,0.0,0.0,1.0,0.0,0.5,255,251,0.98,0.01,0.0,0.0,0.0,0.0,0.0,0.0,back,13,DoS
837,1,tcp,telnet,SF,117,1357,0,0,0,0,0,1,0,0,0,0,0,0,0,0,0,0,1,1,0.0,0.0,0.0,0.0,1.0,0.0,0.0,26,2,0.08,0.12,0.04,0.0,0.0,0.0,0.0,0.0,ps,3,U2R
838,0,tcp,private,RSTR,0,0,0,0,0,0,0,0,0,0,0,0,0,0,0,0,0,0,1,1,0.0,0.0,1.0,1.0,1.0,0.0,0.0,149,1,0.01,0.66,0.65,0.0,0.0,0.0,0.66,1.0,portsweep,15,Probe
840,0,tcp,private,REJ,0,0,0,0,0,0,0,0,0,0,0,0,0,0,0,0,0,0,2,1,0.0,0.0,1.0,1.0,0.5,1.0,0.0,255,1,0.0,0.77,0.7,0.0,0.0,0.0,0.71,1.0,portsweep,18,Probe
842,1,tcp,smtp,SF,2599,293,0,0,0,0,0,1,0,0,0,0,0,0,0,0,0,0,3,3,0.0,0.0,0.0,0.0,1.0,0.0,0.0,255,227,0.89,0.11,0.0,0.0,0.0,0.0,0.1,0.0,mailbomb,14,DoS
844,0,udp,private,SF,105,147,0,0,0,0,0,0,0,0,0,0,0,0,0,0,0,0,1,1,0.0,0.0,0.0,0.0,1.0,0.0,0.0,185,183,0.99,0.01,0.01,0.0,0.0,0.0,0.0,0.0,snmpgetattack,1,R2L
845,218,tcp,X11,SF,181832,24172,0,0,0,0,0,0,0,0,0,0,0,0,0,0,0,0,1,1,0.0,0.0,0.0,0.0,1.0,0.0,0.0,170,2,0.01,0.04,0.01,0.0,0.0,0.0,0.0,0.0,xlock,1,R2L
846,0,tcp,smtp,REJ,0,0,0,0,0,0,0,0,0,0,0,0,0,0,0,0,0,0,1,1,0.0,0.0,1.0,1.0,1.0,0.0,0.0,255,3,0.01,0.95,0.0,0.0,0.14,0.0,0.86,1.0,normal,11,normal
847,0,udp,other,SF,146,146,0,0,0,0,0,0,0,0,0,0,0,0,0,0,0,0,1,1,0.0,0.0,0.0,0.0,1.0,0.0,0.0,47,21,0.45,0.09,1.0,0.0,0.0,0.0,0.0,0.0,snmpgetattack,0,R2L
851,0,tcp,other,REJ,0,0,0,0,0,0,0,0,0,0,0,0,0,0,0,0,0,0,1,1,0.0,0.0,1.0,1.0,1.0,0.0,0.0,255,49,0.19,0.02,0.0,0.0,0.0,0.0,0.17,0.84,httptunnel,15,U2R
853,0,icmp,ecr_i,SF,1032,0,0,0,0,0,0,0,0,0,0,0,0,0,0,0,0,0,293,293,0.0,0.0,0.0,0.0,1.0,0.0,0.0,255,255,1.0,0.0,1.0,0.0,0.0,0.0,0.0,0.0,smurf,19,DoS
855,0,tcp,http,SF,54540,8314,0,0,0,2,0,1,1,0,0,0,0,0,0,0,0,0,4,5,0.0,0.0,0.0,0.0,1.0,0.0,0.4,255,243,0.95,0.01,0.0,0.0,0.0,0.0,0.06,0.06,back,11,DoS
858,0,udp,private,SF,46,0,0,0,0,0,0,0,0,0,0,0,0,0,0,0,0,0,3,3,0.0,0.0,0.0,0.0,1.0,0.0,0.0,255,255,1.0,0.0,0.01,0.0,0.0,0.0,0.0,0.0,snmpguess,17,R2L
859,0,icmp,eco_i,SF,8,0,0,0,0,0,0,0,0,0,0,0,0,0,0,0,0,0,1,44,0.0,0.0,0.0,0.0,1.0,0.0,1.0,2,79,1.0,0.0,1.0,0.51,0.0,0.0,0.0,0.0,ipsweep,17,Probe
860,0,icmp,ecr_i,SF,1480,0,0,1,0,0,0,0,0,0,0,0,0,0,0,0,0,0,1,3,0.0,0.0,0.0,0.0,1.0,0.0,0.67,2,15,0.5,1.0,0.5,0.53,0.0,0.0,0.0,0.0,pod,14,DoS
861,0,tcp,http,SF,54540,8314,0,0,0,2,0,1,1,0,0,0,0,0,0,0,0,0,4,16,0.0,0.0,0.0,0.0,1.0,0.0,0.12,255,255,1.0,0.0,0.0,0.0,0.01,0.01,0.05,0.05,back,12,DoS
864,4,tcp,pop_3,SF,32,93,0,0,0,0,0,1,0,0,0,0,0,0,0,0,0,0,1,1,0.0,0.0,0.0,0.0,1.0,0.0,0.0,255,141,0.55,0.02,0.0,0.0,0.0,0.0,0.16,0.0,guess_passwd,16,R2L
866,0,udp,private,SF,105,147,0,0,0,0,0,0,0,0,0,0,0,0,0,0,0,0,2,2,0.0,0.0,0.0,0.0,1.0,0.0,0.0,255,254,1.0,0.01,0.0,0.0,0.0,0.0,0.0,0.0,snmpgetattack,9,R2L
869,0,tcp,private,SH,0,0,0,0,0,0,0,0,0,0,0,0,0,0,0,0,0,0,1,1,1.0,1.0,0.0,0.0,1.0,0.0,0.0,39,1,0.03,1.0,1.0,0.0,1.0,1.0,0.0,0.0,nmap,18,Probe
870,0,tcp,telnet,S0,0,0,0,0,0,0,0,0,0,0,0,0,0,0,0,0,0,0,1,14,1.0,0.36,0.0,0.36,1.0,0.0,0.71,38,87,0.37,0.08,0.03,0.03,1.0,1.0,0.0,0.0,mscan,18,Probe
871,0,icmp,tim_i,SF,564,0,0,0,0,0,0,0,0,0,0,0,0,0,0,0,0,0,3,2,0.0,0.0,0.0,0.0,0.67,0.67,0.0,225,2,0.01,0.03,0.01,0.0,0.0,0.0,0.0,0.0,pod,1,DoS
872,4,tcp,pop_3,SF,28,93,0,0,0,0,0,1,0,0,0,0,0,0,0,0,0,0,1,1,0.0,0.0,0.0,0.0,1.0,0.0,0.0,133,117,0.87,0.02,0.01,0.02,0.0,0.0,0.08,0.0,guess_passwd,8,R2L
873,0,icmp,eco_i,SF,18,0,0,0,0,0,0,0,0,0,0,0,0,0,0,0,0,0,1,1,0.0,0.0,0.0,0.0,1.0,0.0,0.0,1,217,1.0,0.0,1.0,1.0,0.0,0.0,0.0,0.0,ipsweep,15,Probe
874,0,tcp,other,REJ,0,0,0,0,0,0,0,0,0,0,0,0,0,0,0,0,0,0,1,1,0.0,0.0,1.0,1.0,1.0,0.0,0.0,123,21,0.17,0.06,0.01,0.0,0.0,0.0,0.12,0.71,httptunnel,11,U2R
875,0,tcp,domain,SF,1562,0,0,0,0,0,0,0,0,0,0,0,0,0,0,0,0,0,1,1,0.0,0.0,0.0,0.0,1.0,0.0,0.0,5,1,0.2,0.4,0.2,0.0,0.0,0.0,0.0,0.0,named,3,R2L
877,0,tcp,private,SH,0,0,0,0,0,0,0,0,0,0,0,0,0,0,0,0,0,0,1,1,1.0,1.0,0.0,0.0,1.0,0.0,0.0,87,1,0.01,1.0,1.0,0.0,1.0,1.0,0.0,0.0,nmap,18,Probe
879,0,udp,private,SF,105,146,0,0,0,0,0,0,0,0,0,0,0,0,0,0,0,0,1,1,0.0,0.0,0.0,0.0,1.0,0.0,0.0,255,254,1.0,0.01,0.02,0.0,0.0,0.0,0.0,0.0,normal,14,normal
880,0,udp,private,SF,47,0,0,0,0,0,0,0,0,0,0,0,0,0,0,0,0,0,4,4,0.0,0.0,0.0,0.0,1.0,0.0,0.0,255,253,0.99,0.01,0.01,0.0,0.0,0.0,0.0,0.0,snmpguess,15,R2L
882,0,tcp,private,REJ,0,0,0,0,0,0,0,0,0,0,0,0,0,0,0,0,0,0,2,1,0.0,0.0,1.0,1.0,0.5,1.0,0.0,255,1,0.0,0.75,0.65,0.0,0.0,0.0,0.65,1.0,portsweep,18,Probe
883,0,tcp,name,S0,0,0,0,0,0,0,0,0,0,0,0,0,0,0,0,0,0,0,251,5,1.0,1.0,0.0,0.0,0.02,0.06,0.0,255,5,0.02,0.07,0.0,0.0,1.0,1.0,0.0,0.0,neptune,20,DoS
884,0,udp,private,SF,105,147,0,0,0,0,0,0,0,0,0,0,0,0,0,0,0,0,3,3,0.0,0.0,0.0,0.0,1.0,0.0,0.0,255,255,1.0,0.0,0.0,0.0,0.0,0.0,0.0,0.0,normal,19,normal
885,7,tcp,other,REJ,0,0,0,0,0,0,0,0,0,0,0,0,0,0,0,0,0,0,436,1,0.05,0.0,0.95,1.0,0.0,1.0,0.0,255,1,0.0,1.0,0.0,0.0,0.05,0.0,0.95,1.0,saint,17,Probe
886,0,udp,private,SF,105,147,0,0,0,0,0,0,0,0,0,0,0,0,0,0,0,0,1,1,0.0,0.0,0.0,0.0,1.0,0.0,0.0,86,85,0.99,0.02,0.01,0.0,0.0,0.0,0.0,0.0,snmpgetattack,1,R2L
887,0,tcp,ftp_data,SF,12,0,0,0,0,0,0,0,0,0,0,0,0,0,0,0,0,0,1,1,0.0,0.0,0.0,0.0,1.0,0.0,0.0,127,27,0.21,0.06,0.21,0.0,0.0,0.0,0.0,0.0,warezmaster,4,R2L
889,0,tcp,telnet,S3,0,44,0,0,0,0,0,0,0,0,0,0,0,0,0,0,0,0,1,1,1.0,1.0,0.0,0.0,1.0,0.0,0.0,255,66,0.26,0.66,0.0,0.0,0.16,0.62,0.64,0.0,processtable,18,DoS
892,0,tcp,domain,REJ,0,0,0,0,0,0,0,0,0,0,0,0,0,0,0,0,0,0,1,1,0.0,0.0,1.0,1.0,1.0,0.0,0.0,1,1,1.0,0.0,1.0,0.0,0.0,0.0,1.0,1.0,named,4,R2L
893,0,tcp,private,REJ,0,0,0,0,0,0,0,0,0,0,0,0,0,0,0,0,0,0,2,1,0.0,0.0,1.0,1.0,0.5,1.0,0.0,255,1,0.0,1.0,0.99,0.0,0.0,0.0,0.99,1.0,portsweep,18,Probe
896,0,tcp,private,SH,0,0,0,0,0,0,0,0,0,0,0,0,0,0,0,0,0,0,1,1,1.0,1.0,0.0,0.0,1.0,0.0,0.0,167,1,0.01,1.0,1.0,0.0,1.0,1.0,0.0,0.0,nmap,18,Probe
897,0,tcp,telnet,S3,0,44,0,0,0,0,0,0,0,0,0,0,0,0,0,0,0,0,1,1,1.0,1.0,0.0,0.0,1.0,0.0,0.0,255,87,0.34,0.03,0.0,0.0,0.03,0.09,0.11,0.15,processtable,18,DoS
898,0,tcp,telnet,S3,0,44,0,0,0,0,0,0,0,0,0,0,0,0,0,0,0,0,1,1,1.0,1.0,0.0,0.0,1.0,0.0,0.0,255,85,0.33,0.59,0.0,0.0,0.24,0.71,0.58,0.0,processtable,19,DoS
900,0,udp,private,SF,105,0,0,0,0,0,0,0,0,0,0,0,0,0,0,0,0,0,5,5,0.0,0.0,0.0,0.0,1.0,0.0,0.0,255,255,1.0,0.0,0.01,0.0,0.0,0.0,0.0,0.0,normal,19,normal
902,43,tcp,telnet,SF,260,2611,0,0,0,0,0,1,0,1,0,2,2,1,0,0,0,0,1,1,0.0,0.0,0.0,0.0,1.0,0.0,0.0,255,13,0.05,0.02,0.0,0.0,0.0,0.0,0.03,0.62,perl,3,U2R
903,0,tcp,http,SF,54540,8314,0,0,0,2,0,1,1,0,0,0,0,0,0,0,0,0,6,6,0.0,0.0,0.0,0.0,1.0,0.0,0.0,255,239,0.94,0.01,0.0,0.0,0.0,0.0,0.02,0.02,back,12,DoS
906,0,icmp,eco_i,SF,8,0,0,0,0,0,0,0,0,0,0,0,0,0,0,0,0,0,1,1,0.0,0.0,0.0,0.0,1.0,0.0,0.0,2,148,1.0,0.0,1.0,0.5,0.0,0.0,0.0,0.0,ipsweep,15,Probe
908,0,tcp,telnet,S3,0,44,0,0,0,0,0,0,0,0,0,0,0,0,0,0,0,0,1,1,1.0,1.0,0.0,0.0,1.0,0.0,0.0,255,90,0.35,0.03,0.0,0.0,0.04,0.12,0.11,0.14,processtable,17,DoS
909,7290,tcp,telnet,SF,0,44,0,0,0,0,0,0,0,0,0,0,0,0,0,0,0,0,1,1,0.0,0.0,0.0,0.0,1.0,0.0,0.0,255,229,0.9,0.11,0.0,0.0,0.5,0.55,0.11,0.01,processtable,18,DoS
911,0,tcp,http,S0,0,0,0,0,0,0,0,0,0,0,0,0,0,0,0,0,0,0,35,35,0.83,0.83,0.14,0.14,1.0,0.0,0.0,255,255,1.0,0.0,0.0,0.0,0.16,0.16,0.7,0.7,apache2,18,DoS
913,0,udp,private,SF,49,0,0,0,0,0,0,0,0,0,0,0,0,0,0,0,0,0,3,3,0.0,0.0,0.0,0.0,1.0,0.0,0.0,255,255,1.0,0.0,0.01,0.0,0.0,0.0,0.0,0.0,snmpguess,17,R2L
914,0,tcp,private,REJ,0,0,0,0,0,0,0,0,0,0,0,0,0,0,0,0,0,0,444,1,0.04,0.0,0.93,1.0,0.0,1.0,0.0,255,1,0.0,1.0,0.0,0.0,0.06,0.0,0.89,1.0,saint,18,Probe
918,2067,tcp,http,RSTR,72564,0,0,0,0,0,0,1,0,0,0,0,0,0,0,0,0,0,9,9,0.0,0.0,1.0,1.0,1.0,0.0,0.0,255,244,0.96,0.01,0.0,0.0,0.02,0.02,0.5,0.52,apache2,15,DoS
919,0,udp,private,SF,50,47,0,0,0,0,0,0,0,0,0,0,0,0,0,0,0,0,505,505,0.0,0.0,0.0,0.0,1.0,0.0,0.0,255,255,1.0,0.0,1.0,0.0,0.0,0.0,0.0,0.0,normal,15,normal
920,0,tcp,private,SH,0,0,0,0,0,0,0,0,0,0,0,0,0,0,0,0,0,0,1,1,1.0,1.0,0.0,0.0,1.0,0.0,0.0,76,1,0.01,1.0,1.0,0.0,1.0,1.0,0.0,0.0,nmap,19,Probe
921,2061,tcp,http,RSTR,72564,0,0,0,0,0,0,1,0,0,0,0,0,0,0,0,0,0,11,11,0.0,0.0,1.0,1.0,1.0,0.0,0.0,255,243,0.95,0.01,0.0,0.0,0.02,0.02,0.29,0.3,apache2,14,DoS
922,91,tcp,imap4,RSTO,1352,291,0,0,0,0,0,0,0,0,0,0,0,0,0,0,0,0,1,1,0.0,0.0,1.0,1.0,1.0,0.0,0.0,255,1,0.0,0.02,0.0,0.0,0.0,0.0,0.0,1.0,imap,11,R2L
924,0,tcp,telnet,REJ,0,0,0,0,0,0,0,0,0,0,0,0,0,0,0,0,0,0,3,32,0.0,0.12,1.0,0.81,0.33,1.0,0.94,10,87,0.3,0.5,0.1,0.03,0.0,0.0,0.6,0.66,mscan,14,Probe
927,31,tcp,telnet,SF,198,1608,0,0,0,1,0,1,1,0,0,1,2,1,0,0,0,0,1,1,0.0,0.0,0.0,0.0,1.0,0.0,0.0,29,3,0.1,0.1,0.03,0.0,0.0,0.0,0.0,0.0,ps,0,U2R
930,0,icmp,eco_i,SF,8,0,0,0,0,0,0,0,0,0,0,0,0,0,0,0,0,0,1,31,0.0,0.0,0.0,0.0,1.0,0.0,1.0,1,48,1.0,0.0,1.0,0.52,0.0,0.0,0.0,0.0,ipsweep,15,Probe
933,0,icmp,eco_i,SF,18,0,0,0,0,0,0,0,0,0,0,0,0,0,0,0,0,0,1,1,0.0,0.0,0.0,0.0,1.0,0.0,0.0,1,56,1.0,0.0,1.0,1.0,0.0,0.0,0.0,0.0,ipsweep,18,Probe
934,4,tcp,pop_3,SF,27,93,0,0,0,0,0,1,0,0,0,0,0,0,0,0,0,0,1,1,0.0,0.0,0.0,0.0,1.0,0.0,0.0,67,65,0.96,0.03,0.01,0.03,0.0,0.0,0.0,0.0,guess_passwd,6,R2L
935,72,tcp,telnet,SF,2783,15142,0,0,0,10,0,1,2,1,0,0,0,0,0,0,0,0,1,1,0.0,0.0,0.0,0.0,1.0,0.0,0.0,255,56,0.22,0.15,0.0,0.0,0.0,0.0,0.98,0.98,buffer_overflow,4,U2R
936,0,udp,private,SF,46,0,0,0,0,0,0,0,0,0,0,0,0,0,0,0,0,0,6,6,0.0,0.0,0.0,0.0,1.0,0.0,0.0,255,255,1.0,0.0,0.0,0.0,0.0,0.0,0.0,0.0,snmpguess,15,R2L
938,0,icmp,ecr_i,SF,1480,0,0,1,0,0,0,0,0,0,0,0,0,0,0,0,0,0,1,3,0.0,0.0,0.0,0.0,1.0,0.0,0.67,90,23,0.01,1.0,0.01,0.52,0.99,0.0,0.0,0.0,pod,15,DoS
943,7408,tcp,telnet,SF,0,44,0,0,0,0,0,0,0,0,0,0,0,0,0,0,0,0,1,1,0.0,0.0,0.0,0.0,1.0,0.0,0.0,255,222,0.87,0.02,0.0,0.0,0.33,0.38,0.12,0.06,processtable,18,DoS
946,281,tcp,ftp_data,SF,283618,0,0,0,0,0,0,0,0,0,0,0,0,0,0,0,0,0,1,1,0.0,0.0,0.0,0.0,1.0,0.0,0.0,3,3,1.0,0.0,1.0,0.0,0.0,0.0,0.0,0.0,warezmaster,19,R2L
948,67,tcp,telnet,SF,212,3098,0,0,0,2,0,1,3,0,0,4,0,0,0,0,0,1,1,1,0.0,0.0,0.0,0.0,1.0,0.0,0.0,255,1,0.0,0.01,0.0,0.0,0.0,0.0,0.0,0.0,multihop,0,R2L
949,0,icmp,eco_i,SF,20,0,0,0,0,0,0,0,0,0,0,0,0,0,0,0,0,0,1,68,0.0,0.0,0.0,0.0,1.0,0.0,1.0,4,134,1.0,0.0,1.0,0.26,0.0,0.0,0.0,0.0,saint,16,Probe
950,0,tcp,smtp,SF,0,83,0,0,0,0,0,1,0,0,0,0,0,0,0,0,0,0,1,1,0.0,0.0,0.0,0.0,1.0,0.0,0.0,148,200,0.78,0.03,0.01,0.01,0.0,0.0,0.01,0.01,normal,18,normal
955,2075,tcp,http,RSTR,72564,0,0,0,0,0,0,1,0,0,0,0,0,0,0,0,0,0,10,10,0.0,0.0,1.0,1.0,1.0,0.0,0.0,255,232,0.91,0.02,0.0,0.0,0.0,0.0,0.09,0.1,apache2,15,DoS
956,0,icmp,ecr_i,SF,1480,0,0,1,0,0,0,0,0,0,0,0,0,0,0,0,0,0,1,3,0.0,0.0,0.0,0.0,1.0,0.0,0.67,1,9,1.0,0.0,1.0,0.56,0.0,0.0,0.0,0.0,pod,15,DoS
958,0,tcp,telnet,S3,0,44,0,0,0,0,0,0,0,0,0,0,0,0,0,0,0,0,1,1,1.0,1.0,0.0,0.0,1.0,0.0,0.0,255,131,0.51,0.03,0.0,0.0,0.22,0.42,0.11,0.1,processtable,19,DoS
959,0,tcp,other,REJ,0,0,0,0,0,0,0,0,0,0,0,0,0,0,0,0,0,0,491,1,0.09,0.0,0.9,1.0,0.0,1.0,0.0,255,1,0.0,1.0,0.0,0.0,0.08,0.0,0.92,1.0,saint,19,Probe
960,0,tcp,ssh,S0,0,0,0,0,0,0,0,0,0,0,0,0,0,0,0,0,0,0,179,16,1.0,1.0,0.0,0.0,0.09,0.08,0.0,255,16,0.06,0.09,0.0,0.0,1.0,1.0,0.0,0.0,neptune,19,DoS
961,0,tcp,telnet,S3,0,44,0,0,0,0,0,0,0,0,0,0,0,0,0,0,0,0,1,1,1.0,1.0,0.0,0.0,1.0,0.0,0.0,255,137,0.54,0.02,0.0,0.0,0.53,0.46,0.01,0.01,processtable,18,DoS
964,0,icmp,eco_i,SF,20,0,0,0,0,0,0,0,0,0,0,0,0,0,0,0,0,0,1,56,0.0,0.0,0.0,0.0,1.0,0.0,1.0,4,164,1.0,0.0,1.0,0.25,0.0,0.0,0.0,0.0,saint,15,Probe
965,7513,tcp,telnet,SF,0,44,0,0,0,0,0,0,0,0,0,0,0,0,0,0,0,0,1,1,0.0,0.0,0.0,0.0,1.0,0.0,0.0,255,198,0.78,0.03,0.0,0.0,0.33,0.43,0.12,0.07,processtable,18,DoS
966,0,icmp,eco_i,SF,20,0,0,0,0,0,0,0,0,0,0,0,0,0,0,0,0,0,1,55,0.0,0.0,0.0,0.0,1.0,0.0,1.0,1,101,1.0,0.0,1.0,0.26,0.0,0.0,0.0,0.0,saint,15,Probe
967,0,tcp,name,REJ,0,0,0,0,0,0,0,0,0,0,0,0,0,0,0,0,0,0,237,10,0.0,0.0,1.0,1.0,0.04,0.06,0.0,255,10,0.04,0.07,0.0,0.0,0.0,0.0,1.0,1.0,neptune,19,DoS
968,0,tcp,private,REJ,0,0,0,0,0,0,0,0,0,0,0,0,0,0,0,0,0,0,2,1,0.0,0.0,1.0,1.0,0.5,1.0,0.0,255,1,0.0,0.43,0.09,0.0,0.0,0.0,0.1,1.0,portsweep,20,Probe
969,0,udp,private,SF,48,0,0,0,0,0,0,0,0,0,0,0,0,0,0,0,0,0,4,4,0.0,0.0,0.0,0.0,1.0,0.0,0.0,255,255,1.0,0.0,0.0,0.0,0.0,0.0,0.0,0.0,snmpguess,17,R2L
970,0,icmp,ecr_i,SF,1032,0,0,0,0,0,0,0,0,0,0,0,0,0,0,0,0,0,511,511,0.0,0.0,0.0,0.0,1.0,0.0,0.0,255,227,0.89,0.02,0.89,0.0,0.0,0.0,0.0,0.0,smurf,17,DoS
971,805,tcp,http,RSTR,77344,1,0,0,0,0,0,1,0,0,0,0,0,0,0,0,0,0,54,54,0.11,0.11,0.89,0.89,1.0,0.0,0.0,255,254,1.0,0.01,0.0,0.0,0.03,0.03,0.74,0.74,apache2,15,DoS
972,4,tcp,pop_3,SF,27,93,0,0,0,0,0,1,0,0,0,0,0,0,0,0,0,0,1,1,0.0,0.0,0.0,0.0,1.0,0.0,0.0,255,219,0.86,0.02,0.0,0.0,0.0,0.0,0.03,0.0,guess_passwd,17,R2L
973,0,tcp,other,REJ,0,0,0,0,0,0,0,0,0,0,0,0,0,0,0,0,0,0,1,1,0.0,0.0,1.0,1.0,1.0,0.0,0.0,255,4,0.02,0.01,0.0,0.0,0.0,0.0,0.02,1.0,httptunnel,18,U2R
975,0,udp,private,SF,44,0,0,0,0,0,0,0,0,0,0,0,0,0,0,0,0,0,4,4,0.0,0.0,0.0,0.0,1.0,0.0,0.0,255,254,1.0,0.01,0.02,0.0,0.0,0.0,0.0,0.0,snmpguess,16,R2L
977,0,udp,private,SF,105,146,0,0,0,0,0,0,0,0,0,0,0,0,0,0,0,0,2,2,0.0,0.0,0.0,0.0,1.0,0.0,0.0,29,28,0.97,0.07,0.03,0.0,0.0,0.0,0.0,0.0,snmpgetattack,0,R2L
979,469,tcp,X11,SF,1360,17984,0,0,0,0,0,0,0,0,0,0,0,0,0,0,0,0,1,1,0.0,0.0,0.0,0.0,1.0,0.0,0.0,255,1,0.0,0.03,0.0,0.0,0.0,0.0,0.0,0.0,xsnoop,0,R2L
980,0,tcp,bgp,S0,0,0,0,0,0,0,0,0,0,0,0,0,0,0,0,0,0,0,167,14,1.0,1.0,0.0,0.0,0.08,0.1,0.0,255,14,0.05,0.1,0.0,0.0,1.0,1.0,0.0,0.0,neptune,18,DoS
983,0,udp,private,SF,1,1,0,0,0,0,0,0,0,0,0,0,0,0,0,0,0,0,58,1,0.0,0.0,0.0,0.0,0.02,0.57,0.0,255,1,0.0,0.57,0.99,0.0,0.0,0.0,0.01,0.0,satan,18,Probe
985,35,tcp,ftp,SF,96,533,0,0,0,1,0,1,0,0,0,0,0,0,0,0,0,0,1,1,0.0,0.0,0.0,0.0,1.0,0.0,0.0,221,3,0.01,0.03,0.0,0.0,0.0,0.0,0.0,0.0,rootkit,4,U2R
986,0,tcp,other,REJ,0,0,0,0,0,0,0,0,0,0,0,0,0,0,0,0,0,0,480,1,0.04,0.0,0.96,1.0,0.0,1.0,0.0,255,1,0.0,1.0,0.0,0.0,0.05,0.0,0.95,1.0,satan,20,Probe
989,280,tcp,ftp_data,SF,283618,0,0,0,0,0,0,0,0,0,0,0,0,0,0,0,0,0,2,2,0.0,0.0,0.0,0.0,1.0,0.0,0.0,4,19,1.0,0.0,1.0,0.26,0.0,0.0,0.0,0.0,warezmaster,17,R2L
990,0,icmp,tim_i,SF,564,0,0,0,0,0,0,0,0,0,0,0,0,0,0,0,0,0,1,1,0.0,0.0,0.0,0.0,1.0,0.0,0.0,3,3,1.0,0.0,1.0,0.0,0.0,0.0,0.0,0.0,pod,7,DoS
991,0,udp,private,SF,0,0,0,0,0,0,0,0,0,0,0,0,0,0,0,0,0,0,1,1,0.0,0.0,0.0,0.0,1.0,0.0,0.0,4,1,0.25,0.5,0.25,0.0,0.0,0.0,0.0,0.0,udpstorm,9,DoS
996,8224,tcp,telnet,SF,0,15,0,0,0,0,0,0,0,0,0,0,0,0,0,0,0,0,1,1,0.0,0.0,0.0,0.0,1.0,0.0,0.0,255,62,0.24,0.02,0.0,0.0,0.77,0.82,0.01,0.03,processtable,18,DoS
997,0,tcp,http,S0,0,0,0,0,0,0,0,0,0,0,0,0,0,0,0,0,0,0,104,104,1.0,1.0,0.0,0.0,1.0,0.0,0.0,255,255,1.0,0.0,0.0,0.0,0.54,0.54,0.44,0.44,apache2,17,DoS
998,0,tcp,ftp_data,SF,0,5928,0,0,0,0,0,0,0,0,0,0,0,0,0,0,0,0,2,2,0.0,0.0,0.0,0.0,1.0,0.0,0.0,2,8,1.0,0.0,1.0,0.25,0.0,0.0,0.0,0.0,buffer_overflow,14,U2R
999,0,icmp,eco_i,SF,18,0,0,0,0,0,0,0,0,0,0,0,0,0,0,0,0,0,1,1,0.0,0.0,0.0,0.0,1.0,0.0,0.0,1,118,1.0,0.0,1.0,1.0,0.0,0.0,0.0,0.0,ipsweep,17,Probe
1001,0,icmp,ecr_i,SF,1032,0,0,0,0,0,0,0,0,0,0,0,0,0,0,0,0,0,230,230,0.0,0.0,0.0,0.0,1.0,0.0,0.0,255,255,1.0,0.0,1.0,0.0,0.0,0.0,0.0,0.0,smurf,20,DoS
1002,0,tcp,auth,SF,9,34,0,0,0,0,0,0,0,0,0,0,0,0,0,0,0,0,1,1,0.0,0.0,0.0,0.0,1.0,0.0,0.0,1,1,1.0,0.0,1.0,0.0,0.0,0.0,0.0,0.0,sendmail,4,R2L
1003,0,tcp,other,REJ,0,0,0,0,0,0,0,0,0,0,0,0,0,0,0,0,0,0,511,1,0.17,0.0,0.83,1.0,0.0,1.0,0.0,255,1,0.0,0.93,0.0,0.0,0.18,0.0,0.82,1.0,satan,20,Probe
1004,0,tcp,private,REJ,0,0,0,0,0,0,0,0,0,0,0,0,0,0,0,0,0,0,508,1,0.0,0.0,0.99,1.0,0.0,0.97,0.0,255,1,0.0,0.95,0.0,0.0,0.0,0.0,1.0,1.0,satan,18,Probe
1006,4,tcp,pop_3,SF,28,93,0,0,0,0,0,1,0,0,0,0,0,0,0,0,0,0,1,1,0.0,0.0,0.0,0.0,1.0,0.0,0.0,159,141,0.88,0.02,0.01,0.01,0.0,0.0,0.06,0.0,guess_passwd,10,R2L
1007,0,tcp,http,SF,54540,8314,0,0,0,2,0,1,1,0,0,0,0,0,0,0,0,0,3,15,0.0,0.0,0.0,0.0,1.0,0.0,0.27,255,253,0.99,0.01,0.0,0.0,0.0,0.0,0.01,0.01,back,14,DoS
1008,9,tcp,smtp,SF,4485,631,0,0,0,0,0,1,0,1,0,2,0,0,1,0,0,0,1,1,0.0,0.0,0.0,0.0,1.0,0.0,0.0,41,151,0.2,0.12,0.02,0.01,0.0,0.0,0.0,0.0,sendmail,0,R2L
1009,280,tcp,ftp_data,SF,283618,0,0,0,0,0,0,0,0,0,0,0,0,0,0,0,0,0,2,3,0.0,0.0,0.0,0.0,1.0,0.0,0.67,2,2,1.0,0.0,1.0,0.0,0.0,0.0,0.0,0.0,warezmaster,16,R2L
1011,0,tcp,private,SH,0,0,0,0,0,0,0,0,0,0,0,0,0,0,0,0,0,0,1,1,1.0,1.0,0.0,0.0,1.0,0.0,0.0,178,1,0.01,1.0,1.0,0.0,1.0,1.0,0.0,0.0,nmap,18,Probe
1013,0,icmp,eco_i,SF,8,0,0,0,0,0,0,0,0,0,0,0,0,0,0,0,0,0,1,24,0.0,0.0,0.0,0.0,1.0,0.0,1.0,2,120,1.0,0.0,1.0,0.5,0.0,0.0,0.0,0.0,ipsweep,15,Probe
1014,0,tcp,ldap,S0,0,0,0,0,0,0,0,0,0,0,0,0,0,0,0,0,0,0,36,3,1.0,1.0,0.0,0.0,0.08,0.22,0.0,255,3,0.01,0.18,0.0,0.0,1.0,1.0,0.0,0.0,neptune,18,DoS
1017,0,tcp,http,S0,0,0,0,0,0,0,0,0,0,0,0,0,0,0,0,0,0,0,70,70,1.0,1.0,0.0,0.0,1.0,0.0,0.0,255,255,1.0,0.0,0.0,0.0,0.84,0.84,0.13,0.13,apache2,18,DoS
1018,0,tcp,private,RSTR,0,0,0,0,0,0,0,0,0,0,0,0,0,0,0,0,0,0,1,1,0.0,0.0,1.0,1.0,1.0,0.0,0.0,255,1,0.0,0.82,0.8,0.0,0.0,0.0,0.82,1.0,portsweep,18,Probe
1019,282,tcp,ftp,SF,159,597,0,0,0,2,0,1,0,0,0,0,0,0,0,0,0,1,1,1,0.0,0.0,0.0,0.0,1.0,0.0,0.0,17,15,0.88,0.12,0.06,0.0,0.0,0.0,0.0,0.0,warezmaster,10,R2L
1020,0,udp,private,SF,48,0,0,0,0,0,0,0,0,0,0,0,0,0,0,0,0,0,5,5,0.0,0.0,0.0,0.0,1.0,0.0,0.0,255,255,1.0,0.0,0.0,0.0,0.0,0.0,0.0,0.0,snmpguess,16,R2L
1021,0,tcp,bgp,REJ,0,0,0,0,0,0,0,0,0,0,0,0,0,0,0,0,0,0,222,2,0.0,0.0,1.0,1.0,0.01,0.06,0.0,255,2,0.01,0.06,0.0,0.0,0.0,0.0,1.0,1.0,neptune,20,DoS
1022,1,tcp,smtp,SF,2599,293,0,0,0,0,0,1,0,0,0,0,0,0,0,0,0,0,3,3,0.0,0.0,0.0,0.0,1.0,0.0,0.0,255,104,0.41,0.14,0.0,0.0,0.0,0.0,0.58,0.0,mailbomb,11,DoS
1023,2054,tcp,http,RSTR,72564,0,0,0,0,0,0,1,0,0,0,0,0,0,0,0,0,0,13,13,0.0,0.0,1.0,1.0,1.0,0.0,0.0,255,244,0.96,0.01,0.0,0.0,0.02,0.02,0.44,0.46,apache2,15,DoS
1024,277,tcp,X11,SF,61712,36604,0,0,0,0,0,0,0,0,0,0,0,0,0,0,0,0,1,1,0.0,0.0,0.0,0.0,1.0,0.0,0.0,7,1,0.14,0.29,0.14,0.0,0.0,0.0,0.0,0.0,named,1,R2L
1026,0,tcp,http,S0,0,0,0,0,0,0,0,0,0,0,0,0,0,0,0,0,0,0,60,60,1.0,1.0,0.0,0.0,1.0,0.0,0.0,255,255,1.0,0.0,0.0,0.0,0.31,0.31,0.68,0.68,apache2,16,DoS
1028,0,udp,domain_u,SF,43,127,0,0,0,0,0,0,0,0,0,0,0,0,0,0,0,0,100,180,0.0,0.0,0.0,0.0,0.99,0.02,0.01,255,254,1.0,0.01,0.0,0.0,0.0,0.0,0.0,0.0,normal,18,normal
1030,0,icmp,ecr_i,SF,1032,0,0,0,0,0,0,0,0,0,0,0,0,0,0,0,0,0,226,226,0.0,0.0,0.0,0.0,1.0,0.0,0.0,255,255,1.0,0.0,1.0,0.0,0.0,0.0,0.0,0.0,smurf,20,DoS
1032,0,tcp,other,REJ,0,0,0,0,0,0,0,0,0,0,0,0,0,0,0,0,0,0,411,1,0.15,0.0,0.83,1.0,0.0,1.0,0.0,255,1,0.0,0.96,0.0,0.0,0.1,0.0,0.89,1.0,satan,17,Probe
1033,0,tcp,ftp_data,SF,12,0,0,0,0,0,0,0,0,0,0,0,0,0,0,0,0,0,1,1,0.0,0.0,0.0,0.0,1.0,0.0,0.0,112,13,0.04,0.02,0.04,0.15,0.0,0.0,0.0,0.0,warezmaster,5,R2L
1036,0,tcp,other,SF,267,0,0,0,0,0,0,0,0,0,0,0,0,0,0,0,0,0,1,1,0.0,0.0,0.0,0.0,1.0,0.0,0.0,255,11,0.04,0.01,0.0,0.0,0.0,0.0,0.04,0.91,httptunnel,5,U2R
1037,0,tcp,http,S0,0,0,0,0,0,0,0,0,0,0,0,0,0,0,0,0,0,0,91,91,1.0,1.0,0.0,0.0,1.0,0.0,0.0,255,255,1.0,0.0,0.0,0.0,0.49,0.49,0.49,0.49,apache2,17,DoS
1039,283,tcp,ftp,SF,156,591,0,0,0,2,0,1,0,0,0,0,0,0,0,0,0,1,1,1,0.0,0.0,0.0,0.0,1.0,0.0,0.0,255,100,0.39,0.03,0.0,0.0,0.02,0.0,0.01,0.0,warezmaster,14,R2L
1040,0,tcp,other,REJ,0,0,0,0,0,0,0,0,0,0,0,0,0,0,0,0,0,0,1,1,0.0,0.0,1.0,1.0,1.0,0.0,0.0,255,12,0.05,0.02,0.0,0.0,0.0,0.0,0.05,1.0,httptunnel,17,U2R
1041,899,tcp,http,RSTR,59424,0,0,0,0,0,0,1,0,0,0,0,0,0,0,0,0,0,92,92,0.01,0.01,0.98,0.98,1.0,0.0,0.0,255,255,1.0,0.0,0.0,0.0,0.0,0.0,0.35,0.35,apache2,15,DoS
1042,0,tcp,private,REJ,0,0,0,0,0,0,0,0,0,0,0,0,0,0,0,0,0,0,2,1,0.0,0.0,1.0,1.0,0.5,1.0,0.0,255,1,0.0,0.49,0.22,0.0,0.0,0.0,0.22,1.0,portsweep,18,Probe
1043,69,tcp,telnet,SF,331,2762,0,0,0,0,0,1,0,0,0,0,3,2,0,0,0,0,1,1,0.0,0.0,0.0,0.0,1.0,0.0,0.0,255,1,0.0,0.01,0.0,0.0,0.0,0.0,0.0,0.0,multihop,0,R2L
1044,0,udp,private,SF,105,146,0,0,0,0,0,0,0,0,0,0,0,0,0,0,0,0,1,1,0.0,0.0,0.0,0.0,1.0,0.0,0.0,255,254,1.0,0.01,0.0,0.0,0.0,0.0,0.0,0.0,snmpgetattack,6,R2L
1046,0,icmp,ecr_i,SF,1480,0,0,1,0,0,0,0,0,0,0,0,0,0,0,0,0,0,1,3,0.0,0.0,0.0,0.0,1.0,0.0,0.67,3,21,0.33,1.0,0.33,0.52,0.0,0.0,0.0,0.0,pod,15,DoS
1049,0,udp,private,SF,105,146,0,0,0,0,0,0,0,0,0,0,0,0,0,0,0,0,3,2,0.0,0.0,0.0,0.0,0.67,0.67,0.0,255,254,1.0,0.01,0.0,0.0,0.0,0.0,0.0,0.0,snmpgetattack,0,R2L
1053,0,tcp,private,REJ,0,0,0,0,0,0,0,0,0,0,0,0,0,0,0,0,0,0,234,1,0.11,0.0,0.89,1.0,0.0,1.0,0.0,255,1,0.0,0.88,0.0,0.0,0.1,0.0,0.76,1.0,satan,20,Probe
1054,7238,tcp,telnet,SF,0,44,0,0,0,0,0,0,0,0,0,0,0,0,0,0,0,0,1,1,0.0,0.0,0.0,0.0,1.0,0.0,0.0,255,229,0.9,0.1,0.0,0.0,0.5,0.55,0.1,0.01,processtable,18,DoS
1059,0,udp,private,SF,50,0,0,0,0,0,0,0,0,0,0,0,0,0,0,0,0,0,2,2,0.0,0.0,0.0,0.0,1.0,0.0,0.0,255,255,1.0,0.0,0.01,0.0,0.0,0.0,0.0,0.0,snmpguess,17,R2L
1061,0,udp,private,SF,105,146,0,0,0,0,0,0,0,0,0,0,0,0,0,0,0,0,1,1,0.0,0.0,0.0,0.0,1.0,0.0,0.0,97,96,0.99,0.02,0.01,0.0,0.0,0.0,0.0,0.0,snmpgetattack,1,R2L
1062,0,tcp,http,SF,54540,8314,0,0,0,2,0,1,1,0,0,0,0,0,0,0,0,0,3,11,0.0,0.0,0.33,0.09,1.0,0.0,0.36,255,255,1.0,0.0,0.0,0.0,0.0,0.0,0.07,0.07,back,15,DoS
1065,2077,tcp,http,RSTR,72564,0,0,0,0,0,0,1,0,0,0,0,0,0,0,0,0,0,11,11,0.0,0.0,1.0,1.0,1.0,0.0,0.0,255,231,0.91,0.02,0.0,0.0,0.0,0.0,0.06,0.06,apache2,16,DoS
1067,0,tcp,sunrpc,REJ,0,0,0,0,0,0,0,0,0,0,0,0,0,0,0,0,0,0,1,16,0.0,0.0,1.0,1.0,1.0,0.0,1.0,85,50,0.15,0.06,0.01,0.04,0.02,0.0,0.85,1.0,mscan,13,Probe
1070,0,tcp,http,S0,0,0,0,0,0,0,0,0,0,0,0,0,0,0,0,0,0,0,68,68,1.0,1.0,0.0,0.0,1.0,0.0,0.0,255,255,1.0,0.0,0.0,0.0,0.4,0.4,0.6,0.6,apache2,16,DoS
1072,0,udp,private,SF,105,147,0,0,0,0,0,0,0,0,0,0,0,0,0,0,0,0,1,1,0.0,0.0,0.0,0.0,1.0,0.0,0.0,212,210,0.99,0.01,0.0,0.0,0.0,0.0,0.0,0.0,snmpgetattack,0,R2L
1073,0,tcp,telnet,S0,0,0,0,0,0,0,0,0,0,0,0,0,0,0,0,0,0,0,1,4,1.0,0.25,0.0,0.5,1.0,0.0,0.75,136,85,0.34,0.02,0.01,0.02,1.0,0.54,0.0,0.22,mscan,17,Probe
1075,0,tcp,private,REJ,0,0,0,0,0,0,0,0,0,0,0,0,0,0,0,0,0,0,444,1,0.05,0.0,0.92,1.0,0.0,1.0,0.0,255,1,0.0,1.0,0.0,0.0,0.06,0.0,0.9,1.0,saint,18,Probe
1076,0,udp,private,SF,50,0,0,0,0,0,0,0,0,0,0,0,0,0,0,0,0,0,5,5,0.0,0.0,0.0,0.0,1.0,0.0,0.0,255,253,0.99,0.01,0.01,0.0,0.0,0.0,0.0,0.0,snmpguess,13,R2L
1077,0,tcp,other,REJ,0,0,0,0,0,0,0,0,0,0,0,0,0,0,0,0,0,0,491,1,0.1,0.0,0.9,1.0,0.0,1.0,0.0,255,1,0.0,1.0,0.0,0.0,0.07,0.0,0.93,1.0,saint,19,Probe
1080,1,tcp,smtp,SF,2599,293,0,0,0,0,0,1,0,0,0,0,0,0,0,0,0,0,2,2,0.0,0.0,0.0,0.0,1.0,0.0,0.0,255,168,0.66,0.13,0.0,0.0,0.0,0.0,0.33,0.0,mailbomb,11,DoS
1082,0,tcp,other,REJ,0,0,0,0,0,0,0,0,0,0,0,0,0,0,0,0,0,0,1,1,0.0,0.0,1.0,1.0,1.0,0.0,0.0,255,28,0.11,0.02,0.0,0.0,0.0,0.0,0.09,0.75,httptunnel,16,U2R
1083,0,tcp,telnet,SF,124,174,0,0,0,0,1,0,0,0,0,0,0,0,0,0,0,0,1,1,0.0,0.0,0.0,0.0,1.0,0.0,0.0,255,2,0.01,0.02,0.0,0.0,0.0,0.0,0.0,0.0,guess_passwd,6,R2L
1085,0,udp,private,SF,46,43,0,0,0,0,0,0,0,0,0,0,0,0,0,0,0,0,87,87,0.0,0.0,0.0,0.0,1.0,0.0,0.0,255,255,1.0,0.0,0.33,0.0,0.0,0.0,0.0,0.0,normal,16,normal
1088,0,tcp,private,SH,0,0,0,0,0,0,0,0,0,0,0,0,0,0,0,0,0,0,1,1,1.0,1.0,0.0,0.0,1.0,0.0,0.0,118,1,0.01,1.0,1.0,0.0,1.0,1.0,0.0,0.0,nmap,18,Probe
1089,0,tcp,other,REJ,0,0,0,0,0,0,0,0,0,0,0,0,0,0,0,0,0,0,460,1,0.0,0.0,1.0,1.0,0.0,1.0,0.0,255,1,0.0,1.0,0.0,0.0,0.0,0.0,1.0,1.0,satan,18,Probe
1090,0,tcp,exec,S0,0,0,0,0,0,0,0,0,0,0,0,0,0,0,0,0,0,0,43,6,1.0,1.0,0.0,0.0,0.14,0.19,0.0,255,6,0.02,0.15,0.0,0.0,1.0,1.0,0.0,0.0,neptune,18,DoS
1091,0,udp,private,SF,42,42,0,0,0,0,0,0,0,0,0,0,0,0,0,0,0,0,2,2,0.0,0.0,0.0,0.0,1.0,0.0,0.0,255,255,1.0,0.0,0.01,0.0,0.0,0.0,0.0,0.0,snmpguess,13,R2L
1092,16,tcp,pop_3,RSTR,27,93,0,0,0,0,0,1,0,0,0,0,0,0,0,0,0,0,1,1,0.0,0.0,1.0,1.0,1.0,0.0,0.0,255,213,0.84,0.02,0.0,0.0,0.0,0.0,0.04,0.0,guess_passwd,12,R2L
1093,7,tcp,imap4,RSTO,0,44,0,0,0,0,0,0,0,0,0,0,0,0,0,0,0,0,2,8,0.0,0.0,1.0,1.0,0.5,1.0,1.0,255,20,0.08,0.03,0.0,0.0,0.0,0.0,0.25,0.95,mscan,13,Probe
1094,0,tcp,other,REJ,0,0,0,0,0,0,0,0,0,0,0,0,0,0,0,0,0,0,494,1,0.09,0.0,0.91,1.0,0.0,1.0,0.0,255,1,0.0,1.0,0.0,0.0,0.17,0.0,0.83,1.0,satan,19,Probe
1096,0,tcp,other,RSTR,0,0,0,0,0,0,0,0,0,0,0,0,0,0,0,0,0,0,1,1,0.0,0.0,1.0,1.0,1.0,0.0,0.0,255,1,0.0,0.28,0.27,0.0,0.0,0.0,0.27,1.0,normal,3,normal
1097,41,tcp,ftp,SF,168,596,0,0,0,3,0,1,0,0,0,0,0,0,0,0,1,0,1,1,0.0,0.0,0.0,0.0,1.0,0.0,0.0,1,1,1.0,0.0,1.0,0.0,0.0,0.0,0.0,0.0,multihop,7,R2L
1099,0,udp,domain_u,SF,45,110,0,0,0,0,0,0,0,0,0,0,0,0,0,0,0,0,4,7,0.0,0.0,0.0,0.0,0.75,0.5,0.29,255,211,0.83,0.01,0.0,0.0,0.0,0.0,0.07,0.0,normal,18,normal
1100,0,tcp,ftp,SF,26,157,0,0,0,0,1,0,0,0,0,0,0,0,0,0,0,1,1,1,0.0,0.0,0.0,0.0,1.0,0.0,0.0,211,102,0.48,0.03,0.0,0.0,0.0,0.0,0.0,0.0,guess_passwd,7,R2L
1101,0,tcp,private,RSTR,0,0,0,0,0,0,0,0,0,0,0,0,0,0,0,0,0,0,1,1,0.0,0.0,1.0,1.0,1.0,0.0,0.0,255,1,0.0,0.52,0.51,0.0,0.07,0.0,0.51,1.0,portsweep,18,Probe
1102,2,tcp,telnet,SF,191,10914,0,0,0,0,0,1,0,1,0,3,0,0,0,0,0,0,1,1,0.0,0.0,0.0,0.0,1.0,0.0,0.0,42,3,0.07,0.12,0.02,0.0,0.0,0.0,0.0,0.0,sendmail,1,R2L
1105,0,icmp,eco_i,SF,18,0,0,0,0,0,0,0,0,0,0,0,0,0,0,0,0,0,1,1,0.0,0.0,0.0,0.0,1.0,0.0,0.0,1,62,1.0,0.0,1.0,1.0,0.0,0.0,0.0,0.0,ipsweep,18,Probe
1106,0,icmp,eco_i,SF,18,0,0,0,0,0,0,0,0,0,0,0,0,0,0,0,0,0,1,1,0.0,0.0,0.0,0.0,1.0,0.0,0.0,1,4,1.0,0.0,1.0,1.0,0.0,0.0,0.0,0.0,ipsweep,17,Probe
1108,0,tcp,sunrpc,REJ,0,0,0,0,0,0,0,0,0,0,0,0,0,0,0,0,0,0,4,13,0.0,0.0,1.0,1.0,0.25,1.0,1.0,26,48,0.15,0.19,0.04,0.04,0.0,0.0,0.77,1.0,mscan,14,Probe
1109,69,tcp,telnet,SF,2458,223095,0,0,0,6,0,1,36,1,0,31,0,0,0,0,0,0,1,1,0.0,0.0,0.0,0.0,1.0,0.0,0.0,120,28,0.23,0.03,0.01,0.0,0.0,0.0,0.0,0.0,buffer_overflow,0,U2R
1110,5,tcp,pop_3,SF,32,93,0,0,0,0,0,1,0,0,0,0,0,0,0,0,0,0,1,1,0.0,0.0,0.0,0.0,1.0,0.0,0.0,255,237,0.93,0.02,0.0,0.0,0.0,0.0,0.03,0.0,guess_passwd,17,R2L
1111,31,tcp,telnet,SF,197,1644,0,0,0,1,0,1,1,0,0,1,2,1,0,0,0,0,1,1,0.0,0.0,0.0,0.0,1.0,0.0,0.0,255,172,0.67,0.02,0.0,0.0,0.63,0.94,0.02,0.0,ps,13,U2R
1113,199,tcp,X11,SF,56124,17588,0,0,0,0,0,0,0,0,0,0,0,0,0,0,0,0,1,1,0.0,0.0,0.0,0.0,1.0,0.0,0.0,255,1,0.0,0.01,0.0,0.0,0.0,0.0,0.0,0.0,xlock,1,R2L
1114,282,tcp,ftp,SF,160,597,0,0,0,2,0,1,0,0,0,0,0,0,0,0,0,1,1,1,0.0,0.0,0.0,0.0,1.0,0.0,0.0,132,47,0.36,0.05,0.01,0.0,0.0,0.0,0.0,0.0,warezmaster,12,R2L
1115,1,tcp,smtp,SF,2599,293,0,0,0,0,0,1,0,0,0,0,0,0,0,0,0,0,2,2,0.0,0.0,0.0,0.0,1.0,0.0,0.0,255,18,0.07,0.16,0.0,0.0,0.0,0.0,0.91,0.0,mailbomb,13,DoS
1116,988,tcp,telnet,SF,1773,32209,0,0,0,4,0,1,57,1,0,51,7,5,0,0,0,0,1,1,0.0,0.0,0.0,0.0,1.0,0.0,0.0,255,104,0.41,0.03,0.0,0.0,0.33,0.77,0.02,0.01,rootkit,8,U2R
1117,0,tcp,other,REJ,0,0,0,0,0,0,0,0,0,0,0,0,0,0,0,0,0,0,1,1,0.0,0.0,1.0,1.0,1.0,0.0,0.0,255,4,0.02,0.02,0.0,0.0,0.0,0.0,0.02,1.0,httptunnel,18,U2R
1120,0,tcp,http,SF,54540,8314,0,0,0,2,0,1,1,0,0,0,0,0,0,0,0,0,4,4,0.0,0.0,0.0,0.0,1.0,0.0,0.0,255,254,1.0,0.01,0.0,0.0,0.0,0.0,0.07,0.07,back,16,DoS
1122,282,tcp,ftp,SF,162,601,0,0,0,2,0,1,0,0,0,0,0,0,0,0,0,1,1,1,0.0,0.0,0.0,0.0,1.0,0.0,0.0,255,50,0.2,0.03,0.0,0.0,0.16,0.0,0.02,0.0,warezmaster,11,R2L
1124,0,udp,private,SF,46,0,0,0,0,0,0,0,0,0,0,0,0,0,0,0,0,0,3,3,0.0,0.0,0.0,0.0,1.0,0.0,0.0,255,255,1.0,0.0,0.0,0.0,0.0,0.0,0.0,0.0,snmpguess,17,R2L
1125,0,tcp,sunrpc,REJ,0,0,0,0,0,0,0,0,0,0,0,0,0,0,0,0,0,0,5,3,0.0,0.0,0.8,1.0,0.2,0.8,1.0,255,24,0.09,0.03,0.0,0.0,0.0,0.0,0.49,1.0,mscan,14,Probe
1126,0,udp,private,SF,56,53,0,0,0,0,0,0,0,0,0,0,0,0,0,0,0,0,333,333,0.0,0.0,0.0,0.0,1.0,0.0,0.0,255,255,1.0,0.0,0.99,0.0,0.0,0.0,0.0,0.0,normal,17,normal
1128,0,icmp,eco_i,SF,18,0,0,0,0,0,0,0,0,0,0,0,0,0,0,0,0,0,1,1,0.0,0.0,0.0,0.0,1.0,0.0,0.0,1,193,1.0,0.0,1.0,1.0,0.0,0.0,0.0,0.0,ipsweep,16,Probe
1129,0,udp,private,SF,54,50,0,0,0,0,0,0,0,0,0,0,0,0,0,0,0,0,511,511,0.0,0.0,0.0,0.0,1.0,0.0,0.0,255,255,1.0,0.0,0.83,0.0,0.0,0.0,0.0,0.0,normal,17,normal
1131,0,tcp,private,REJ,0,0,0,0,0,0,0,0,0,0,0,0,0,0,0,0,0,0,304,1,0.08,0.0,0.91,1.0,0.0,1.0,0.0,255,1,0.0,1.0,0.0,0.0,0.1,0.0,0.9,1.0,satan,18,Probe
1132,0,tcp,http,SF,230,25991,0,0,0,0,0,1,0,0,0,0,0,0,0,0,0,0,2,31,0.0,0.0,0.0,0.0,1.0,0.0,0.06,8,243,1.0,0.0,0.12,0.07,0.0,0.0,0.0,0.0,normal,20,normal
1134,280,tcp,ftp_data,SF,283618,0,0,0,0,0,0,0,0,0,0,0,0,0,0,0,0,0,1,1,0.0,0.0,0.0,0.0,1.0,0.0,0.0,13,1,0.08,0.15,0.08,0.0,0.0,0.0,0.0,0.0,warezmaster,3,R2L
1135,0,udp,private,SF,28,0,0,3,0,0,0,0,0,0,0,0,0,0,0,0,0,0,56,56,0.0,0.0,0.0,0.0,1.0,0.0,0.0,255,56,0.22,0.02,0.22,0.0,0.19,0.0,0.31,0.0,teardrop,18,DoS
1137,0,udp,private,SF,55,49,0,0,0,0,0,0,0,0,0,0,0,0,0,0,0,0,511,511,0.0,0.0,0.0,0.0,1.0,0.0,0.0,255,255,1.0,0.0,0.83,0.0,0.0,0.0,0.0,0.0,normal,17,normal
1141,0,tcp,private,SH,0,0,0,0,0,0,0,0,0,0,0,0,0,0,0,0,0,0,1,1,1.0,1.0,0.0,0.0,1.0,0.0,0.0,62,1,0.02,1.0,1.0,0.0,1.0,1.0,0.0,0.0,nmap,18,Probe
1142,0,udp,private,SF,105,146,0,0,0,0,0,0,0,0,0,0,0,0,0,0,0,0,1,1,0.0,0.0,0.0,0.0,1.0,0.0,0.0,255,252,0.99,0.01,0.0,0.0,0.0,0.0,0.0,0.0,snmpgetattack,6,R2L
1143,0,tcp,ftp_data,REJ,0,0,0,0,0,0,0,0,0,0,0,0,0,0,0,0,0,0,233,2,0.0,0.0,1.0,1.0,0.01,0.06,0.0,255,2,0.01,0.07,0.0,0.0,0.0,0.0,0.99,1.0,neptune,18,DoS
1145,0,tcp,time,S0,0,0,0,0,0,0,0,0,0,0,0,0,0,0,0,0,0,0,145,1,1.0,1.0,0.0,0.0,0.01,0.1,0.0,255,1,0.0,0.09,0.0,0.0,1.0,1.0,0.0,0.0,neptune,18,DoS
1149,0,tcp,http,SF,54540,8314,0,0,0,2,0,1,1,0,0,0,0,0,0,0,0,0,5,5,0.0,0.0,0.0,0.0,1.0,0.0,0.0,255,254,1.0,0.01,0.0,0.0,0.0,0.0,0.04,0.04,back,16,DoS
1150,0,icmp,ecr_i,SF,1032,0,0,0,0,0,0,0,0,0,0,0,0,0,0,0,0,0,3,3,0.0,0.0,0.0,0.0,1.0,0.0,0.0,255,255,1.0,0.0,1.0,0.0,0.0,0.0,0.0,0.0,smurf,18,DoS
1151,0,tcp,private,SH,0,0,0,0,0,0,0,0,0,0,0,0,0,0,0,0,0,0,1,1,1.0,1.0,0.0,0.0,1.0,0.0,0.0,52,1,0.02,1.0,1.0,0.0,1.0,1.0,0.0,0.0,nmap,18,Probe
1154,0,tcp,other,REJ,0,0,0,0,0,0,0,0,0,0,0,0,0,0,0,0,0,0,462,1,0.04,0.0,0.96,1.0,0.0,1.0,0.0,255,1,0.0,1.0,0.0,0.0,0.04,0.0,0.96,1.0,saint,19,Probe
1155,0,icmp,ecr_i,SF,508,0,0,0,0,0,0,0,0,0,0,0,0,0,0,0,0,0,511,511,0.0,0.0,0.0,0.0,1.0,0.0,0.0,255,162,0.64,0.02,0.64,0.0,0.0,0.0,0.33,0.0,smurf,18,DoS
1156,0,tcp,other,REJ,0,0,0,0,0,0,0,0,0,0,0,0,0,0,0,0,0,0,2,1,0.0,0.0,0.5,1.0,0.5,1.0,0.0,255,20,0.08,0.02,0.0,0.0,0.0,0.0,0.08,1.0,httptunnel,18,U2R
1157,1,tcp,smtp,SF,2599,293,0,0,0,0,0,1,0,0,0,0,0,0,0,0,0,0,3,3,0.0,0.0,0.0,0.0,1.0,0.0,0.0,255,43,0.17,0.16,0.0,0.0,0.0,0.0,0.81,0.0,mailbomb,13,DoS
1159,0,tcp,other,REJ,0,0,0,0,0,0,0,0,0,0,0,0,0,0,0,0,0,0,487,1,0.04,0.0,0.96,1.0,0.0,1.0,0.0,255,1,0.0,1.0,0.0,0.0,0.04,0.0,0.96,1.0,saint,20,Probe
1160,1,tcp,pop_3,RSTO,0,36,0,0,0,0,0,1,0,0,0,0,0,0,0,0,0,0,3,2,0.0,0.0,1.0,1.0,0.33,1.0,1.0,55,43,0.25,0.09,0.02,0.05,0.02,0.0,0.84,0.98,mscan,12,Probe
1162,0,udp,private,SF,46,0,0,0,0,0,0,0,0,0,0,0,0,0,0,0,0,0,4,4,0.0,0.0,0.0,0.0,1.0,0.0,0.0,255,255,1.0,0.0,0.01,0.0,0.0,0.0,0.0,0.0,snmpguess,17,R2L
1163,0,icmp,ecr_i,SF,1032,0,0,0,0,0,0,0,0,0,0,0,0,0,0,0,0,0,510,510,0.0,0.0,0.0,0.0,1.0,0.0,0.0,255,157,0.62,0.02,0.62,0.0,0.0,0.0,0.0,0.0,smurf,18,DoS
1164,0,udp,private,SF,1,0,0,0,0,0,0,0,0,0,0,0,0,0,0,0,0,0,495,12,0.0,0.0,0.0,0.0,0.02,0.98,0.0,255,12,0.05,0.95,1.0,0.0,0.0,0.0,0.0,0.0,normal,5,normal
1165,0,udp,private,SF,1,4,0,0,0,0,0,0,0,0,0,0,0,0,0,0,0,0,66,8,0.0,0.0,0.0,0.0,0.12,0.35,0.0,255,8,0.03,0.62,0.53,0.0,0.0,0.0,0.47,0.0,normal,5,normal
1166,0,udp,private,SF,1,1,0,0,0,0,0,0,0,0,0,0,0,0,0,0,0,0,58,1,0.0,0.0,0.0,0.0,0.02,1.0,0.0,255,1,0.0,0.64,0.97,0.0,0.0,0.0,0.03,0.0,satan,17,Probe
1168,0,icmp,ecr_i,SF,1480,0,0,1,0,0,0,0,0,0,0,0,0,0,0,0,0,0,1,3,0.0,0.0,0.0,0.0,1.0,0.0,0.67,1,33,1.0,0.0,1.0,0.52,0.0,0.0,0.0,0.0,pod,17,DoS
1169,4,tcp,http,SF,54540,8314,0,0,0,2,0,1,1,0,0,0,0,0,0,0,0,0,3,3,0.0,0.0,0.33,0.33,1.0,0.0,0.0,255,255,1.0,0.0,0.0,0.0,0.01,0.01,0.05,0.05,back,16,DoS
1170,0,tcp,telnet,S3,0,44,0,0,0,0,0,0,0,0,0,0,0,0,0,0,0,0,1,1,1.0,1.0,0.0,0.0,1.0,0.0,0.0,255,144,0.56,0.03,0.0,0.0,0.27,0.49,0.11,0.09,processtable,18,DoS
1171,0,tcp,telnet,S1,0,0,0,0,0,0,0,0,0,0,0,0,0,0,0,0,0,0,4,8,0.25,0.25,0.75,0.38,0.5,0.75,0.62,31,87,0.32,0.16,0.03,0.02,0.03,0.01,0.84,0.68,mscan,9,Probe
1173,0,udp,private,SF,105,0,0,0,0,0,0,0,0,0,0,0,0,0,0,0,0,0,1,1,0.0,0.0,0.0,0.0,1.0,0.0,0.0,255,254,1.0,0.01,0.0,0.0,0.0,0.0,0.0,0.0,snmpgetattack,1,R2L
1174,0,udp,private,SF,105,146,0,0,0,0,0,0,0,0,0,0,0,0,0,0,0,0,2,2,0.0,0.0,0.0,0.0,1.0,0.0,0.0,255,253,0.99,0.01,0.0,0.0,0.0,0.0,0.0,0.0,snmpgetattack,5,R2L
1176,8003,tcp,telnet,SF,0,44,0,0,0,0,0,0,0,0,0,0,0,0,0,0,0,0,1,1,0.0,0.0,0.0,0.0,1.0,0.0,0.0,255,102,0.4,0.02,0.0,0.0,0.58,0.4,0.01,0.01,processtable,17,DoS
1177,0,tcp,telnet,SF,121,174,0,0,0,0,1,0,0,0,0,0,0,0,0,0,0,0,1,1,0.0,0.0,0.0,0.0,1.0,0.0,0.0,255,23,0.09,0.02,0.0,0.0,0.0,0.0,0.0,0.04,guess_passwd,9,R2L
1178,58,tcp,telnet,SF,2615,4233,0,0,0,5,0,1,2,1,0,0,0,0,0,0,0,0,1,1,0.0,0.0,0.0,0.0,1.0,0.0,0.0,10,2,0.2,0.2,0.1,0.0,0.0,0.0,0.0,0.0,buffer_overflow,1,U2R
1179,0,icmp,ecr_i,SF,508,0,0,0,0,0,0,0,0,0,0,0,0,0,0,0,0,0,511,511,0.0,0.0,0.0,0.0,1.0,0.0,0.0,247,124,0.5,0.02,0.5,0.0,0.0,0.0,0.45,0.0,smurf,18,DoS
1180,909,tcp,http,RSTR,1024,0,0,0,0,0,0,1,0,0,0,0,0,0,0,0,0,0,78,78,0.0,0.0,1.0,1.0,1.0,0.0,0.0,255,255,1.0,0.0,0.0,0.0,0.0,0.0,0.41,0.41,apache2,12,DoS
1181,0,icmp,ecr_i,SF,1032,0,0,0,0,0,0,0,0,0,0,0,0,0,0,0,0,0,511,511,0.0,0.0,0.0,0.0,1.0,0.0,0.0,255,179,0.7,0.01,0.7,0.0,0.0,0.0,0.0,0.0,smurf,19,DoS
1182,0,tcp,other,REJ,0,0,0,0,0,0,0,0,0,0,0,0,0,0,0,0,0,0,1,1,0.0,0.0,1.0,1.0,1.0,0.0,0.0,255,8,0.03,0.02,0.0,0.0,0.0,0.0,0.03,1.0,httptunnel,18,U2R
1184,0,icmp,eco_i,SF,8,0,0,0,0,0,0,0,0,0,0,0,0,0,0,0,0,0,1,3,0.0,0.0,0.0,0.0,1.0,0.0,1.0,1,32,1.0,0.0,1.0,0.53,0.0,0.0,0.0,0.0,ipsweep,16,Probe
1185,2,tcp,telnet,SF,24,1192,0,0,0,0,0,0,0,0,0,0,0,0,0,0,0,0,1,3,0.0,0.0,0.0,0.33,1.0,0.0,0.67,152,96,0.36,0.03,0.01,0.02,0.05,0.08,0.86,0.57,mscan,6,Probe
1186,1,tcp,smtp,SF,2599,293,0,0,0,0,0,1,0,0,0,0,0,0,0,0,0,0,2,2,0.0,0.0,0.0,0.0,1.0,0.0,0.0,255,70,0.27,0.14,0.0,0.0,0.0,0.0,0.71,0.0,mailbomb,12,DoS
1187,0,tcp,private,SH,0,0,0,0,0,0,0,0,0,0,0,0,0,0,0,0,0,0,1,1,1.0,1.0,0.0,0.0,1.0,0.0,0.0,84,1,0.01,1.0,1.0,0.0,1.0,1.0,0.0,0.0,nmap,18,Probe
1188,0,udp,private,SF,49,49,0,0,0,0,0,0,0,0,0,0,0,0,0,0,0,0,2,2,0.0,0.0,0.0,0.0,1.0,0.0,0.0,255,255,1.0,0.0,0.01,0.0,0.0,0.0,0.0,0.0,snmpguess,15,R2L
1190,3,tcp,link,RSTR,0,0,0,0,0,0,0,0,0,0,0,0,0,0,0,0,0,0,153,2,0.0,0.0,1.0,1.0,0.01,0.54,0.0,160,2,0.01,0.52,0.96,0.0,0.0,0.0,0.96,1.0,normal,3,normal
1191,0,udp,private,SF,42,0,0,0,0,0,0,0,0,0,0,0,0,0,0,0,0,0,3,3,0.0,0.0,0.0,0.0,1.0,0.0,0.0,255,253,0.99,0.01,0.01,0.0,0.0,0.0,0.0,0.0,snmpguess,14,R2L
1192,0,tcp,private,REJ,0,0,0,0,0,0,0,0,0,0,0,0,0,0,0,0,0,0,232,8,0.0,0.0,1.0,1.0,0.03,0.07,0.0,118,8,0.07,0.1,0.01,0.0,0.0,0.0,1.0,1.0,neptune,18,DoS
1193,0,tcp,http,SF,54540,8314,0,0,0,2,0,1,1,0,0,0,0,0,0,0,0,0,5,5,0.0,0.0,0.0,0.0,1.0,0.0,0.0,255,231,0.91,0.01,0.0,0.0,0.0,0.0,0.02,0.02,back,12,DoS
1194,913,tcp,http,RSTR,56504,0,0,0,0,0,0,1,0,0,0,0,0,0,0,0,0,0,30,30,0.03,0.03,0.93,0.93,1.0,0.0,0.0,255,255,1.0,0.0,0.0,0.0,0.0,0.0,0.11,0.11,apache2,15,DoS
1195,0,udp,private,SF,28,0,0,3,0,0,0,0,0,0,0,0,0,0,0,0,0,0,94,94,0.0,0.0,0.0,0.0,1.0,0.0,0.0,114,94,0.82,0.03,0.82,0.0,0.0,0.0,0.0,0.0,teardrop,15,DoS
1196,0,udp,private,SF,105,147,0,0,0,0,0,0,0,0,0,0,0,0,0,0,0,0,2,2,0.0,0.0,0.0,0.0,1.0,0.0,0.0,255,252,0.99,0.01,0.0,0.0,0.0,0.0,0.0,0.0,snmpgetattack,2,R2L
1198,1,tcp,smtp,SF,2599,293,0,0,0,0,0,1,0,0,0,0,0,0,0,0,0,0,2,2,0.0,0.0,0.0,0.0,1.0,0.0,0.0,255,144,0.56,0.13,0.0,0.0,0.0,0.0,0.42,0.0,mailbomb,11,DoS
1199,0,tcp,telnet,SF,125,174,0,0,0,0,1,0,0,0,0,0,0,0,0,0,0,0,1,1,0.0,0.0,0.0,0.0,1.0,0.0,0.0,255,173,0.68,0.02,0.0,0.0,0.0,0.0,0.02,0.03,guess_passwd,15,R2L
1200,0,tcp,private,REJ,0,0,0,0,0,0,0,0,0,0,0,0,0,0,0,0,0,0,2,1,0.0,0.0,1.0,1.0,0.5,1.0,0.0,255,1,0.0,0.99,0.99,0.0,0.0,0.0,0.98,1.0,portsweep,18,Probe
1201,0,tcp,other,REJ,0,0,0,0,0,0,0,0,0,0,0,0,0,0,0,0,0,0,1,1,0.0,0.0,1.0,1.0,1.0,0.0,0.0,255,3,0.01,0.02,0.0,0.0,0.0,0.0,0.01,1.0,httptunnel,18,U2R
1202,8213,tcp,telnet,SF,0,15,0,0,0,0,0,0,0,0,0,0,0,0,0,0,0,0,1,1,0.0,0.0,0.0,0.0,1.0,0.0,0.0,255,8,0.03,0.85,0.0,0.0,0.0,0.0,0.84,0.0,processtable,12,DoS
1203,0,udp,private,SF,105,146,0,0,0,0,0,0,0,0,0,0,0,0,0,0,0,0,2,1,0.0,0.0,0.0,0.0,0.5,1.0,0.0,255,252,0.99,0.01,0.0,0.0,0.0,0.0,0.0,0.0,snmpgetattack,1,R2L
1204,0,tcp,other,REJ,0,0,0,0,0,0,0,0,0,0,0,0,0,0,0,0,0,0,444,1,0.05,0.0,0.95,1.0,0.0,1.0,0.0,255,1,0.0,1.0,0.0,0.0,0.04,0.0,0.96,1.0,saint,18,Probe
1206,0,tcp,private,REJ,0,0,0,0,0,0,0,0,0,0,0,0,0,0,0,0,0,0,2,1,0.0,0.0,1.0,1.0,0.5,1.0,0.0,255,1,0.0,0.53,0.29,0.0,0.0,0.0,0.29,1.0,portsweep,18,Probe
1208,0,icmp,ecr_i,SF,1008,0,0,0,0,0,0,0,0,0,0,0,0,0,0,0,0,0,151,151,0.0,0.0,0.0,0.0,1.0,0.0,0.0,255,255,1.0,0.0,1.0,0.0,0.0,0.0,0.0,0.0,smurf,18,DoS
1209,0,udp,other,SF,516,4,0,0,0,0,0,0,0,0,0,0,0,0,0,0,0,0,10,10,0.0,0.0,0.0,0.0,1.0,0.0,0.0,12,10,0.83,0.17,0.75,0.0,0.0,0.0,0.0,0.0,multihop,1,R2L
1210,0,tcp,telnet,S3,0,44,0,0,0,0,0,0,0,0,0,0,0,0,0,0,0,0,1,1,1.0,1.0,0.0,0.0,1.0,0.0,0.0,255,52,0.2,0.71,0.0,0.0,0.11,0.52,0.69,0.0,processtable,17,DoS
1213,0,tcp,telnet,SF,123,174,0,0,0,0,1,0,0,0,0,0,0,0,0,0,0,0,1,1,0.0,0.0,0.0,0.0,1.0,0.0,0.0,255,211,0.83,0.02,0.0,0.0,0.0,0.0,0.02,0.03,guess_passwd,15,R2L
1214,4,tcp,pop_3,SF,30,93,0,0,0,0,0,1,0,0,0,0,0,0,0,0,0,0,1,1,0.0,0.0,0.0,0.0,1.0,0.0,0.0,255,242,0.95,0.04,0.0,0.0,0.0,0.0,0.0,0.0,guess_passwd,18,R2L
1215,0,tcp,ftp,RSTR,0,0,0,0,0,0,0,0,0,0,0,0,0,0,0,0,0,0,1,1,0.0,0.0,1.0,1.0,1.0,0.0,0.0,255,1,0.0,0.14,0.08,0.0,0.0,0.0,0.9,1.0,portsweep,15,Probe
1216,1,tcp,imap4,RSTO,0,44,0,0,0,0,0,0,0,0,0,0,0,0,0,0,0,0,2,5,0.0,0.0,1.0,1.0,0.5,1.0,1.0,158,59,0.25,0.03,0.01,0.03,0.02,0.02,0.89,0.98,mscan,14,Probe
1217,0,icmp,ecr_i,SF,1480,0,0,1,0,0,0,0,0,0,0,0,0,0,0,0,0,0,1,3,0.0,0.0,0.0,0.0,1.0,0.0,0.67,2,9,0.5,1.0,0.5,0.56,0.5,0.0,0.0,0.0,pod,14,DoS
1218,0,udp,private,SF,52,0,0,0,0,0,0,0,0,0,0,0,0,0,0,0,0,0,4,4,0.0,0.0,0.0,0.0,1.0,0.0,0.0,255,254,1.0,0.01,0.0,0.0,0.0,0.0,0.0,0.0,snmpguess,14,R2L
1220,0,icmp,ecr_i,SF,1008,0,0,0,0,0,0,0,0,0,0,0,0,0,0,0,0,0,185,185,0.0,0.0,0.0,0.0,1.0,0.0,0.0,255,255,1.0,0.0,1.0,0.0,0.0,0.0,0.0,0.0,smurf,18,DoS
1221,0,icmp,ecr_i,SF,1032,0,0,0,0,0,0,0,0,0,0,0,0,0,0,0,0,0,511,511,0.0,0.0,0.0,0.0,1.0,0.0,0.0,175,158,0.9,0.01,0.9,0.0,0.0,0.0,0.01,0.0,smurf,18,DoS
1224,805,tcp,http,RSTR,59424,0,0,0,0,0,0,1,0,0,0,0,0,0,0,0,0,0,34,34,0.0,0.0,1.0,1.0,1.0,0.0,0.0,255,253,0.99,0.01,0.0,0.0,0.0,0.0,0.17,0.17,apache2,15,DoS
1227,247,tcp,X11,SF,1262796,15820,0,0,0,0,0,0,0,0,0,0,0,0,0,0,0,0,1,1,0.0,0.0,0.0,0.0,1.0,0.0,0.0,255,1,0.0,0.71,0.0,0.0,0.0,0.0,0.69,0.0,xlock,7,R2L
1229,0,tcp,other,REJ,0,0,0,0,0,0,0,0,0,0,0,0,0,0,0,0,0,0,481,1,0.04,0.0,0.96,1.0,0.0,1.0,0.0,255,1,0.0,1.0,0.0,0.0,0.04,0.0,0.96,1.0,saint,20,Probe
1231,7406,tcp,telnet,SF,0,44,0,0,0,0,0,0,0,0,0,0,0,0,0,0,0,0,1,1,0.0,0.0,0.0,0.0,1.0,0.0,0.0,255,213,0.84,0.02,0.0,0.0,0.27,0.32,0.01,0.01,processtable,15,DoS
1234,0,icmp,eco_i,SF,18,0,0,0,0,0,0,0,0,0,0,0,0,0,0,0,0,0,1,1,0.0,0.0,0.0,0.0,1.0,0.0,0.0,1,83,1.0,0.0,1.0,1.0,0.0,0.0,0.0,0.0,ipsweep,18,Probe
1236,1,tcp,smtp,SF,2599,293,0,0,0,0,0,1,0,0,0,0,0,0,0,0,0,0,4,3,0.0,0.0,0.25,0.0,0.75,0.5,0.0,255,59,0.23,0.15,0.0,0.0,0.0,0.0,0.75,0.0,mailbomb,12,DoS
1237,6,tcp,pop_3,SF,26,93,0,0,0,0,0,1,0,0,0,0,0,0,0,0,0,0,1,1,0.0,0.0,0.0,0.0,1.0,0.0,0.0,14,15,1.0,0.0,0.07,0.13,0.0,0.0,0.0,0.0,guess_passwd,6,R2L
1238,135,tcp,telnet,SF,353,5769,0,0,0,4,0,1,8,1,0,7,2,0,1,0,0,0,1,1,0.0,0.0,0.0,0.0,1.0,0.0,0.0,255,141,0.55,0.03,0.0,0.0,0.48,0.86,0.02,0.01,ps,9,U2R
1239,897,tcp,http,RSTR,57184,0,0,0,0,0,0,1,0,0,0,0,0,0,0,0,0,0,25,25,0.2,0.2,0.8,0.8,1.0,0.0,0.0,255,255,1.0,0.0,0.0,0.0,0.03,0.03,0.66,0.66,apache2,17,DoS
1240,0,icmp,eco_i,SF,40008,0,0,0,0,0,0,0,0,0,0,0,0,0,0,0,0,0,3,3,0.0,0.0,0.0,0.0,1.0,0.0,0.0,121,145,0.09,0.04,0.09,0.47,0.0,0.0,0.02,0.0,normal,20,normal
1241,0,udp,private,SF,48,0,0,0,0,0,0,0,0,0,0,0,0,0,0,0,0,0,4,4,0.0,0.0,0.0,0.0,1.0,0.0,0.0,255,255,1.0,0.0,0.01,0.0,0.0,0.0,0.0,0.0,snmpguess,17,R2L
1242,7444,tcp,telnet,SF,0,44,0,0,0,0,0,0,0,0,0,0,0,0,0,0,0,0,1,1,0.0,0.0,0.0,0.0,1.0,0.0,0.0,255,213,0.84,0.03,0.0,0.0,0.33,0.4,0.12,0.07,processtable,18,DoS
1244,282,tcp,ftp,SF,164,599,0,0,0,2,0,1,0,0,0,0,0,0,0,0,0,1,1,1,0.0,0.0,0.0,0.0,1.0,0.0,0.0,255,15,0.06,0.75,0.0,0.0,0.0,0.0,0.74,0.0,warezmaster,12,R2L
1245,0,icmp,ecr_i,SF,1480,0,0,1,0,0,0,0,0,0,0,0,0,0,0,0,0,0,1,3,0.0,0.0,0.0,0.0,1.0,0.0,0.67,1,13,1.0,0.0,1.0,0.54,0.0,0.0,0.0,0.0,pod,15,DoS
1246,0,udp,private,SF,1,1,0,0,0,0,0,0,0,0,0,0,0,0,0,0,0,0,145,1,0.0,0.0,0.0,0.0,0.01,1.0,0.0,255,1,0.0,0.88,1.0,0.0,0.0,0.0,0.0,0.0,satan,18,Probe
1247,3,tcp,pop_3,SF,32,93,0,0,0,0,0,1,0,0,0,0,0,0,0,0,0,0,1,1,0.0,0.0,0.0,0.0,1.0,0.0,0.0,255,244,0.96,0.02,0.0,0.0,0.0,0.0,0.02,0.0,guess_passwd,18,R2L
1250,0,tcp,uucp_path,REJ,0,0,0,0,0,0,0,0,0,0,0,0,0,0,0,0,0,0,201,1,0.0,0.0,1.0,1.0,0.0,0.06,0.0,255,1,0.0,0.07,0.0,0.0,0.0,0.0,1.0,1.0,neptune,18,DoS
1254,0,tcp,private,REJ,0,0,0,0,0,0,0,0,0,0,0,0,0,0,0,0,0,0,2,1,0.0,0.0,1.0,1.0,0.5,1.0,0.0,255,1,0.0,0.61,0.42,0.0,0.0,0.0,0.42,1.0,portsweep,18,Probe
1255,0,tcp,other,REJ,0,0,0,0,0,0,0,0,0,0,0,0,0,0,0,0,0,0,1,1,0.0,0.0,1.0,1.0,1.0,0.0,0.0,255,7,0.03,0.02,0.0,0.0,0.0,0.0,0.03,1.0,httptunnel,18,U2R
1258,0,udp,private,SF,28,0,0,3,0,0,0,0,0,0,0,0,0,0,0,0,0,0,69,69,0.0,0.0,0.0,0.0,1.0,0.0,0.0,255,69,0.27,0.02,0.27,0.0,0.0,0.0,0.0,0.0,teardrop,15,DoS
1263,7634,tcp,telnet,SF,0,44,0,0,0,0,0,0,0,0,0,0,0,0,0,0,0,0,1,1,0.0,0.0,0.0,0.0,1.0,0.0,0.0,255,170,0.67,0.02,0.0,0.0,0.49,0.47,0.01,0.01,processtable,18,DoS
1264,1,tcp,smtp,SF,2599,293,0,0,0,0,0,1,0,0,0,0,0,0,0,0,0,0,3,3,0.0,0.0,0.0,0.0,1.0,0.0,0.0,255,142,0.56,0.14,0.0,0.0,0.0,0.0,0.43,0.0,mailbomb,11,DoS
1265,0,tcp,private,RSTR,0,0,0,0,0,0,0,0,0,0,0,0,0,0,0,0,0,0,1,1,0.0,0.0,1.0,1.0,1.0,0.0,0.0,255,1,0.0,0.5,0.47,0.0,0.0,0.0,0.9,1.0,portsweep,18,Probe
1266,253,tcp,telnet,SF,1734,3196,0,0,0,3,0,1,2,1,0,0,1,0,0,0,0,0,1,1,0.0,0.0,0.0,0.0,1.0,0.0,0.0,251,24,0.1,0.02,0.0,0.0,0.0,0.04,0.0,0.04,buffer_overflow,1,U2R
1267,0,tcp,other,REJ,0,0,0,0,0,0,0,0,0,0,0,0,0,0,0,0,0,0,511,1,0.05,0.0,0.95,1.0,0.0,1.0,0.0,255,1,0.0,1.0,0.0,0.0,0.04,0.0,0.96,1.0,saint,20,Probe
1268,0,udp,private,SF,46,0,0,0,0,0,0,0,0,0,0,0,0,0,0,0,0,0,3,3,0.0,0.0,0.0,0.0,1.0,0.0,0.0,255,254,1.0,0.01,0.0,0.0,0.0,0.0,0.0,0.0,snmpguess,16,R2L
1269,0,tcp,http,SF,54540,8314,0,0,0,2,0,1,1,0,0,0,0,0,0,0,0,0,3,14,0.0,0.0,0.0,0.0,1.0,0.0,0.21,255,252,0.99,0.01,0.0,0.0,0.0,0.0,0.01,0.01,back,15,DoS
1273,92,tcp,telnet,SF,2458,9336,0,0,0,6,0,1,8,1,0,2,0,0,0,0,0,0,1,1,0.0,0.0,0.0,0.0,1.0,0.0,0.0,146,19,0.13,0.03,0.01,0.0,0.0,0.0,0.0,0.0,buffer_overflow,0,U2R
1274,0,icmp,ecr_i,SF,520,0,0,0,0,0,0,0,0,0,0,0,0,0,0,0,0,0,79,79,0.0,0.0,0.0,0.0,1.0,0.0,0.0,255,255,1.0,0.0,1.0,0.0,0.0,0.0,0.0,0.0,smurf,18,DoS
1275,0,udp,private,SF,105,146,0,0,0,0,0,0,0,0,0,0,0,0,0,0,0,0,1,1,0.0,0.0,0.0,0.0,1.0,0.0,0.0,247,246,1.0,0.01,0.0,0.0,0.0,0.0,0.0,0.0,snmpgetattack,3,R2L
1277,0,tcp,ftp_data,SF,283618,0,0,0,0,0,0,0,0,0,0,0,0,0,0,0,0,0,1,1,0.0,0.0,0.0,0.0,1.0,0.0,0.0,20,33,0.5,0.15,0.5,0.06,0.0,0.0,0.05,0.0,rootkit,1,U2R
