282,tcp,ftp,SF,159,597,0,0,0,2,0,1,0,0,0,0,0,0,0,0,0,1,1,1,0.0,0.0,0.0,0.0,1.0,0.0,0.0,255,44,0.17,0.03,0.0,0.0,0.24,0.0,0.02,0.0,warezmaster,13
0,udp,private,SF,28,0,0,1,0,0,0,0,0,0,0,0,0,0,0,0,0,0,1,1,0.0,0.0,0.0,0.0,1.0,0.0,0.0,26,1,0.04,0.15,0.04,0.0,0.0,0.0,0.0,0.0,teardrop,9
0,tcp,private,SH,0,0,0,0,0,0,0,0,0,0,0,0,0,0,0,0,0,0,1,1,1.0,1.0,0.0,0.0,1.0,0.0,0.0,78,1,0.01,1.0,1.0,0.0,1.0,1.0,0.0,0.0,nmap,19
0,tcp,private,OTH,0,0,0,0,0,0,0,0,0,0,0,0,0,0,0,0,0,0,1,1,0.0,0.0,0.0,0.0,1.0,0.0,0.0,255,1,0.0,0.87,0.85,0.0,0.0,0.0,0.85,0.0,portsweep,14
0,tcp,private,REJ,0,0,0,0,0,0,0,0,0,0,0,0,0,0,0,0,0,0,2,1,0.0,0.0,1.0,1.0,0.5,1.0,0.0,255,1,0.0,0.98,0.97,0.0,0.01,0.0,0.96,1.0,portsweep,18
1,tcp,smtp,SF,2599,293,0,0,0,0,0,1,0,0,0,0,0,0,0,0,0,0,3,3,0.0,0.0,0.0,0.0,1.0,0.0,0.0,255,91,0.36,0.14,0.0,0.0,0.0,0.0,0.63,0.0,mailbomb,11
0,icmp,ecr_i,SF,1032,0,0,0,0,0,0,0,0,0,0,0,0,0,0,0,0,0,23,23,0.0,0.0,0.0,0.0,1.0,0.0,0.0,255,255,1.0,0.0,1.0,0.0,0.0,0.0,0.0,0.0,smurf,18
0,icmp,ecr_i,SF,508,0,0,0,0,0,0,0,0,0,0,0,0,0,0,0,0,0,511,511,0.0,0.0,0.0,0.0,1.0,0.0,0.0,255,142,0.56,0.02,0.56,0.0,0.0,0.0,0.4,0.0,smurf,18
7598,tcp,telnet,SF,0,44,0,0,0,0,0,0,0,0,0,0,0,0,0,0,0,0,1,1,0.0,0.0,0.0,0.0,1.0,0.0,0.0,255,175,0.69,0.02,0.0,0.0,0.45,0.44,0.01,0.01,processtable,18
0,udp,private,SF,105,105,0,0,0,0,0,0,0,0,0,0,0,0,0,0,0,0,1,1,0.0,0.0,0.0,0.0,1.0,0.0,0.0,255,255,1.0,0.0,0.0,0.0,0.0,0.0,0.0,0.0,snmpgetattack,10
0,udp,private,SF,28,0,0,3,0,0,0,0,0,0,0,0,0,0,0,0,0,0,19,19,0.0,0.0,0.0,0.0,1.0,0.0,0.0,255,19,0.07,0.02,0.07,0.0,0.0,0.0,0.0,0.0,teardrop,15
0,tcp,imap4,REJ,0,0,0,0,0,0,0,0,0,0,0,0,0,0,0,0,0,0,2,21,0.0,0.0,1.0,1.0,0.5,1.0,1.0,68,56,0.28,0.07,0.01,0.04,0.0,0.0,0.94,0.34,mscan,14
0,tcp,http,SF,54540,8314,0,0,0,2,0,1,1,0,0,0,0,0,0,0,0,0,3,6,0.0,0.0,0.0,0.0,1.0,0.0,0.33,255,253,0.99,0.01,0.0,0.0,0.0,0.0,0.01,0.01,back,15
0,tcp,http,S0,0,0,0,0,0,0,0,0,0,0,0,0,0,0,0,0,0,0,12,12,0.75,0.75,0.25,0.25,1.0,0.0,0.0,255,244,0.96,0.01,0.0,0.0,0.05,0.06,0.56,0.59,apache2,15
0,icmp,eco_i,SF,8,0,0,0,0,0,0,0,0,0,0,0,0,0,0,0,0,0,1,14,0.0,0.0,0.0,0.0,1.0,0.0,1.0,2,98,1.0,0.0,1.0,0.5,0.0,0.0,0.0,0.0,ipsweep,16
0,udp,other,SF,23,23,0,0,0,0,0,0,0,0,0,0,0,0,0,0,0,0,1,1,0.0,0.0,0.0,0.0,1.0,0.0,0.0,255,2,0.01,0.03,0.01,0.0,0.0,0.0,0.0,0.0,multihop,4
0,tcp,other,REJ,0,0,0,0,0,0,0,0,0,0,0,0,0,0,0,0,0,0,1,1,0.0,0.0,1.0,1.0,1.0,0.0,0.0,255,2,0.01,0.02,0.0,0.0,0.0,0.0,0.01,1.0,httptunnel,18
0,udp,private,SF,105,147,0,0,0,0,0,0,0,0,0,0,0,0,0,0,0,0,3,2,0.0,0.0,0.0,0.0,0.67,0.67,0.0,255,253,0.99,0.01,0.0,0.0,0.0,0.0,0.0,0.0,snmpgetattack,1
0,tcp,other,REJ,0,0,0,0,0,0,0,0,0,0,0,0,0,0,0,0,0,0,2,1,0.0,0.0,0.5,1.0,0.5,1.0,0.0,255,5,0.02,0.02,0.0,0.0,0.0,0.0,0.02,1.0,httptunnel,20
1,tcp,smtp,SF,2599,293,0,0,0,0,0,1,0,0,0,0,0,0,0,0,0,0,2,2,0.0,0.0,0.0,0.0,1.0,0.0,0.0,255,73,0.29,0.14,0.0,0.0,0.0,0.0,0.7,0.0,mailbomb,11
0,icmp,ecr_i,SF,1032,0,0,0,0,0,0,0,0,0,0,0,0,0,0,0,0,0,66,66,0.0,0.0,0.0,0.0,1.0,0.0,0.0,255,255,1.0,0.0,1.0,0.0,0.0,0.0,0.0,0.0,smurf,19
7262,tcp,telnet,SF,0,44,0,0,0,0,0,0,0,0,0,0,0,0,0,0,0,0,1,1,0.0,0.0,0.0,0.0,1.0,0.0,0.0,255,229,0.9,0.11,0.0,0.0,0.5,0.55,0.11,0.01,processtable,18
3,tcp,pop_3,SF,28,93,0,0,0,0,0,1,0,0,0,0,0,0,0,0,0,0,1,1,0.0,0.0,0.0,0.0,1.0,0.0,0.0,255,254,1.0,0.01,0.0,0.0,0.0,0.0,0.0,0.0,guess_passwd,17
0,tcp,other,SF,240,614,0,0,0,0,0,0,0,0,0,0,0,0,0,0,0,0,1,1,0.0,0.0,0.0,0.0,1.0,0.0,0.0,255,23,0.09,0.02,0.0,0.0,0.0,0.0,0.09,0.83,httptunnel,5
0,tcp,link,REJ,0,0,0,0,0,0,0,0,0,0,0,0,0,0,0,0,0,0,263,10,0.02,0.0,0.98,1.0,0.04,0.06,0.0,255,10,0.04,0.06,0.0,0.0,0.02,0.0,0.98,1.0,neptune,20
0,icmp,ecr_i,SF,1032,0,0,0,0,0,0,0,0,0,0,0,0,0,0,0,0,0,511,511,0.0,0.0,0.0,0.0,1.0,0.0,0.0,24,23,0.96,0.08,0.96,0.0,0.0,0.0,0.0,0.0,smurf,17
0,udp,private,SF,46,0,0,0,0,0,0,0,0,0,0,0,0,0,0,0,0,0,5,5,0.0,0.0,0.0,0.0,1.0,0.0,0.0,255,254,1.0,0.01,0.01,0.0,0.0,0.0,0.0,0.0,snmpguess,14
0,tcp,private,RSTR,0,0,0,0,0,0,0,0,0,0,0,0,0,0,0,0,0,0,1,1,0.0,0.0,1.0,1.0,1.0,0.0,0.0,255,1,0.0,0.89,0.88,0.0,0.0,0.0,0.9,1.0,portsweep,18
0,udp,private,SF,105,147,0,0,0,0,0,0,0,0,0,0,0,0,0,0,0,0,2,2,0.0,0.0,0.0,0.0,1.0,0.0,0.0,255,252,0.99,0.01,0.01,0.0,0.0,0.0,0.0,0.0,snmpgetattack,1
0,tcp,other,REJ,0,0,0,0,0,0,0,0,0,0,0,0,0,0,0,0,0,0,511,1,0.15,0.0,0.85,1.0,0.0,1.0,0.0,255,1,0.0,0.93,0.0,0.0,0.13,0.0,0.87,1.0,satan,20
0,tcp,telnet,SF,124,174,0,0,0,0,1,0,0,0,0,0,0,0,0,0,0,0,1,1,0.0,0.0,0.0,0.0,1.0,0.0,0.0,255,32,0.13,0.02,0.0,0.0,0.0,0.0,0.0,0.03,guess_passwd,10
0,icmp,ecr_i,SF,1032,0,0,0,0,0,0,0,0,0,0,0,0,0,0,0,0,0,510,510,0.0,0.0,0.0,0.0,1.0,0.0,0.0,255,97,0.38,0.02,0.38,0.0,0.0,0.0,0.0,0.0,smurf,20
0,tcp,ftp_data,SF,16225,0,0,0,0,0,0,0,0,0,0,0,0,0,0,0,0,0,1,1,0.0,0.0,0.0,0.0,1.0,0.0,0.0,255,1,0.0,0.01,0.0,0.0,0.0,0.0,0.0,0.0,multihop,0
84,tcp,telnet,SF,2742,5433,0,0,0,6,0,1,5,1,0,1,1,1,0,0,0,0,1,1,0.0,0.0,0.0,0.0,1.0,0.0,0.0,255,1,0.0,0.01,0.0,0.0,0.0,0.0,0.0,0.0,buffer_overflow,1
0,icmp,eco_i,SF,8,0,0,0,0,0,0,0,0,0,0,0,0,0,0,0,0,0,1,46,0.0,0.0,0.0,0.0,1.0,0.0,1.0,2,108,1.0,0.0,1.0,0.5,0.0,0.0,0.0,0.0,ipsweep,15
0,udp,private,SF,43,0,0,0,0,0,0,0,0,0,0,0,0,0,0,0,0,0,3,3,0.0,0.0,0.0,0.0,1.0,0.0,0.0,255,255,1.0,0.0,0.0,0.0,0.0,0.0,0.0,0.0,snmpguess,17
929,tcp,http,RSTR,49204,0,0,0,0,0,0,1,0,0,0,0,0,0,0,0,0,0,30,30,0.0,0.0,1.0,1.0,1.0,0.0,0.0,255,253,0.99,0.01,0.0,0.0,0.0,0.0,0.15,0.15,apache2,15
0,tcp,other,REJ,0,0,0,0,0,0,0,0,0,0,0,0,0,0,0,0,0,0,1,1,0.0,0.0,1.0,1.0,1.0,0.0,0.0,255,13,0.05,0.02,0.0,0.0,0.0,0.0,0.06,1.0,httptunnel,17
0,udp,private,SF,49,0,0,0,0,0,0,0,0,0,0,0,0,0,0,0,0,0,1,1,0.0,0.0,0.0,0.0,1.0,0.0,0.0,255,255,1.0,0.0,0.01,0.0,0.0,0.0,0.0,0.0,snmpguess,15
0,icmp,ecr_i,SF,64,0,0,0,0,0,0,0,0,0,0,0,0,0,0,0,0,0,1,1,0.0,0.0,0.0,0.0,1.0,0.0,0.0,255,1,0.0,0.01,0.0,0.0,0.0,0.0,0.0,0.0,normal,15
0,tcp,pop_3,REJ,0,0,0,0,0,0,0,0,0,0,0,0,0,0,0,0,0,0,3,5,0.0,0.0,1.0,1.0,0.33,1.0,1.0,95,64,0.25,0.03,0.01,0.03,0.0,0.0,0.84,1.0,mscan,15
1776,tcp,telnet,SF,3061,54942,0,0,0,15,1,1,14,1,0,26,5,0,4,0,0,0,1,1,0.0,0.0,0.0,0.0,1.0,0.0,0.0,9,2,0.11,0.44,0.11,1.0,0.0,0.0,0.0,0.0,multihop,0
7338,tcp,telnet,SF,0,44,0,0,0,0,0,0,0,0,0,0,0,0,0,0,0,0,1,1,0.0,0.0,0.0,0.0,1.0,0.0,0.0,255,228,0.89,0.02,0.0,0.0,0.27,0.3,0.01,0.0,processtable,14
799,tcp,http,RSTR,71584,0,0,0,0,0,0,1,0,0,0,0,0,0,0,0,0,0,45,45,0.02,0.02,0.98,0.98,1.0,0.0,0.0,255,253,0.99,0.01,0.0,0.0,0.01,0.01,0.72,0.73,apache2,14
0,tcp,private,SH,0,0,0,0,0,0,0,0,0,0,0,0,0,0,0,0,0,0,1,1,1.0,1.0,0.0,0.0,1.0,0.0,0.0,190,1,0.01,0.99,0.99,0.0,0.99,1.0,0.0,0.0,nmap,18
0,icmp,ecr_i,SF,1032,0,0,0,0,0,0,0,0,0,0,0,0,0,0,0,0,0,472,472,0.0,0.0,0.0,0.0,1.0,0.0,0.0,255,255,1.0,0.0,1.0,0.0,0.0,0.0,0.0,0.0,smurf,20
0,icmp,eco_i,SF,18,0,0,0,0,0,0,0,0,0,0,0,0,0,0,0,0,0,1,1,0.0,0.0,0.0,0.0,1.0,0.0,0.0,1,42,1.0,0.0,1.0,1.0,0.0,0.0,0.0,0.0,ipsweep,18
0,tcp,http,S0,0,0,0,0,0,0,0,0,0,0,0,0,0,0,0,0,0,0,41,41,0.63,0.63,0.34,0.34,1.0,0.0,0.0,255,255,1.0,0.0,0.0,0.0,0.13,0.13,0.7,0.7,apache2,17
0,udp,private,SF,53,0,0,0,0,0,0,0,0,0,0,0,0,0,0,0,0,0,4,4,0.0,0.0,0.0,0.0,1.0,0.0,0.0,255,255,1.0,0.0,0.01,0.0,0.0,0.0,0.0,0.0,snmpguess,15
184,tcp,telnet,SF,2923,5285,0,0,1,2,0,1,11,1,0,17,1,1,0,0,0,0,1,1,0.0,0.0,0.0,0.0,1.0,0.0,0.0,1,2,1.0,0.0,1.0,1.0,0.0,0.0,0.0,0.0,xterm,3
0,icmp,eco_i,SF,20,0,0,0,0,0,0,0,0,0,0,0,0,0,0,0,0,0,1,60,0.0,0.0,0.0,0.0,1.0,0.0,1.0,3,211,1.0,0.0,1.0,0.25,0.0,0.0,0.0,0.0,saint,15
0,tcp,telnet,S3,0,44,0,0,0,0,0,0,0,0,0,0,0,0,0,0,0,0,1,1,1.0,1.0,0.0,0.0,1.0,0.0,0.0,255,128,0.5,0.45,0.0,0.0,0.39,0.78,0.44,0.02,processtable,18
0,tcp,http,SF,54540,8314,0,0,0,2,0,1,1,0,0,0,0,0,0,0,0,0,3,10,0.0,0.0,0.0,0.0,1.0,0.0,0.2,255,255,1.0,0.0,0.0,0.0,0.0,0.0,0.05,0.05,back,15
0,tcp,http,SF,54540,8314,0,0,0,2,0,1,1,0,0,0,0,0,0,0,0,0,5,5,0.0,0.0,0.0,0.0,1.0,0.0,0.0,255,254,1.0,0.01,0.0,0.0,0.0,0.0,0.07,0.07,back,16
8,tcp,ftp,SF,220,688,0,0,0,4,0,1,0,0,0,0,4,0,0,0,0,0,1,1,0.0,0.0,0.0,0.0,1.0,0.0,0.0,53,27,0.51,0.08,0.02,0.0,0.0,0.0,0.0,0.0,buffer_overflow,1
0,tcp,ldap,S0,0,0,0,0,0,0,0,0,0,0,0,0,0,0,0,0,0,0,43,1,1.0,1.0,0.0,0.0,0.02,0.19,0.0,255,1,0.0,0.16,0.0,0.0,1.0,1.0,0.0,0.0,neptune,18
0,tcp,http,SF,54540,8314,0,0,0,2,0,1,1,0,0,0,0,0,0,0,0,0,4,4,0.0,0.0,0.0,0.0,1.0,0.0,0.0,255,255,1.0,0.0,0.0,0.0,0.0,0.0,0.07,0.07,back,16
0,udp,private,SF,44,0,0,0,0,0,0,0,0,0,0,0,0,0,0,0,0,0,4,4,0.0,0.0,0.0,0.0,1.0,0.0,0.0,255,255,1.0,0.0,0.0,0.0,0.0,0.0,0.0,0.0,snmpguess,17
0,tcp,auth,SF,10,35,0,0,0,0,0,0,0,0,0,0,0,0,0,0,0,0,1,1,0.0,0.0,0.0,0.0,1.0,0.0,0.0,1,1,1.0,0.0,1.0,0.0,0.0,0.0,0.0,0.0,sendmail,4
0,udp,private,SF,105,147,0,0,0,0,0,0,0,0,0,0,0,0,0,0,0,0,1,1,0.0,0.0,0.0,0.0,1.0,0.0,0.0,43,42,0.98,0.05,0.02,0.0,0.0,0.0,0.0,0.0,snmpgetattack,0
0,icmp,eco_i,SF,18,0,0,0,0,0,0,0,0,0,0,0,0,0,0,0,0,0,1,1,0.0,0.0,0.0,0.0,1.0,0.0,0.0,1,129,1.0,0.0,1.0,1.0,0.0,0.0,0.0,0.0,ipsweep,15
3,tcp,pop_3,SF,28,93,0,0,0,0,0,1,0,0,0,0,0,0,0,0,0,0,1,1,0.0,0.0,0.0,0.0,1.0,0.0,0.0,255,250,0.98,0.01,0.0,0.0,0.0,0.0,0.0,0.0,guess_passwd,17
0,icmp,ecr_i,SF,1032,0,0,0,0,0,0,0,0,0,0,0,0,0,0,0,0,0,458,458,0.0,0.0,0.0,0.0,1.0,0.0,0.0,255,254,1.0,0.01,1.0,0.0,0.0,0.0,0.0,0.0,smurf,19
0,udp,private,SF,43,0,0,0,0,0,0,0,0,0,0,0,0,0,0,0,0,0,5,5,0.0,0.0,0.0,0.0,1.0,0.0,0.0,255,255,1.0,0.0,0.0,0.0,0.0,0.0,0.0,0.0,snmpguess,16
0,udp,private,SF,105,146,0,0,0,0,0,0,0,0,0,0,0,0,0,0,0,0,2,2,0.0,0.0,0.0,0.0,1.0,0.0,0.0,220,219,1.0,0.01,0.0,0.0,0.0,0.0,0.0,0.0,normal,20
0,icmp,eco_i,SF,20,0,0,0,0,0,0,0,0,0,0,0,0,0,0,0,0,0,1,56,0.0,0.0,0.0,0.0,1.0,0.0,1.0,1,165,1.0,0.0,1.0,0.25,0.0,0.0,0.0,0.0,saint,16
0,udp,private,SF,105,146,0,0,0,0,0,0,0,0,0,0,0,0,0,0,0,0,1,1,0.0,0.0,0.0,0.0,1.0,0.0,0.0,101,101,1.0,0.0,0.01,0.0,0.0,0.0,0.0,0.0,snmpgetattack,0
703,tcp,X11,SF,57164,35576,0,0,0,0,0,0,0,0,0,0,0,0,0,0,0,0,1,1,0.0,0.0,0.0,0.0,1.0,0.0,0.0,1,1,1.0,0.0,1.0,0.0,0.0,0.0,0.0,0.0,named,3
0,icmp,eco_i,SF,20,0,0,0,0,0,0,0,0,0,0,0,0,0,0,0,0,0,1,61,0.0,0.0,0.0,0.0,1.0,0.0,1.0,2,255,1.0,0.0,1.0,0.25,0.0,0.0,0.0,0.0,saint,15
0,tcp,other,REJ,0,0,0,0,0,0,0,0,0,0,0,0,0,0,0,0,0,0,511,1,0.05,0.0,0.95,1.0,0.0,1.0,0.0,255,1,0.0,1.0,0.0,0.0,0.05,0.0,0.95,1.0,saint,20
0,tcp,remote_job,S0,0,0,0,0,0,0,0,0,0,0,0,0,0,0,0,0,0,0,95,1,0.09,1.0,0.88,0.0,0.01,1.0,0.0,255,1,0.0,0.21,0.0,0.0,0.07,1.0,0.85,0.0,satan,20
0,tcp,other,SF,240,611,0,0,0,0,0,0,0,0,0,0,0,0,0,0,0,0,2,2,0.0,0.0,0.0,0.0,1.0,0.0,0.0,255,21,0.08,0.02,0.0,0.0,0.0,0.0,0.08,0.86,httptunnel,5
0,icmp,ecr_i,SF,1480,0,0,1,0,0,0,0,0,0,0,0,0,0,0,0,0,0,1,3,0.0,0.0,0.0,0.0,1.0,0.0,0.67,1,19,1.0,0.0,1.0,0.53,0.0,0.0,0.0,0.0,pod,16
0,tcp,http,S0,0,0,0,0,0,0,0,0,0,0,0,0,0,0,0,0,0,0,30,30,0.5,0.5,0.47,0.47,1.0,0.0,0.0,255,255,1.0,0.0,0.0,0.0,0.09,0.09,0.7,0.7,apache2,16
0,tcp,http,RSTR,54540,8314,0,0,0,2,0,1,1,0,0,0,0,0,0,0,0,0,3,10,0.0,0.0,0.33,0.1,1.0,0.0,0.3,255,255,1.0,0.0,0.0,0.0,0.01,0.01,0.05,0.05,back,12
0,tcp,other,REJ,0,0,0,0,0,0,0,0,0,0,0,0,0,0,0,0,0,0,504,1,0.04,0.0,0.96,1.0,0.0,1.0,0.0,255,1,0.0,1.0,0.0,0.0,0.0,0.0,1.0,1.0,satan,20
0,udp,private,SF,51,0,0,0,0,0,0,0,0,0,0,0,0,0,0,0,0,0,5,5,0.0,0.0,0.0,0.0,1.0,0.0,0.0,255,255,1.0,0.0,0.01,0.0,0.0,0.0,0.0,0.0,snmpguess,14
0,tcp,ftp_data,SF,3346,0,0,0,0,0,0,0,0,0,0,0,0,0,0,0,0,0,1,1,0.0,0.0,0.0,0.0,1.0,0.0,0.0,255,49,0.19,0.03,0.19,0.0,0.32,0.0,0.02,0.0,rootkit,7
0,udp,private,SF,105,146,0,0,0,0,0,0,0,0,0,0,0,0,0,0,0,0,1,1,0.0,0.0,0.0,0.0,1.0,0.0,0.0,255,249,0.98,0.01,0.01,0.0,0.0,0.0,0.0,0.0,snmpgetattack,0
1,tcp,smtp,SF,2599,293,0,0,0,0,0,1,0,0,0,0,0,0,0,0,0,0,2,2,0.0,0.0,0.0,0.0,1.0,0.0,0.0,255,82,0.32,0.14,0.0,0.0,0.0,0.0,0.66,0.0,mailbomb,11
3,tcp,ftp,SF,12,95,0,0,0,0,0,0,0,0,0,0,0,0,0,0,0,1,1,1,0.0,0.0,0.0,0.0,1.0,0.0,0.0,255,3,0.01,0.02,0.0,0.0,0.0,0.0,0.0,0.33,multihop,8
0,tcp,other,REJ,0,0,0,0,0,0,0,0,0,0,0,0,0,0,0,0,0,0,1,1,0.0,0.0,1.0,1.0,1.0,0.0,0.0,53,6,0.11,0.09,0.02,0.0,0.0,0.0,0.08,0.67,httptunnel,10
1,tcp,smtp,SF,2599,293,0,0,0,0,0,1,0,0,0,0,0,0,0,0,0,0,1,2,0.0,0.0,0.0,0.0,1.0,0.0,1.0,255,247,0.97,0.04,0.0,0.0,0.0,0.0,0.03,0.0,mailbomb,15
7566,tcp,telnet,SF,0,44,0,0,0,0,0,0,0,0,0,0,0,0,0,0,0,0,1,1,0.0,0.0,0.0,0.0,1.0,0.0,0.0,255,180,0.71,0.02,0.0,0.0,0.42,0.41,0.01,0.01,processtable,19
5,tcp,smtp,SF,2599,293,0,0,0,0,0,1,0,0,0,0,0,0,0,0,0,0,2,2,0.0,0.0,0.0,0.0,1.0,0.0,0.0,255,247,0.97,0.04,0.0,0.0,0.0,0.0,0.03,0.0,mailbomb,15
282,tcp,ftp,SF,162,599,0,0,0,2,0,1,0,0,0,0,0,0,0,0,0,1,1,1,0.0,0.0,0.0,0.0,1.0,0.0,0.0,255,14,0.05,0.79,0.0,0.0,0.0,0.0,0.78,0.0,warezmaster,12
54,tcp,telnet,SF,3256,36458,0,0,2,1,0,1,25,1,0,2,0,0,1,0,0,0,1,1,0.0,0.0,0.0,0.0,1.0,0.0,0.0,95,96,0.41,0.05,0.01,0.02,0.0,0.0,0.17,0.52,xterm,0
0,tcp,Z39_50,S0,0,0,0,0,0,0,0,0,0,0,0,0,0,0,0,0,0,0,267,3,0.19,0.67,0.81,0.33,0.01,0.06,0.0,255,3,0.01,0.07,0.0,0.0,0.2,0.67,0.8,0.33,neptune,18
0,tcp,private,REJ,0,0,0,0,0,0,0,0,0,0,0,0,0,0,0,0,0,0,2,1,0.0,0.0,1.0,1.0,0.5,1.0,0.0,255,1,0.0,0.56,0.35,0.0,0.0,0.0,0.35,1.0,portsweep,18
0,tcp,private,SH,0,0,0,0,0,0,0,0,0,0,0,0,0,0,0,0,0,0,1,1,1.0,1.0,0.0,0.0,1.0,0.0,0.0,196,1,0.01,1.0,0.99,0.0,0.99,1.0,0.0,0.0,nmap,18
0,tcp,http,SF,54540,8314,0,0,0,2,0,1,1,0,0,0,0,0,0,0,0,0,5,5,0.0,0.0,0.0,0.0,1.0,0.0,0.0,255,242,0.95,0.01,0.0,0.0,0.0,0.0,0.06,0.06,back,12
0,icmp,eco_i,SF,18,0,0,0,0,0,0,0,0,0,0,0,0,0,0,0,0,0,1,1,0.0,0.0,0.0,0.0,1.0,0.0,0.0,1,117,1.0,0.0,1.0,1.0,0.0,0.0,0.0,0.0,ipsweep,16
0,udp,private,SF,105,147,0,0,0,0,0,0,0,0,0,0,0,0,0,0,0,0,1,1,0.0,0.0,0.0,0.0,1.0,0.0,0.0,77,76,0.99,0.03,0.01,0.0,0.0,0.0,0.0,0.0,snmpgetattack,1
281,tcp,ftp,SF,160,599,0,0,0,2,0,1,0,0,0,0,0,0,0,0,0,1,1,1,0.0,0.0,0.0,0.0,1.0,0.0,0.0,255,2,0.01,0.02,0.0,0.0,0.97,0.0,0.0,0.0,warezmaster,15
0,udp,private,SF,105,146,0,0,0,0,0,0,0,0,0,0,0,0,0,0,0,0,2,2,0.0,0.0,0.0,0.0,1.0,0.0,0.0,255,251,0.98,0.01,0.0,0.0,0.0,0.0,0.0,0.0,snmpgetattack,0
0,tcp,http,S0,0,0,0,0,0,0,0,0,0,0,0,0,0,0,0,0,0,0,36,36,0.28,0.28,0.72,0.72,1.0,0.0,0.0,255,255,1.0,0.0,0.0,0.0,0.05,0.05,0.68,0.68,apache2,18
0,tcp,telnet,RSTO,0,15,0,0,0,0,0,0,0,0,0,0,0,0,0,0,0,0,1,3,0.0,0.0,1.0,0.67,1.0,0.0,0.67,158,85,0.33,0.03,0.01,0.02,0.0,0.0,0.89,0.68,mscan,13
4,tcp,pop_3,SF,31,93,0,0,0,0,0,1,0,0,0,0,0,0,0,0,0,0,1,1,0.0,0.0,0.0,0.0,1.0,0.0,0.0,71,68,0.94,0.03,0.01,0.03,0.0,0.0,0.0,0.0,guess_passwd,6
0,icmp,eco_i,SF,18,0,0,0,0,0,0,0,0,0,0,0,0,0,0,0,0,0,1,1,0.0,0.0,0.0,0.0,1.0,0.0,0.0,1,39,1.0,0.0,1.0,1.0,0.0,0.0,0.0,0.0,ipsweep,18
12112,tcp,telnet,SF,99,1483,0,0,0,0,0,1,0,0,0,0,0,0,0,0,0,0,1,1,0.0,0.0,0.0,0.0,1.0,0.0,0.0,255,162,0.64,0.02,0.0,0.0,0.57,0.9,0.02,0.01,normal,5
0,tcp,private,SH,0,0,0,0,0,0,0,0,0,0,0,0,0,0,0,0,0,0,1,1,1.0,1.0,0.0,0.0,1.0,0.0,0.0,68,1,0.01,1.0,1.0,0.0,1.0,1.0,0.0,0.0,nmap,18
0,tcp,gopher,REJ,0,0,0,0,0,0,0,0,0,0,0,0,0,0,0,0,0,0,244,9,0.0,0.0,1.0,1.0,0.04,0.07,0.0,255,9,0.04,0.07,0.0,0.0,0.0,0.0,1.0,1.0,neptune,20
0,tcp,ftp_data,SF,245,0,0,0,0,0,0,0,0,0,0,0,0,0,0,0,0,0,2,2,0.0,0.0,0.0,0.0,1.0,0.0,0.0,158,8,0.05,0.06,0.05,0.0,0.0,0.0,0.01,0.0,normal,20
0,udp,private,SF,44,0,0,0,0,0,0,0,0,0,0,0,0,0,0,0,0,0,3,3,0.0,0.0,0.0,0.0,1.0,0.0,0.0,255,253,0.99,0.01,0.01,0.0,0.0,0.0,0.0,0.0,snmpguess,14
2068,tcp,http,RSTR,93004,0,0,0,0,0,0,1,0,0,0,0,0,0,0,0,0,0,7,7,0.0,0.0,0.86,0.86,1.0,0.0,0.0,255,227,0.89,0.02,0.0,0.0,0.0,0.0,0.02,0.03,apache2,12
0,icmp,ecr_i,SF,1032,0,0,0,0,0,0,0,0,0,0,0,0,0,0,0,0,0,203,203,0.0,0.0,0.0,0.0,1.0,0.0,0.0,255,255,1.0,0.0,1.0,0.0,0.0,0.0,0.0,0.0,smurf,19
0,tcp,exec,RSTO,0,0,0,0,0,0,0,0,0,0,0,0,0,0,0,0,0,0,145,15,0.0,0.0,1.0,1.0,0.1,0.06,0.0,255,15,0.06,0.05,0.0,0.0,0.0,0.0,1.0,1.0,neptune,20
0,tcp,private,SH,0,0,0,0,0,0,0,0,0,0,0,0,0,0,0,0,0,0,1,1,1.0,1.0,0.0,0.0,1.0,0.0,0.0,197,1,0.01,1.0,1.0,0.0,1.0,1.0,0.0,0.0,nmap,18
0,tcp,http,SF,54540,8314,0,0,0,2,0,1,1,0,0,0,0,0,0,0,0,0,4,4,0.0,0.0,0.0,0.0,1.0,0.0,0.0,255,254,1.0,0.01,0.0,0.0,0.0,0.0,0.01,0.01,back,16
1,tcp,finger,SF,6,25,0,0,0,0,0,0,0,0,0,0,0,0,0,0,0,0,2,2,0.0,0.0,0.0,0.0,1.0,0.0,0.0,16,11,0.12,0.75,0.06,0.18,0.0,0.0,0.19,0.0,saint,0
0,tcp,ftp_data,SF,5470,0,0,0,0,0,0,0,0,0,0,0,0,0,0,0,0,0,1,1,0.0,0.0,0.0,0.0,1.0,0.0,0.0,10,13,0.1,0.3,0.1,0.23,0.0,0.0,0.2,0.0,named,0
0,tcp,other,REJ,0,0,0,0,0,0,0,0,0,0,0,0,0,0,0,0,0,0,1,1,0.0,0.0,1.0,1.0,1.0,0.0,0.0,83,6,0.07,0.04,0.01,0.0,0.0,0.0,0.07,1.0,httptunnel,12
0,tcp,telnet,REJ,0,0,0,0,0,0,0,0,0,0,0,0,0,0,0,0,0,0,1,24,0.0,0.12,1.0,0.38,1.0,0.0,0.67,255,19,0.07,0.03,0.0,0.0,0.0,0.0,0.18,0.79,mscan,15
0,icmp,ecr_i,SF,1480,0,0,1,0,0,0,0,0,0,0,0,0,0,0,0,0,0,1,3,0.0,0.0,0.0,0.0,1.0,0.0,0.67,1,5,1.0,0.0,1.0,0.6,0.0,0.0,0.0,0.0,pod,16
0,tcp,private,REJ,0,0,0,0,0,0,0,0,0,0,0,0,0,0,0,0,0,0,511,1,0.05,0.0,0.95,1.0,0.0,1.0,0.0,255,1,0.0,1.0,0.0,0.0,0.07,0.0,0.93,1.0,saint,20
75,tcp,telnet,SF,277,1087,0,0,0,2,0,1,1,1,0,0,4,2,0,0,0,0,1,1,0.0,0.0,0.0,0.0,1.0,0.0,0.0,137,101,0.74,0.04,0.01,0.0,0.73,0.99,0.0,0.0,loadmodule,9
0,tcp,other,REJ,0,0,0,0,0,0,0,0,0,0,0,0,0,0,0,0,0,0,468,1,0.15,0.0,0.84,1.0,0.0,1.0,0.0,255,1,0.0,0.13,0.0,0.0,0.0,0.0,0.14,1.0,satan,19
0,udp,private,SF,105,146,0,0,0,0,0,0,0,0,0,0,0,0,0,0,0,0,1,1,0.0,0.0,0.0,0.0,1.0,0.0,0.0,164,163,0.99,0.01,0.01,0.0,0.0,0.0,0.0,0.0,snmpgetattack,2
0,tcp,daytime,RSTO,0,0,0,0,0,0,0,0,0,0,0,0,0,0,0,0,0,0,245,3,0.0,0.0,1.0,1.0,0.01,0.06,0.0,255,3,0.01,0.07,0.0,0.0,0.0,0.0,1.0,1.0,neptune,19
0,udp,private,SF,43,0,0,0,0,0,0,0,0,0,0,0,0,0,0,0,0,0,3,3,0.0,0.0,0.0,0.0,1.0,0.0,0.0,255,255,1.0,0.0,0.02,0.0,0.0,0.0,0.0,0.0,snmpguess,16
0,udp,other,SF,516,0,0,0,0,0,0,0,0,0,0,0,0,0,0,0,0,0,19,19,0.0,0.0,0.0,0.0,1.0,0.0,0.0,21,19,0.9,0.1,0.05,0.0,0.0,0.0,0.0,0.0,multihop,0
0,icmp,eco_i,SF,18,0,0,0,0,0,0,0,0,0,0,0,0,0,0,0,0,0,1,1,0.0,0.0,0.0,0.0,1.0,0.0,0.0,1,20,1.0,0.0,1.0,1.0,0.0,0.0,0.0,0.0,ipsweep,18
1,tcp,smtp,SF,2599,293,0,0,0,0,0,1,0,0,0,0,0,0,0,0,0,0,3,3,0.0,0.0,0.0,0.0,1.0,0.0,0.0,255,48,0.19,0.16,0.0,0.0,0.0,0.0,0.79,0.0,mailbomb,13
0,tcp,telnet,S3,0,44,0,0,0,0,0,0,0,0,0,0,0,0,0,0,0,0,1,1,1.0,1.0,0.0,0.0,1.0,0.0,0.0,255,123,0.48,0.02,0.0,0.0,0.53,0.4,0.01,0.01,processtable,18
433,tcp,X11,SF,31645608,207796,0,0,0,0,0,0,0,0,0,0,0,0,0,0,0,0,1,1,0.0,0.0,0.0,0.0,1.0,0.0,0.0,255,2,0.01,0.02,0.0,0.0,0.0,0.0,0.0,0.0,xlock,4
0,udp,private,SF,1,1,0,0,0,0,0,0,0,0,0,0,0,0,0,0,0,0,145,1,0.0,0.0,0.0,0.0,0.01,0.98,0.0,255,1,0.0,0.93,1.0,0.0,0.0,0.0,0.0,0.0,satan,18
0,tcp,private,REJ,0,0,0,0,0,0,0,0,0,0,0,0,0,0,0,0,0,0,1,1,0.0,0.0,1.0,1.0,1.0,0.0,0.0,255,1,0.0,0.99,0.99,0.0,0.0,0.0,0.98,1.0,portsweep,18
282,tcp,ftp,SF,156,591,0,0,0,2,0,1,0,0,0,0,0,0,0,0,0,1,1,1,0.0,0.0,0.0,0.0,1.0,0.0,0.0,236,79,0.33,0.03,0.0,0.0,0.0,0.0,0.0,0.0,warezmaster,13
0,udp,private,SF,53,49,0,0,0,0,0,0,0,0,0,0,0,0,0,0,0,0,511,511,0.0,0.0,0.0,0.0,1.0,0.0,0.0,255,255,1.0,0.0,1.0,0.0,0.0,0.0,0.0,0.0,normal,17
0,icmp,ecr_i,SF,1032,0,0,0,0,0,0,0,0,0,0,0,0,0,0,0,0,0,496,496,0.0,0.0,0.0,0.0,1.0,0.0,0.0,255,255,1.0,0.0,1.0,0.0,0.0,0.0,0.0,0.0,smurf,19
0,tcp,ftp_data,SF,7935,0,0,0,0,0,0,0,0,0,0,0,0,0,0,0,0,0,1,1,0.0,0.0,0.0,0.0,1.0,0.0,0.0,11,14,0.18,0.27,0.18,0.21,0.0,0.0,0.18,0.0,named,1
0,udp,domain_u,SF,44,74,0,0,0,0,0,0,0,0,0,0,0,0,0,0,0,0,363,363,0.0,0.0,0.0,0.0,1.0,0.0,0.0,255,254,1.0,0.01,0.0,0.0,0.0,0.0,0.0,0.0,normal,18
0,icmp,ecr_i,SF,520,0,0,0,0,0,0,0,0,0,0,0,0,0,0,0,0,0,511,511,0.0,0.0,0.0,0.0,1.0,0.0,0.0,147,149,1.0,0.0,1.0,0.01,0.0,0.0,0.0,0.0,smurf,18
0,udp,private,SF,42,0,0,0,0,0,0,0,0,0,0,0,0,0,0,0,0,0,3,3,0.0,0.0,0.0,0.0,1.0,0.0,0.0,255,255,1.0,0.0,0.02,0.0,0.0,0.0,0.0,0.0,snmpguess,16
792,tcp,http,RSTR,58624,0,0,0,0,0,0,1,0,0,0,0,0,0,0,0,0,0,24,24,0.0,0.0,1.0,1.0,1.0,0.0,0.0,255,254,1.0,0.01,0.0,0.0,0.01,0.01,0.58,0.58,apache2,14
0,icmp,ecr_i,SF,508,0,0,0,0,0,0,0,0,0,0,0,0,0,0,0,0,0,511,511,0.0,0.0,0.0,0.0,1.0,0.0,0.0,137,14,0.1,0.04,0.1,0.0,0.0,0.0,0.82,0.0,smurf,19
0,udp,private,SF,28,0,0,3,0,0,0,0,0,0,0,0,0,0,0,0,0,0,10,10,0.0,0.0,0.0,0.0,1.0,0.0,0.0,35,10,0.29,0.11,0.29,0.0,0.0,0.0,0.0,0.0,teardrop,11
801,tcp,http,RSTR,72564,0,0,0,0,0,0,1,0,0,0,0,0,0,0,0,0,0,29,29,0.0,0.0,1.0,1.0,1.0,0.0,0.0,255,253,0.99,0.01,0.0,0.0,0.0,0.0,0.13,0.13,apache2,15
0,tcp,ftp_data,SF,3346,0,0,0,0,0,0,0,0,0,0,0,0,0,0,0,0,0,1,1,0.0,0.0,0.0,0.0,1.0,0.0,0.0,255,44,0.17,0.03,0.17,0.0,0.45,0.0,0.02,0.0,ps,7
9,tcp,telnet,SF,4209,7919,0,0,0,0,0,1,0,0,0,0,0,0,0,0,0,0,1,1,0.0,0.0,0.0,0.0,1.0,0.0,0.0,113,2,0.02,0.04,0.01,0.0,0.0,0.0,0.0,0.0,worm,0
0,tcp,ftp_data,SF,12,0,0,0,0,0,0,0,0,0,0,0,0,0,0,0,0,0,2,3,0.0,0.0,0.0,0.0,1.0,0.0,0.67,2,2,1.0,0.0,1.0,0.0,0.0,0.0,0.0,0.0,warezmaster,15
0,tcp,http,SF,54540,8314,0,0,0,2,0,1,1,0,0,0,0,0,0,0,0,0,2,27,0.0,0.0,0.0,0.0,1.0,0.0,0.07,255,255,1.0,0.0,0.0,0.0,0.0,0.0,0.05,0.05,back,11
0,icmp,eco_i,SF,18,0,0,0,0,0,0,0,0,0,0,0,0,0,0,0,0,0,1,1,0.0,0.0,0.0,0.0,1.0,0.0,0.0,1,79,1.0,0.0,1.0,1.0,0.0,0.0,0.0,0.0,ipsweep,18
0,tcp,other,REJ,0,0,0,0,0,0,0,0,0,0,0,0,0,0,0,0,0,0,1,1,0.0,0.0,1.0,1.0,1.0,0.0,0.0,255,30,0.12,0.02,0.0,0.0,0.0,0.0,0.1,0.73,httptunnel,16
57715,tcp,X11,SF,39224,511712,0,0,0,0,0,0,0,0,0,0,0,0,0,0,0,0,1,1,0.0,0.0,0.0,0.0,1.0,0.0,0.0,1,1,1.0,0.0,1.0,0.0,0.0,0.0,0.0,0.0,named,3
0,icmp,eco_i,SF,18,0,0,0,0,0,0,0,0,0,0,0,0,0,0,0,0,0,1,1,0.0,0.0,0.0,0.0,1.0,0.0,0.0,1,95,1.0,0.0,1.0,1.0,0.0,0.0,0.0,0.0,ipsweep,16
0,tcp,other,REJ,0,0,0,0,0,0,0,0,0,0,0,0,0,0,0,0,0,0,1,1,0.0,0.0,1.0,1.0,1.0,0.0,0.0,80,4,0.05,0.04,0.01,0.0,0.0,0.0,0.05,1.0,httptunnel,12
0,icmp,ecr_i,SF,1480,0,0,1,0,0,0,0,0,0,0,0,0,0,0,0,0,0,1,3,0.0,0.0,0.0,0.0,1.0,0.0,0.67,1,17,1.0,0.0,1.0,0.53,0.0,0.0,0.0,0.0,pod,16
0,icmp,ecr_i,SF,1008,0,0,0,0,0,0,0,0,0,0,0,0,0,0,0,0,0,460,460,0.0,0.0,0.0,0.0,1.0,0.0,0.0,255,255,1.0,0.0,1.0,0.0,0.0,0.0,0.0,0.0,smurf,18
0,tcp,vmnet,REJ,0,0,0,0,0,0,0,0,0,0,0,0,0,0,0,0,0,0,230,5,0.0,0.0,1.0,1.0,0.02,0.07,0.0,255,5,0.02,0.08,0.0,0.0,0.0,0.0,1.0,1.0,neptune,20
2055,tcp,http,RSTR,72564,0,0,0,0,0,0,1,0,0,0,0,0,0,0,0,0,0,12,12,0.0,0.0,1.0,1.0,1.0,0.0,0.0,255,244,0.96,0.01,0.0,0.0,0.02,0.02,0.42,0.44,apache2,15
0,tcp,http,SF,54540,8314,0,0,0,2,0,1,1,0,0,0,0,0,0,0,0,0,3,37,0.0,0.0,0.0,0.0,1.0,0.0,0.05,255,252,0.99,0.01,0.0,0.0,0.0,0.0,0.01,0.01,back,12
0,icmp,ecr_i,SF,1032,0,0,0,0,0,0,0,0,0,0,0,0,0,0,0,0,0,510,510,0.0,0.0,0.0,0.0,1.0,0.0,0.0,220,219,1.0,0.01,1.0,0.0,0.0,0.0,0.0,0.0,smurf,18
0,udp,private,SF,56,52,0,0,0,0,0,0,0,0,0,0,0,0,0,0,0,0,445,445,0.0,0.0,0.0,0.0,1.0,0.0,0.0,255,255,1.0,0.0,1.0,0.0,0.0,0.0,0.0,0.0,normal,17
0,icmp,eco_i,SF,20,0,0,0,0,0,0,0,0,0,0,0,0,0,0,0,0,0,1,67,0.0,0.0,0.0,0.0,1.0,0.0,1.0,2,146,1.0,0.0,1.0,0.25,0.0,0.0,0.0,0.0,saint,15
0,tcp,ftp_data,SF,2209,0,0,0,0,0,0,0,0,0,0,0,0,0,0,0,0,0,1,1,0.0,0.0,0.0,0.0,1.0,0.0,0.0,4,2,0.5,0.5,0.5,0.0,0.0,0.0,0.0,0.0,xterm,1
0,icmp,urp_i,SF,552,0,0,0,0,0,0,0,0,0,0,0,0,0,0,0,0,0,1,1,0.0,0.0,0.0,0.0,1.0,0.0,0.0,255,1,0.0,0.02,0.0,0.0,0.0,0.0,0.03,0.0,multihop,4
1,tcp,smtp,SF,2599,293,0,0,0,0,0,1,0,0,0,0,0,0,0,0,0,0,2,2,0.0,0.0,0.0,0.0,1.0,0.0,0.0,255,182,0.71,0.13,0.0,0.0,0.0,0.0,0.27,0.0,mailbomb,11
0,tcp,http,RSTR,37960,7300,0,0,0,1,0,1,0,0,0,0,0,0,0,0,0,0,3,3,0.0,0.0,1.0,1.0,1.0,0.0,0.0,255,255,1.0,0.0,0.0,0.0,0.0,0.0,0.07,0.07,back,12
0,icmp,ecr_i,SF,1032,0,0,0,0,0,0,0,0,0,0,0,0,0,0,0,0,0,452,452,0.0,0.0,0.0,0.0,1.0,0.0,0.0,255,255,1.0,0.0,1.0,0.0,0.0,0.0,0.0,0.0,smurf,20
0,icmp,ecr_i,SF,508,0,0,0,0,0,0,0,0,0,0,0,0,0,0,0,0,0,511,511,0.0,0.0,0.0,0.0,1.0,0.0,0.0,255,182,0.71,0.02,0.71,0.0,0.0,0.0,0.26,0.0,smurf,18
0,icmp,ecr_i,SF,1008,0,0,0,0,0,0,0,0,0,0,0,0,0,0,0,0,0,213,213,0.0,0.0,0.0,0.0,1.0,0.0,0.0,255,255,1.0,0.0,1.0,0.0,0.0,0.0,0.0,0.0,smurf,18
281,tcp,ftp,SF,160,597,0,0,0,2,0,1,0,0,0,0,0,0,0,0,0,1,1,1,0.0,0.0,0.0,0.0,1.0,0.0,0.0,206,67,0.33,0.03,0.0,0.0,0.0,0.0,0.0,0.0,warezmaster,12
0,udp,private,SF,28,0,0,3,0,0,0,0,0,0,0,0,0,0,0,0,0,0,51,51,0.0,0.0,0.0,0.0,1.0,0.0,0.0,76,51,0.67,0.05,0.67,0.0,0.0,0.0,0.0,0.0,teardrop,11
0,tcp,other,REJ,0,0,0,0,0,0,0,0,0,0,0,0,0,0,0,0,0,0,1,1,0.0,0.0,1.0,1.0,1.0,0.0,0.0,76,1,0.01,0.04,0.01,0.0,0.0,0.0,0.01,1.0,httptunnel,12
0,tcp,telnet,S3,0,44,0,0,0,0,0,0,0,0,0,0,0,0,0,0,0,0,1,1,1.0,1.0,0.0,0.0,1.0,0.0,0.0,255,144,0.56,0.4,0.0,0.0,0.45,0.81,0.39,0.01,processtable,18
0,udp,private,SF,105,147,0,0,0,0,0,0,0,0,0,0,0,0,0,0,0,0,3,2,0.0,0.0,0.0,0.0,0.67,0.67,0.0,255,252,0.99,0.01,0.0,0.0,0.0,0.0,0.0,0.0,snmpgetattack,0
0,udp,private,SF,105,105,0,0,0,0,0,0,0,0,0,0,0,0,0,0,0,0,1,1,0.0,0.0,0.0,0.0,1.0,0.0,0.0,255,252,0.99,0.01,0.0,0.0,0.0,0.0,0.0,0.0,snmpgetattack,2
0,tcp,pop_3,REJ,0,0,0,0,0,0,0,0,0,0,0,0,0,0,0,0,0,0,1,23,0.0,0.04,1.0,0.65,1.0,0.0,1.0,229,2,0.01,0.03,0.0,0.0,0.0,0.0,0.02,1.0,mscan,13
4,tcp,pop_3,SF,26,93,0,0,0,0,0,1,0,0,0,0,0,0,0,0,0,0,1,1,0.0,0.0,0.0,0.0,1.0,0.0,0.0,102,87,0.84,0.03,0.01,0.02,0.0,0.0,0.1,0.0,guess_passwd,7
0,icmp,eco_i,SF,18,0,0,0,0,0,0,0,0,0,0,0,0,0,0,0,0,0,1,1,0.0,0.0,0.0,0.0,1.0,0.0,0.0,1,10,1.0,0.0,1.0,1.0,0.0,0.0,0.0,0.0,ipsweep,17
0,tcp,pop_3,SF,30,217,0,0,0,0,0,1,0,0,0,0,0,0,0,0,0,0,8,1,0.0,0.0,0.0,0.0,0.12,0.25,0.0,161,14,0.09,0.03,0.01,0.0,0.0,0.0,0.0,0.0,guess_passwd,7
0,tcp,sunrpc,REJ,0,0,0,0,0,0,0,0,0,0,0,0,0,0,0,0,0,0,5,4,0.0,0.0,0.8,1.0,0.2,0.8,1.0,179,52,0.2,0.03,0.01,0.04,0.0,0.0,0.9,1.0,mscan,15
0,udp,private,SF,54,52,0,0,0,0,0,0,0,0,0,0,0,0,0,0,0,0,343,343,0.0,0.0,0.0,0.0,1.0,0.0,0.0,255,255,1.0,0.0,0.93,0.0,0.0,0.0,0.0,0.0,normal,17
0,tcp,private,RSTR,0,0,0,0,0,0,0,0,0,0,0,0,0,0,0,0,0,0,1,1,0.0,0.0,1.0,1.0,1.0,0.0,0.0,205,1,0.0,0.68,0.67,0.0,0.0,0.0,0.69,1.0,portsweep,15
31,tcp,ftp,SF,189,541,0,0,0,3,0,1,0,0,0,0,0,0,0,0,1,0,1,1,0.0,0.0,0.0,0.0,1.0,0.0,0.0,1,1,1.0,0.0,1.0,0.0,0.0,0.0,0.0,0.0,rootkit,6
0,udp,private,SF,1,0,0,0,0,0,0,0,0,0,0,0,0,0,0,0,0,0,31,12,0.0,0.0,0.0,0.0,0.39,0.13,0.0,255,12,0.05,0.5,1.0,0.0,0.0,0.0,0.0,0.0,normal,1
0,tcp,telnet,SF,121,174,0,0,0,0,1,0,0,0,0,0,0,0,0,0,0,0,1,1,0.0,0.0,0.0,0.0,1.0,0.0,0.0,255,254,1.0,0.01,0.0,0.0,0.02,0.02,0.01,0.01,guess_passwd,13
0,tcp,finger,S0,0,0,0,0,0,0,0,0,0,0,0,0,0,0,0,0,0,0,181,11,1.0,1.0,0.0,0.0,0.06,0.09,0.0,255,11,0.04,0.09,0.0,0.0,1.0,1.0,0.0,0.0,neptune,18
0,icmp,eco_i,SF,8,0,0,0,0,0,0,0,0,0,0,0,0,0,0,0,0,0,1,20,0.0,0.0,0.0,0.0,1.0,0.0,1.0,1,52,1.0,0.0,1.0,0.52,0.0,0.0,0.0,0.0,ipsweep,17
0,tcp,finger,S0,0,0,1,0,0,0,0,0,0,0,0,0,0,0,0,0,0,0,1,2,1.0,1.0,0.0,0.0,1.0,0.0,1.0,1,5,1.0,0.0,1.0,1.0,1.0,1.0,0.0,0.0,land,20
0,tcp,other,REJ,0,0,0,0,0,0,0,0,0,0,0,0,0,0,0,0,0,0,1,1,0.0,0.0,1.0,1.0,1.0,0.0,0.0,117,16,0.14,0.06,0.01,0.0,0.0,0.0,0.09,0.62,httptunnel,11
786,tcp,http,RSTR,88064,0,0,0,0,0,0,1,0,0,0,0,0,0,0,0,0,0,4,4,0.0,0.0,1.0,1.0,1.0,0.0,0.0,233,230,0.99,0.01,0.0,0.0,0.0,0.0,0.03,0.03,apache2,14
0,tcp,ftp_data,SF,12,0,0,0,0,0,0,0,0,0,0,0,0,0,0,0,0,0,2,2,0.0,0.0,0.0,0.0,1.0,0.0,0.0,2,12,1.0,0.0,1.0,0.25,0.0,0.0,0.0,0.0,warezmaster,15
0,icmp,ecr_i,SF,1032,0,0,0,0,0,0,0,0,0,0,0,0,0,0,0,0,0,511,511,0.0,0.0,0.0,0.0,1.0,0.0,0.0,155,154,0.99,0.01,0.99,0.0,0.0,0.0,0.0,0.0,smurf,18
0,tcp,uucp,RSTO,0,0,0,0,0,0,0,0,0,0,0,0,0,0,0,0,0,0,120,16,0.0,0.0,1.0,1.0,0.13,0.08,0.0,255,16,0.06,0.06,0.0,0.0,0.0,0.0,1.0,1.0,neptune,19
748,tcp,http,RSTR,91544,0,0,0,0,0,0,1,0,0,0,0,0,0,0,0,0,0,2,2,0.0,0.0,1.0,1.0,1.0,0.0,0.0,231,228,0.99,0.01,0.0,0.0,0.0,0.0,0.03,0.03,apache2,14
0,icmp,ecr_i,SF,1480,0,0,1,0,0,0,0,0,0,0,0,0,0,0,0,0,0,1,3,0.0,0.0,0.0,0.0,1.0,0.0,0.67,7,21,0.14,0.57,0.14,0.52,0.0,0.0,0.29,0.0,pod,11
0,tcp,other,REJ,0,0,0,0,0,0,0,0,0,0,0,0,0,0,0,0,0,0,1,1,0.0,0.0,1.0,1.0,1.0,0.0,0.0,255,16,0.06,0.01,0.0,0.0,0.0,0.0,0.04,0.62,httptunnel,15
0,tcp,http,SF,54540,8314,0,0,0,2,0,1,1,0,0,0,0,0,0,0,0,0,4,20,0.0,0.0,0.0,0.0,1.0,0.0,0.15,255,254,1.0,0.01,0.0,0.0,0.0,0.0,0.03,0.03,back,13
0,tcp,other,REJ,0,0,0,0,0,0,0,0,0,0,0,0,0,0,0,0,0,0,1,1,0.0,0.0,1.0,1.0,1.0,0.0,0.0,255,45,0.18,0.02,0.0,0.0,0.0,0.0,0.16,0.82,httptunnel,15
283,tcp,ftp,SF,158,595,0,0,0,2,0,1,0,0,0,0,0,0,0,0,0,1,1,1,0.0,0.0,0.0,0.0,1.0,0.0,0.0,12,10,0.83,0.17,0.08,0.0,0.0,0.0,0.0,0.0,warezmaster,10
1,tcp,smtp,SF,2599,293,0,0,0,0,0,1,0,0,0,0,0,0,0,0,0,0,3,2,0.0,0.0,0.0,0.0,0.67,0.67,0.0,255,245,0.96,0.04,0.0,0.0,0.0,0.0,0.03,0.0,mailbomb,18
0,udp,private,SF,44,0,0,0,0,0,0,0,0,0,0,0,0,0,0,0,0,0,2,2,0.0,0.0,0.0,0.0,1.0,0.0,0.0,255,255,1.0,0.0,0.0,0.0,0.0,0.0,0.0,0.0,snmpguess,17
0,tcp,private,RSTR,0,0,0,0,0,0,0,0,0,0,0,0,0,0,0,0,0,0,1,1,0.0,0.0,1.0,1.0,1.0,0.0,0.0,255,1,0.0,0.66,0.64,0.0,0.0,0.0,0.9,1.0,portsweep,18
0,udp,private,SF,42,0,0,0,0,0,0,0,0,0,0,0,0,0,0,0,0,0,3,3,0.0,0.0,0.0,0.0,1.0,0.0,0.0,255,254,1.0,0.01,0.02,0.0,0.0,0.0,0.0,0.0,snmpguess,16
0,icmp,eco_i,SF,10008,0,0,0,0,0,0,0,0,0,0,0,0,0,0,0,0,0,2,2,0.0,0.0,0.0,0.0,1.0,0.0,0.0,255,28,0.11,0.02,0.19,0.0,0.0,0.0,0.0,0.0,normal,20
140,tcp,telnet,SF,177,27162,0,0,0,0,0,1,6,1,0,3,0,0,0,0,0,0,1,1,0.0,0.0,0.0,0.0,1.0,0.0,0.0,223,1,0.0,0.02,0.0,0.0,0.0,0.0,0.0,0.0,normal,20
7522,tcp,telnet,SF,0,44,0,0,0,0,0,0,0,0,0,0,0,0,0,0,0,0,1,1,0.0,0.0,0.0,0.0,1.0,0.0,0.0,255,188,0.74,0.02,0.0,0.0,0.39,0.39,0.01,0.01,processtable,18
0,icmp,ecr_i,SF,1480,0,0,1,0,0,0,0,0,0,0,0,0,0,0,0,0,0,1,3,0.0,0.0,0.0,0.0,1.0,0.0,0.67,1,7,1.0,0.0,1.0,0.57,0.0,0.0,0.0,0.0,pod,16
0,tcp,private,REJ,0,0,0,0,0,0,0,0,0,0,0,0,0,0,0,0,0,0,135,8,0.0,0.0,1.0,1.0,0.06,0.06,0.0,134,8,0.06,0.06,0.01,0.0,0.0,0.0,1.0,1.0,neptune,18
0,tcp,private,REJ,0,0,0,0,0,0,0,0,0,0,0,0,0,0,0,0,0,0,1,1,0.0,0.0,1.0,1.0,1.0,0.0,0.0,255,1,0.0,1.0,0.99,0.0,0.01,0.0,0.98,1.0,portsweep,18
280,tcp,ftp_data,SF,283618,0,0,0,0,0,0,0,0,0,0,0,0,0,0,0,0,0,1,1,0.0,0.0,0.0,0.0,1.0,0.0,0.0,7,23,1.0,0.0,1.0,0.13,0.0,0.0,0.0,0.0,warezmaster,15
0,tcp,telnet,SF,0,0,0,0,0,0,0,0,0,0,0,0,0,0,0,0,0,0,4,9,0.0,0.22,0.75,0.67,0.5,0.75,0.89,255,127,0.5,0.01,0.0,0.0,0.0,0.0,0.66,0.32,mscan,11
0,udp,private,SF,28,0,0,1,0,0,0,0,0,0,0,0,0,0,0,0,0,0,1,1,0.0,0.0,0.0,0.0,1.0,0.0,0.0,255,1,0.0,0.02,0.0,0.0,0.0,0.0,0.0,0.0,teardrop,14
0,tcp,klogin,S0,0,0,0,0,0,0,0,0,0,0,0,0,0,0,0,0,0,0,41,3,1.0,1.0,0.0,0.0,0.07,0.2,0.0,255,3,0.01,0.17,0.0,0.0,1.0,1.0,0.0,0.0,neptune,18
0,tcp,private,SH,0,0,0,0,0,0,0,0,0,0,0,0,0,0,0,0,0,0,1,1,1.0,1.0,0.0,0.0,1.0,0.0,0.0,181,1,0.01,0.99,0.99,0.0,0.99,1.0,0.0,0.0,nmap,18
0,tcp,private,REJ,0,0,0,0,0,0,0,0,0,0,0,0,0,0,0,0,0,0,2,1,0.0,0.0,1.0,1.0,0.5,1.0,0.0,255,1,0.0,0.92,0.91,0.0,0.0,0.0,0.91,1.0,portsweep,18
0,tcp,time,RSTO,0,0,0,0,0,0,0,0,0,0,0,0,0,0,0,0,0,0,1,1,0.0,0.0,1.0,1.0,1.0,0.0,0.0,255,1,0.0,0.44,0.11,0.0,0.0,0.0,0.11,1.0,portsweep,14
0,icmp,eco_i,SF,20,0,0,0,0,0,0,0,0,0,0,0,0,0,0,0,0,0,1,60,0.0,0.0,0.0,0.0,1.0,0.0,1.0,1,197,1.0,0.0,1.0,0.25,0.0,0.0,0.0,0.0,saint,15
1,tcp,smtp,SF,2599,293,0,0,0,0,0,1,0,0,0,0,0,0,0,0,0,0,3,3,0.0,0.0,0.0,0.0,1.0,0.0,0.0,255,159,0.62,0.13,0.0,0.0,0.0,0.0,0.36,0.0,mailbomb,11
0,tcp,other,REJ,0,0,0,0,0,0,0,0,0,0,0,0,0,0,0,0,0,0,431,1,0.06,0.0,0.94,1.0,0.0,1.0,0.0,255,1,0.0,1.0,0.0,0.0,0.05,0.0,0.95,1.0,saint,18
0,icmp,ecr_i,SF,1008,0,0,0,0,0,0,0,0,0,0,0,0,0,0,0,0,0,14,14,0.0,0.0,0.0,0.0,1.0,0.0,0.0,255,255,1.0,0.0,1.0,0.0,0.0,0.0,0.0,0.0,smurf,17
0,tcp,ftp_data,SF,116,0,0,0,0,0,0,0,0,0,0,0,0,0,0,0,0,0,1,1,0.0,0.0,0.0,0.0,1.0,0.0,0.0,255,52,0.2,0.03,0.2,0.0,0.2,0.0,0.02,0.0,rootkit,7
4,tcp,pop_3,SF,27,93,0,0,0,0,0,1,0,0,0,0,0,0,0,0,0,0,1,1,0.0,0.0,0.0,0.0,1.0,0.0,0.0,183,164,0.9,0.02,0.01,0.0,0.0,0.0,0.05,0.0,guess_passwd,11
0,icmp,eco_i,SF,8,0,0,0,0,0,0,0,0,0,0,0,0,0,0,0,0,0,1,37,0.0,0.0,0.0,0.0,1.0,0.0,1.0,2,42,1.0,0.0,1.0,0.5,0.0,0.0,0.0,0.0,ipsweep,16
0,tcp,other,REJ,0,0,0,0,0,0,0,0,0,0,0,0,0,0,0,0,0,0,1,1,0.0,0.0,1.0,1.0,1.0,0.0,0.0,255,42,0.16,0.02,0.0,0.0,0.0,0.0,0.15,0.81,httptunnel,15
0,tcp,sunrpc,REJ,0,0,0,0,0,0,0,0,0,0,0,0,0,0,0,0,0,0,4,4,0.0,0.0,1.0,1.0,0.25,1.0,1.0,30,51,0.17,0.17,0.03,0.04,0.0,0.0,0.87,1.0,mscan,14
0,tcp,private,SH,0,0,0,0,0,0,0,0,0,0,0,0,0,0,0,0,0,0,1,1,1.0,1.0,0.0,0.0,1.0,0.0,0.0,33,1,0.03,1.0,1.0,0.0,1.0,1.0,0.0,0.0,nmap,18
0,tcp,other,REJ,0,0,0,0,0,0,0,0,0,0,0,0,0,0,0,0,0,0,3,1,0.0,0.0,0.33,1.0,0.33,0.67,0.0,255,20,0.08,0.01,0.0,0.0,0.0,0.0,0.05,0.7,httptunnel,15
0,icmp,ecr_i,SF,1480,0,0,1,0,0,0,0,0,0,0,0,0,0,0,0,0,0,1,1,0.0,0.0,0.0,0.0,1.0,0.0,0.0,255,1,0.0,0.9,0.0,0.0,0.0,0.0,0.89,0.0,pod,15
0,tcp,other,REJ,0,0,0,0,0,0,0,0,0,0,0,0,0,0,0,0,0,0,1,1,0.0,0.0,1.0,1.0,1.0,0.0,0.0,255,13,0.05,0.02,0.0,0.0,0.0,0.0,0.05,1.0,httptunnel,17
26,tcp,login,SF,90,2999,0,0,1,0,0,1,0,0,0,0,0,0,0,0,0,0,1,1,0.0,0.0,0.0,0.0,1.0,0.0,0.0,255,1,0.0,0.03,0.0,0.0,0.51,0.0,0.02,0.0,ftp_write,10
0,tcp,private,SH,0,0,0,0,0,0,0,0,0,0,0,0,0,0,0,0,0,0,1,1,1.0,1.0,0.0,0.0,1.0,0.0,0.0,9,1,0.11,1.0,1.0,0.0,1.0,1.0,0.0,0.0,nmap,17
1,tcp,smtp,SF,2599,293,0,0,0,0,0,1,0,0,0,0,0,0,0,0,0,0,2,2,0.0,0.0,0.0,0.0,1.0,0.0,0.0,255,157,0.62,0.13,0.0,0.0,0.0,0.0,0.37,0.0,mailbomb,11
0,tcp,private,SH,0,0,0,0,0,0,0,0,0,0,0,0,0,0,0,0,0,0,1,1,1.0,1.0,0.0,0.0,1.0,0.0,0.0,151,1,0.01,1.0,1.0,0.0,1.0,1.0,0.0,0.0,nmap,19
0,icmp,tim_i,SF,564,0,0,0,0,0,0,0,0,0,0,0,0,0,0,0,0,0,1,1,0.0,0.0,0.0,0.0,1.0,0.0,0.0,1,1,1.0,0.0,1.0,0.0,0.0,0.0,0.0,0.0,pod,7
50,tcp,telnet,SF,226,2615,0,0,0,1,0,1,0,1,0,5,1,1,1,0,1,0,1,1,0.0,0.0,0.0,0.0,1.0,0.0,0.0,255,2,0.01,0.02,0.0,0.0,0.0,0.0,0.0,0.0,xsnoop,1
0,icmp,ecr_i,SF,1480,0,0,1,0,0,0,0,0,0,0,0,0,0,0,0,0,0,1,1,0.0,0.0,0.0,0.0,1.0,0.0,0.0,1,1,1.0,0.0,1.0,0.0,0.0,0.0,0.0,0.0,pod,12
0,udp,private,SF,28,0,0,3,0,0,0,0,0,0,0,0,0,0,0,0,0,0,10,10,0.0,0.0,0.0,0.0,1.0,0.0,0.0,255,10,0.04,0.02,0.04,0.0,0.21,0.0,0.47,0.0,teardrop,18
5,tcp,pop_3,SF,30,93,0,0,0,0,0,1,0,0,0,0,0,0,0,0,0,0,1,1,0.0,0.0,0.0,0.0,1.0,0.0,0.0,255,253,0.99,0.01,0.0,0.0,0.0,0.0,0.0,0.0,guess_passwd,18
0,icmp,eco_i,SF,20,0,0,0,0,0,0,0,0,0,0,0,0,0,0,0,0,0,1,66,0.0,0.0,0.0,0.0,1.0,0.0,1.0,2,104,1.0,0.0,1.0,0.27,0.0,0.0,0.0,0.0,saint,15
0,icmp,eco_i,SF,18,0,0,0,0,0,0,0,0,0,0,0,0,0,0,0,0,0,1,1,0.0,0.0,0.0,0.0,1.0,0.0,0.0,1,90,1.0,0.0,1.0,1.0,0.0,0.0,0.0,0.0,ipsweep,16
0,tcp,vmnet,S0,0,0,0,0,0,0,0,0,0,0,0,0,0,0,0,0,0,0,264,8,1.0,1.0,0.0,0.0,0.03,0.06,0.0,255,8,0.03,0.07,0.0,0.0,1.0,1.0,0.0,0.0,neptune,19
0,icmp,tim_i,SF,564,0,0,0,0,0,0,0,0,0,0,0,0,0,0,0,0,0,2,2,0.0,0.0,0.0,0.0,1.0,0.0,0.0,2,2,1.0,0.0,1.0,0.0,0.0,0.0,0.0,0.0,pod,7
1009,tcp,http,RSTR,49984,0,0,0,0,0,0,1,0,0,0,0,0,0,0,0,0,0,32,32,0.0,0.0,1.0,1.0,1.0,0.0,0.0,255,255,1.0,0.0,0.0,0.0,0.0,0.0,0.53,0.53,apache2,15
4,tcp,pop_3,SF,32,93,0,0,0,0,0,1,0,0,0,0,0,0,0,0,0,0,2,1,0.0,0.0,0.5,0.0,0.5,1.0,0.0,255,226,0.89,0.02,0.0,0.0,0.0,0.0,0.08,0.0,guess_passwd,16
7334,tcp,telnet,SF,0,44,0,0,0,0,0,0,0,0,0,0,0,0,0,0,0,0,1,1,0.0,0.0,0.0,0.0,1.0,0.0,0.0,255,228,0.89,0.02,0.0,0.0,0.27,0.3,0.01,0.0,processtable,14
0,icmp,ecr_i,SF,508,0,0,0,0,0,0,0,0,0,0,0,0,0,0,0,0,0,236,236,0.0,0.0,0.0,0.0,1.0,0.0,0.0,255,255,1.0,0.0,1.0,0.0,0.0,0.0,0.0,0.0,smurf,18
5,tcp,ftp,SF,94,333,0,0,0,1,0,1,0,0,0,0,1,0,0,0,0,0,1,1,0.0,0.0,0.0,0.0,1.0,0.0,0.0,27,20,0.74,0.11,0.04,0.0,0.0,0.0,0.0,0.0,ps,5
1,tcp,smtp,SF,2599,293,0,0,0,0,0,1,0,0,0,0,0,0,0,0,0,0,2,2,0.0,0.0,0.0,0.0,1.0,0.0,0.0,255,14,0.05,0.16,0.0,0.0,0.0,0.0,0.93,0.0,mailbomb,12
0,tcp,private,SH,0,0,0,0,0,0,0,0,0,0,0,0,0,0,0,0,0,0,1,1,1.0,1.0,0.0,0.0,1.0,0.0,0.0,192,1,0.01,0.99,0.99,0.0,0.99,1.0,0.0,0.0,nmap,18
4,tcp,pop_3,SF,30,93,0,0,0,0,0,1,0,0,0,0,0,0,0,0,0,0,1,1,0.0,0.0,0.0,0.0,1.0,0.0,0.0,255,250,0.98,0.01,0.0,0.0,0.0,0.0,0.02,0.0,guess_passwd,18
1,tcp,smtp,SF,2599,293,0,0,0,0,0,1,0,0,0,0,0,0,0,0,0,0,4,3,0.0,0.0,0.25,0.0,0.75,0.5,0.0,255,28,0.11,0.16,0.0,0.0,0.0,0.0,0.87,0.0,mailbomb,13
7546,tcp,telnet,SF,0,44,0,0,0,0,0,0,0,0,0,0,0,0,0,0,0,0,1,1,0.0,0.0,0.0,0.0,1.0,0.0,0.0,255,171,0.67,0.31,0.0,0.0,0.5,0.74,0.3,0.01,processtable,18
0,tcp,smtp,SF,4474,631,0,0,0,0,0,1,0,0,0,1,0,0,1,0,0,0,1,1,0.0,0.0,0.0,0.0,1.0,0.0,0.0,255,6,0.02,0.02,0.0,0.0,0.0,0.0,0.0,0.0,sendmail,0
0,udp,private,SF,105,146,0,0,0,0,0,0,0,0,0,0,0,0,0,0,0,0,3,2,0.0,0.0,0.0,0.0,0.67,0.67,0.0,255,253,0.99,0.01,0.0,0.0,0.0,0.0,0.0,0.0,snmpgetattack,1
0,tcp,finger,S0,0,0,1,0,0,0,0,0,0,0,0,0,0,0,0,0,0,0,1,3,1.0,1.0,0.0,0.0,1.0,0.0,1.0,1,2,1.0,0.0,1.0,1.0,1.0,1.0,0.0,0.0,land,19
0,udp,private,SF,46,46,0,0,0,0,0,0,0,0,0,0,0,0,0,0,0,0,67,67,0.0,0.0,0.0,0.0,1.0,0.0,0.0,255,255,1.0,0.0,0.45,0.0,0.0,0.0,0.0,0.0,normal,14
0,udp,other,SF,1,0,0,0,0,0,0,0,0,0,0,0,0,0,0,0,0,0,20,1,0.0,0.0,0.0,0.0,0.05,0.4,0.0,255,1,0.0,0.5,0.97,0.0,0.0,0.0,0.03,0.0,satan,20
2,tcp,telnet,SF,398,3881,0,0,1,1,0,1,0,1,0,4,3,1,1,0,0,0,1,1,0.0,0.0,0.0,0.0,1.0,0.0,0.0,153,19,0.12,0.1,0.01,0.0,0.0,0.0,0.02,0.0,sqlattack,1
8160,tcp,telnet,SF,0,15,0,0,0,0,0,0,0,0,0,0,0,0,0,0,0,0,1,1,0.0,0.0,0.0,0.0,1.0,0.0,0.0,255,74,0.29,0.02,0.0,0.0,0.72,0.66,0.01,0.03,processtable,17
0,tcp,other,REJ,0,0,0,0,0,0,0,0,0,0,0,0,0,0,0,0,0,0,509,1,0.0,0.0,0.98,1.0,0.0,1.0,0.0,255,1,0.0,1.0,0.0,0.0,0.0,0.0,1.0,1.0,satan,20
40,tcp,telnet,SF,258,2625,0,0,0,0,0,1,0,0,0,0,2,1,0,0,0,0,1,1,0.0,0.0,0.0,0.0,1.0,0.0,0.0,28,2,0.04,0.21,0.04,1.0,0.0,0.0,0.07,0.0,perl,1
154,tcp,telnet,SF,1510,3349,0,0,0,3,0,1,2,1,0,0,1,0,0,0,0,0,1,1,0.0,0.0,0.0,0.0,1.0,0.0,0.0,255,35,0.14,0.03,0.0,0.0,0.0,0.0,0.0,0.0,buffer_overflow,0
0,icmp,eco_i,SF,18,0,0,0,0,0,0,0,0,0,0,0,0,0,0,0,0,0,1,1,0.0,0.0,0.0,0.0,1.0,0.0,0.0,1,223,1.0,0.0,1.0,1.0,0.0,0.0,0.0,0.0,ipsweep,15
1,tcp,smtp,SF,2599,293,0,0,0,0,0,1,0,0,0,0,0,0,0,0,0,0,3,3,0.0,0.0,0.0,0.0,1.0,0.0,0.0,255,10,0.04,0.16,0.0,0.0,0.0,0.0,0.94,0.0,mailbomb,12
0,icmp,ecr_i,SF,1480,0,0,1,0,0,0,0,0,0,0,0,0,0,0,0,0,0,1,3,0.0,0.0,0.0,0.0,1.0,0.0,0.67,1,29,1.0,0.0,1.0,0.52,0.0,0.0,0.0,0.0,pod,17
0,tcp,private,RSTR,0,0,0,0,0,0,0,0,0,0,0,0,0,0,0,0,0,0,1,1,0.0,0.0,1.0,1.0,1.0,0.0,0.0,255,1,0.0,0.93,0.92,0.0,0.0,0.0,0.91,1.0,portsweep,18
8048,tcp,telnet,SF,0,15,0,0,0,0,0,0,0,0,0,0,0,0,0,0,0,0,1,1,0.0,0.0,0.0,0.0,1.0,0.0,0.0,255,93,0.36,0.02,0.0,0.0,0.63,0.46,0.01,0.01,processtable,17
4,tcp,pop_3,SF,28,93,0,0,0,0,0,1,0,0,0,0,0,0,0,0,0,0,1,1,0.0,0.0,0.0,0.0,1.0,0.0,0.0,247,228,0.92,0.01,0.0,0.0,0.0,0.0,0.04,0.0,guess_passwd,13
0,tcp,other,REJ,0,0,0,0,0,0,0,0,0,0,0,0,0,0,0,0,0,0,509,1,0.0,0.0,1.0,1.0,0.0,0.97,0.0,255,1,0.0,0.96,0.0,0.0,0.0,0.0,1.0,1.0,satan,18
0,udp,private,SF,49,0,0,0,0,0,0,0,0,0,0,0,0,0,0,0,0,0,3,3,0.0,0.0,0.0,0.0,1.0,0.0,0.0,255,253,0.99,0.01,0.01,0.0,0.0,0.0,0.0,0.0,snmpguess,14
0,tcp,other,REJ,0,0,0,0,0,0,0,0,0,0,0,0,0,0,0,0,0,0,511,1,0.14,0.0,0.86,1.0,0.0,1.0,0.0,255,1,0.0,0.94,0.0,0.0,0.12,0.0,0.88,1.0,satan,20
1,tcp,smtp,SF,2599,293,0,0,0,0,0,1,0,0,0,0,0,0,0,0,0,0,3,3,0.0,0.0,0.0,0.0,1.0,0.0,0.0,255,51,0.2,0.16,0.0,0.0,0.0,0.0,0.78,0.0,mailbomb,12
1,tcp,imap4,RSTO,0,44,0,0,0,0,0,0,0,0,0,0,0,0,0,0,0,0,3,1,0.0,0.0,1.0,1.0,0.33,1.0,0.0,236,58,0.23,0.02,0.0,0.03,0.0,0.0,0.85,0.98,mscan,16
281,tcp,ftp,SF,156,595,0,0,0,2,0,1,0,0,0,0,0,0,0,0,0,1,1,1,0.0,0.0,0.0,0.0,1.0,0.0,0.0,73,29,0.4,0.23,0.01,0.0,0.0,0.0,0.07,0.0,warezmaster,7
31,tcp,telnet,SF,197,1608,0,0,0,1,0,1,1,0,0,1,2,1,0,0,0,0,1,1,0.0,0.0,0.0,0.0,1.0,0.0,0.0,248,32,0.13,0.03,0.0,0.0,0.0,0.0,0.0,0.0,ps,0
0,tcp,http,SF,54540,8314,0,0,0,2,0,1,1,0,0,0,0,0,0,0,0,0,4,4,0.0,0.0,0.0,0.0,1.0,0.0,0.0,255,253,0.99,0.01,0.0,0.0,0.0,0.0,0.07,0.07,back,16
0,tcp,name,REJ,0,0,0,0,0,0,0,0,0,0,0,0,0,0,0,0,0,0,281,19,0.0,0.0,1.0,1.0,0.07,0.06,0.0,255,19,0.07,0.07,0.0,0.0,0.0,0.0,1.0,1.0,neptune,20
0,icmp,ecr_i,SF,508,0,0,0,0,0,0,0,0,0,0,0,0,0,0,0,0,0,14,14,0.0,0.0,0.0,0.0,1.0,0.0,0.0,255,255,1.0,0.0,1.0,0.0,0.0,0.0,0.0,0.0,smurf,17
0,tcp,telnet,RSTO,0,15,0,0,0,0,0,0,0,0,0,0,0,0,0,0,0,0,1,10,0.0,0.2,1.0,0.8,1.0,0.0,1.0,255,199,0.78,0.02,0.0,0.0,0.17,0.22,0.22,0.1,mscan,15
4,tcp,pop_3,SF,26,93,0,0,0,0,0,1,0,0,0,0,0,0,0,0,0,0,2,1,0.0,0.0,0.0,0.0,0.5,1.0,0.0,44,43,0.95,0.05,0.02,0.05,0.0,0.0,0.0,0.0,guess_passwd,7
0,tcp,imap4,RSTO,0,44,0,0,0,0,0,0,0,0,0,0,0,0,0,0,0,0,2,3,0.0,0.0,0.5,1.0,0.5,1.0,1.0,100,59,0.27,0.05,0.01,0.03,0.05,0.0,0.87,1.0,mscan,13
1,tcp,pop_3,RSTO,0,36,0,0,0,0,0,1,0,0,0,0,0,0,0,0,0,0,3,10,0.0,0.0,1.0,1.0,0.33,1.0,1.0,255,37,0.15,0.03,0.0,0.0,0.0,0.0,0.51,0.89,mscan,13
1,tcp,smtp,SF,2599,293,0,0,0,0,0,1,0,0,0,0,0,0,0,0,0,0,2,2,0.0,0.0,0.0,0.0,1.0,0.0,0.0,255,194,0.76,0.13,0.0,0.0,0.0,0.0,0.23,0.0,mailbomb,11
0,tcp,private,SH,0,0,0,0,0,0,0,0,0,0,0,0,0,0,0,0,0,0,1,1,1.0,1.0,0.0,0.0,1.0,0.0,0.0,170,1,0.01,1.0,1.0,0.0,1.0,1.0,0.0,0.0,nmap,18
0,tcp,other,REJ,0,0,0,0,0,0,0,0,0,0,0,0,0,0,0,0,0,0,510,1,0.04,0.0,0.96,1.0,0.0,1.0,0.0,255,1,0.0,1.0,0.0,0.0,0.04,0.0,0.96,1.0,saint,20
1,tcp,smtp,SF,2599,293,0,0,0,0,0,1,0,0,0,0,0,0,0,0,0,0,3,3,0.0,0.0,0.0,0.0,1.0,0.0,0.0,255,15,0.06,0.16,0.0,0.0,0.0,0.0,0.92,0.0,mailbomb,12
1,tcp,smtp,SF,2599,293,0,0,0,0,0,1,0,0,0,0,0,0,0,0,0,0,3,3,0.0,0.0,0.0,0.0,1.0,0.0,0.0,255,215,0.84,0.13,0.0,0.0,0.0,0.0,0.15,0.0,mailbomb,14
0,tcp,pop_3,RSTO,0,36,0,0,0,0,0,1,0,0,0,0,0,0,0,0,0,0,3,4,0.0,0.0,1.0,0.75,0.33,1.0,1.0,79,59,0.25,0.06,0.01,0.03,0.01,0.0,0.9,0.98,mscan,15
0,icmp,eco_i,SF,18,0,0,0,0,0,0,0,0,0,0,0,0,0,0,0,0,0,1,1,0.0,0.0,0.0,0.0,1.0,0.0,0.0,1,255,1.0,0.0,1.0,1.0,0.0,0.0,0.0,0.0,ipsweep,18
0,tcp,sunrpc,REJ,0,0,0,0,0,0,0,0,0,0,0,0,0,0,0,0,0,0,4,8,0.0,0.0,1.0,1.0,0.25,1.0,1.0,61,50,0.16,0.08,0.02,0.04,0.0,0.0,0.9,1.0,mscan,15
0,tcp,private,RSTR,0,0,0,0,0,0,0,0,0,0,0,0,0,0,0,0,0,0,1,1,0.0,0.0,1.0,1.0,1.0,0.0,0.0,255,1,0.0,0.1,0.08,0.0,0.0,0.0,0.99,1.0,portsweep,20
0,tcp,telnet,RSTO,0,12,0,0,0,0,0,0,0,0,0,0,0,0,0,0,0,0,1,9,0.0,0.22,1.0,0.56,1.0,0.0,0.78,255,33,0.13,0.02,0.0,0.0,0.0,0.0,0.19,0.52,mscan,14
0,udp,private,SF,105,0,0,0,0,0,0,0,0,0,0,0,0,0,0,0,0,0,2,2,0.0,0.0,0.0,0.0,1.0,0.0,0.0,255,254,1.0,0.01,0.0,0.0,0.0,0.0,0.0,0.0,snmpgetattack,2
0,tcp,other,REJ,0,0,0,0,0,0,0,0,0,0,0,0,0,0,0,0,0,0,458,1,0.16,0.0,0.84,1.0,0.0,1.0,0.0,255,1,0.0,0.09,0.0,0.0,0.0,0.0,0.09,1.0,satan,19
0,tcp,private,SH,0,0,0,0,0,0,0,0,0,0,0,0,0,0,0,0,0,0,1,1,1.0,1.0,0.0,0.0,1.0,0.0,0.0,31,1,0.03,1.0,1.0,0.0,1.0,1.0,0.0,0.0,nmap,18
0,tcp,private,SH,0,0,0,0,0,0,0,0,0,0,0,0,0,0,0,0,0,0,1,1,1.0,1.0,0.0,0.0,1.0,0.0,0.0,93,1,0.01,1.0,1.0,0.0,1.0,1.0,0.0,0.0,nmap,18
0,udp,other,SF,1,1,0,0,0,0,0,0,0,0,0,0,0,0,0,0,0,0,480,1,0.0,0.0,0.0,0.0,0.0,1.0,0.0,255,1,0.0,1.0,1.0,0.0,0.0,0.0,0.0,0.0,satan,17
4,tcp,pop_3,SF,28,93,0,0,0,0,0,1,0,0,0,0,0,0,0,0,0,0,1,1,0.0,0.0,0.0,0.0,1.0,0.0,0.0,255,237,0.93,0.04,0.0,0.0,0.0,0.0,0.0,0.0,guess_passwd,17
2,tcp,smtp,SF,4485,641,0,0,0,0,0,1,0,0,0,1,0,0,1,0,0,0,1,3,0.0,0.0,0.0,0.0,1.0,0.0,1.0,255,7,0.03,0.02,0.0,0.0,0.01,0.0,0.01,0.0,sendmail,1
0,tcp,http,SF,51,8371,0,0,0,2,0,1,0,1,0,0,0,0,1,0,0,0,1,1,0.0,0.0,0.0,0.0,1.0,0.0,0.0,255,227,0.89,0.02,0.0,0.0,0.0,0.0,0.0,0.0,phf,4
0,tcp,other,REJ,0,0,0,0,0,0,0,0,0,0,0,0,0,0,0,0,0,0,457,1,0.16,0.0,0.84,1.0,0.0,1.0,0.0,255,1,0.0,0.98,0.0,0.0,0.15,0.0,0.85,1.0,satan,18
0,icmp,eco_i,SF,18,0,0,0,0,0,0,0,0,0,0,0,0,0,0,0,0,0,1,1,0.0,0.0,0.0,0.0,1.0,0.0,0.0,1,73,1.0,0.0,1.0,1.0,0.0,0.0,0.0,0.0,ipsweep,18
0,icmp,ecr_i,SF,1032,0,0,0,0,0,0,0,0,0,0,0,0,0,0,0,0,0,62,62,0.0,0.0,0.0,0.0,1.0,0.0,0.0,255,255,1.0,0.0,1.0,0.0,0.0,0.0,0.0,0.0,smurf,19
0,icmp,eco_i,SF,20,0,0,0,0,0,0,0,0,0,0,0,0,0,0,0,0,0,1,55,0.0,0.0,0.0,0.0,1.0,0.0,1.0,3,105,1.0,0.0,1.0,0.27,0.0,0.0,0.0,0.0,saint,15
0,tcp,http,SF,54540,8314,0,0,0,2,0,1,1,0,0,0,0,0,0,0,0,0,3,11,0.0,0.0,0.0,0.0,1.0,0.0,0.36,255,255,1.0,0.0,0.0,0.0,0.0,0.0,0.07,0.07,back,15
0,tcp,other,REJ,0,0,0,0,0,0,0,0,0,0,0,0,0,0,0,0,0,0,391,1,0.14,0.0,0.83,1.0,0.0,1.0,0.0,255,1,0.0,0.97,0.0,0.0,0.07,0.0,0.91,1.0,satan,18
0,icmp,eco_i,SF,20,0,0,0,0,0,0,0,0,0,0,0,0,0,0,0,0,0,1,75,0.0,0.0,0.0,0.0,1.0,0.0,1.0,4,88,1.0,0.0,1.0,0.25,0.0,0.0,0.0,0.0,saint,15
0,tcp,private,REJ,0,0,0,0,0,0,0,0,0,0,0,0,0,0,0,0,0,0,2,1,0.0,0.0,1.0,1.0,0.5,1.0,0.0,255,1,0.0,0.59,0.4,0.0,0.0,0.0,0.4,1.0,portsweep,18
0,tcp,ftp_data,SF,12,0,0,0,0,0,0,0,0,0,0,0,0,0,0,0,0,0,2,2,0.0,0.0,0.0,0.0,1.0,0.0,0.0,7,4,0.57,0.29,0.57,0.0,0.0,0.0,0.0,0.0,warezmaster,8
282,tcp,ftp,SF,160,597,0,0,0,2,0,1,0,0,0,0,0,0,0,0,0,1,1,1,0.0,0.0,0.0,0.0,1.0,0.0,0.0,255,18,0.07,0.93,0.0,0.0,0.0,0.0,0.92,0.0,warezmaster,12
0,udp,domain_u,SF,44,44,0,0,0,0,0,0,0,0,0,0,0,0,0,0,0,0,177,177,0.0,0.0,0.0,0.0,1.0,0.0,0.0,255,228,0.89,0.01,0.01,0.0,0.0,0.0,0.0,0.0,normal,18
0,icmp,eco_i,SF,18,0,0,0,0,0,0,0,0,0,0,0,0,0,0,0,0,0,1,1,0.0,0.0,0.0,0.0,1.0,0.0,0.0,1,17,1.0,0.0,1.0,1.0,0.0,0.0,0.0,0.0,ipsweep,18
0,icmp,eco_i,SF,18,0,0,0,0,0,0,0,0,0,0,0,0,0,0,0,0,0,1,1,0.0,0.0,0.0,0.0,1.0,0.0,0.0,1,166,1.0,0.0,1.0,1.0,0.0,0.0,0.0,0.0,ipsweep,17
283,tcp,ftp,SF,159,595,0,0,0,2,0,1,0,0,0,0,0,0,0,0,0,1,1,1,0.0,0.0,0.0,0.0,1.0,0.0,0.0,255,84,0.33,0.03,0.0,0.0,0.02,0.0,0.02,0.0,warezmaster,13
1,tcp,smtp,SF,2599,293,0,0,0,0,0,1,0,0,0,0,0,0,0,0,0,0,3,3,0.0,0.0,0.0,0.0,1.0,0.0,0.0,255,71,0.28,0.14,0.0,0.0,0.0,0.0,0.71,0.0,mailbomb,12
0,icmp,eco_i,SF,18,0,0,0,0,0,0,0,0,0,0,0,0,0,0,0,0,0,1,1,0.0,0.0,0.0,0.0,1.0,0.0,0.0,1,71,1.0,0.0,1.0,1.0,0.0,0.0,0.0,0.0,ipsweep,18
2069,tcp,http,RSTR,101764,0,0,0,0,0,0,1,0,0,0,0,0,0,0,0,0,0,3,3,0.0,0.0,0.67,0.67,1.0,0.0,0.0,255,227,0.89,0.02,0.0,0.0,0.0,0.0,0.01,0.01,apache2,12
283,tcp,ftp,SF,156,593,0,0,0,2,0,1,0,0,0,0,0,0,0,0,0,1,1,1,0.0,0.0,0.0,0.0,1.0,0.0,0.0,255,17,0.07,0.94,0.0,0.0,0.0,0.0,0.93,0.0,warezmaster,12
1,tcp,smtp,SF,2599,293,0,0,0,0,0,1,0,0,0,0,0,0,0,0,0,0,2,2,0.0,0.0,0.0,0.0,1.0,0.0,0.0,255,54,0.21,0.16,0.0,0.0,0.0,0.0,0.77,0.0,mailbomb,12
0,udp,private,SF,52,0,0,0,0,0,0,0,0,0,0,0,0,0,0,0,0,0,5,5,0.0,0.0,0.0,0.0,1.0,0.0,0.0,255,255,1.0,0.0,0.0,0.0,0.0,0.0,0.0,0.0,snmpguess,13
0,tcp,daytime,RSTR,0,0,0,0,0,0,0,0,0,0,0,0,0,0,0,0,0,0,1,1,0.0,0.0,1.0,1.0,1.0,0.0,0.0,25,1,0.04,0.92,0.8,0.0,0.0,0.0,0.8,1.0,portsweep,15
7501,tcp,telnet,SF,0,44,0,0,0,0,0,0,0,0,0,0,0,0,0,0,0,0,1,1,0.0,0.0,0.0,0.0,1.0,0.0,0.0,255,201,0.79,0.03,0.0,0.0,0.33,0.42,0.12,0.07,processtable,18
0,udp,private,SF,1,1,0,0,0,0,0,0,0,0,0,0,0,0,0,0,0,0,51,1,0.0,0.0,0.0,0.0,0.02,0.86,0.0,255,1,0.0,0.53,0.99,0.0,0.0,0.0,0.0,0.0,satan,17
0,tcp,hostnames,REJ,0,0,0,0,0,0,0,0,0,0,0,0,0,0,0,0,0,0,292,12,0.0,0.0,1.0,1.0,0.04,0.06,0.0,255,12,0.05,0.07,0.0,0.0,0.0,0.0,1.0,1.0,neptune,19
0,tcp,other,REJ,0,0,0,0,0,0,0,0,0,0,0,0,0,0,0,0,0,0,482,1,0.06,0.0,0.94,1.0,0.0,1.0,0.0,255,1,0.0,1.0,0.0,0.0,0.07,0.0,0.93,1.0,saint,20
1,tcp,smtp,SF,2599,293,0,0,0,0,0,1,0,0,0,0,0,0,0,0,0,0,3,3,0.0,0.0,0.0,0.0,1.0,0.0,0.0,255,237,0.93,0.07,0.0,0.0,0.0,0.0,0.06,0.0,mailbomb,14
1,tcp,smtp,SF,2599,293,0,0,0,0,0,1,0,0,0,0,0,0,0,0,0,0,2,2,0.0,0.0,0.0,0.0,1.0,0.0,0.0,255,201,0.79,0.13,0.0,0.0,0.0,0.0,0.2,0.0,mailbomb,11
0,tcp,ftp_data,SF,45,0,0,0,0,0,0,0,0,0,0,0,0,0,0,0,0,0,1,1,0.0,0.0,0.0,0.0,1.0,0.0,0.0,255,50,0.2,0.03,0.2,0.0,0.29,0.0,0.02,0.0,rootkit,7
280,tcp,ftp_data,SF,283618,0,0,0,0,0,0,0,0,0,0,0,0,0,0,0,0,0,1,1,0.0,0.0,0.0,0.0,1.0,0.0,0.0,10,17,0.9,0.2,0.9,0.12,0.0,0.0,0.0,0.0,warezmaster,6
0,tcp,pop_3,RSTO,0,36,0,0,0,0,0,1,0,0,0,0,0,0,0,0,0,0,1,7,0.0,0.0,1.0,1.0,1.0,0.0,1.0,76,58,0.28,0.07,0.01,0.03,0.0,0.0,0.89,0.98,mscan,11
0,udp,private,SF,105,146,0,0,0,0,0,0,0,0,0,0,0,0,0,0,0,0,2,2,0.0,0.0,0.0,0.0,1.0,0.0,0.0,9,9,1.0,0.0,0.11,0.0,0.0,0.0,0.0,0.0,snmpgetattack,3
8039,tcp,telnet,SF,0,44,0,0,0,0,0,0,0,0,0,0,0,0,0,0,0,0,1,1,0.0,0.0,0.0,0.0,1.0,0.0,0.0,255,95,0.37,0.02,0.0,0.0,0.62,0.45,0.01,0.01,processtable,17
73,tcp,telnet,SF,3741,25423,0,0,2,6,0,1,0,1,0,0,0,0,0,0,0,0,1,1,0.0,0.0,0.0,0.0,1.0,0.0,0.0,6,4,0.67,0.33,0.17,0.0,0.0,0.0,0.0,0.0,xterm,1
0,tcp,http,RSTR,54540,8314,0,0,0,2,0,1,1,0,0,0,0,0,0,0,0,0,3,10,0.0,0.0,0.67,0.2,1.0,0.0,0.3,255,255,1.0,0.0,0.0,0.0,0.01,0.01,0.06,0.06,back,13
71,tcp,telnet,SF,2783,15242,0,0,0,10,0,1,2,1,0,0,0,0,0,0,0,0,1,1,0.0,0.0,0.0,0.0,1.0,0.0,0.0,255,1,0.0,0.01,0.0,0.0,0.0,0.0,0.0,0.0,buffer_overflow,1
0,icmp,ecr_i,SF,1480,0,0,1,0,0,0,0,0,0,0,0,0,0,0,0,0,0,1,3,0.0,0.0,0.0,0.0,1.0,0.0,0.67,1,255,1.0,0.0,1.0,0.02,0.0,0.0,0.0,0.0,pod,15
1,tcp,telnet,RSTO,0,15,0,0,0,0,0,0,0,0,0,0,0,0,0,0,0,0,1,5,0.0,0.0,1.0,0.6,1.0,0.0,0.6,148,84,0.32,0.03,0.01,0.02,0.0,0.0,0.91,0.7,mscan,13
4,tcp,pop_3,SF,28,93,0,0,0,0,0,1,0,0,0,0,0,0,0,0,0,0,1,1,0.0,0.0,0.0,0.0,1.0,0.0,0.0,108,93,0.85,0.03,0.01,0.02,0.0,0.0,0.09,0.0,guess_passwd,7
0,icmp,eco_i,SF,20,0,0,0,0,0,0,0,0,0,0,0,0,0,0,0,0,0,1,42,0.0,0.0,0.0,0.0,1.0,0.0,1.0,1,42,1.0,0.0,1.0,0.29,0.0,0.0,0.0,0.0,saint,15
0,tcp,other,REJ,0,0,0,0,0,0,0,0,0,0,0,0,0,0,0,0,0,0,1,1,0.0,0.0,1.0,1.0,1.0,0.0,0.0,45,4,0.09,0.11,0.02,0.0,0.0,0.0,0.04,0.5,httptunnel,11
0,tcp,private,SH,0,0,0,0,0,0,0,0,0,0,0,0,0,0,0,0,0,0,1,1,1.0,1.0,0.0,0.0,1.0,0.0,0.0,165,1,0.01,1.0,1.0,0.0,1.0,1.0,0.0,0.0,nmap,18
0,tcp,telnet,S3,0,44,0,0,0,0,0,0,0,0,0,0,0,0,0,0,0,0,1,1,1.0,1.0,0.0,0.0,1.0,0.0,0.0,255,143,0.56,0.03,0.0,0.0,0.26,0.47,0.11,0.09,processtable,18
0,icmp,ecr_i,SF,1008,0,0,0,0,0,0,0,0,0,0,0,0,0,0,0,0,0,17,17,0.0,0.0,0.0,0.0,1.0,0.0,0.0,255,255,1.0,0.0,1.0,0.0,0.0,0.0,0.0,0.0,smurf,17
0,tcp,http,REJ,0,0,0,0,0,0,0,0,0,0,0,0,0,0,0,0,0,0,1,2,0.0,0.0,1.0,0.5,1.0,0.0,1.0,255,23,0.09,0.91,0.0,0.0,0.13,0.0,0.87,1.0,normal,14
84,tcp,telnet,SF,277,1089,0,0,0,2,0,1,1,1,0,0,4,2,0,0,0,0,1,1,0.0,0.0,0.0,0.0,1.0,0.0,0.0,255,1,0.0,0.07,0.0,0.0,0.14,0.0,0.86,0.0,loadmodule,3
1964,tcp,telnet,SF,3760,29364,0,0,0,2,0,1,8,1,0,4,4,0,0,0,0,0,1,1,0.0,0.0,0.0,0.0,1.0,0.0,0.0,255,3,0.01,0.84,0.0,0.0,0.0,0.0,0.83,0.0,buffer_overflow,1
0,icmp,eco_i,SF,18,0,0,0,0,0,0,0,0,0,0,0,0,0,0,0,0,0,1,1,0.0,0.0,0.0,0.0,1.0,0.0,0.0,1,253,1.0,0.0,1.0,1.0,0.0,0.0,0.0,0.0,ipsweep,18
0,icmp,ecr_i,SF,1032,0,0,0,0,0,0,0,0,0,0,0,0,0,0,0,0,0,511,511,0.0,0.0,0.0,0.0,1.0,0.0,0.0,255,201,0.79,0.02,0.79,0.0,0.0,0.0,0.0,0.0,smurf,18
19,tcp,ftp,SF,127,649,0,0,0,1,0,1,0,0,0,0,0,0,0,0,1,0,1,1,0.0,0.0,0.0,0.0,1.0,0.0,0.0,3,1,0.33,0.67,0.33,0.0,0.0,0.0,0.0,0.0,xterm,5
0,tcp,ftp_data,SF,0,7,0,0,0,0,0,0,0,0,0,0,0,0,0,0,0,0,1,1,0.0,0.0,0.0,0.0,1.0,0.0,0.0,100,5,0.05,0.05,0.05,0.0,0.0,0.0,0.0,0.0,ftp_write,1
0,udp,private,SF,55,52,0,0,0,0,0,0,0,0,0,0,0,0,0,0,0,0,380,380,0.0,0.0,0.0,0.0,1.0,0.0,0.0,255,255,1.0,0.0,0.93,0.0,0.0,0.0,0.0,0.0,normal,17
8052,tcp,telnet,S3,1,15,0,0,0,0,0,0,0,0,0,0,0,0,0,0,0,0,1,1,1.0,1.0,0.0,0.0,1.0,0.0,0.0,255,46,0.18,0.73,0.0,0.0,0.08,0.46,0.71,0.0,processtable,18
148,tcp,ftp,SF,133,579,0,0,0,2,0,1,0,0,0,0,0,0,0,0,1,0,1,1,0.0,0.0,0.0,0.0,1.0,0.0,0.0,2,1,0.5,1.0,0.5,0.0,0.0,0.0,0.0,0.0,named,5
373,tcp,telnet,SF,2954,4768,0,0,0,0,0,1,3,0,0,1,6,0,1,0,0,0,1,1,0.0,0.0,0.0,0.0,1.0,0.0,0.0,255,13,0.05,0.72,0.0,0.0,0.0,0.0,0.69,0.08,buffer_overflow,1
314,tcp,telnet,SF,2602,3167,0,0,0,1,0,1,4,0,0,8,4,1,0,0,0,0,1,1,0.0,0.0,0.0,0.0,1.0,0.0,0.0,2,5,1.0,0.0,0.5,0.8,0.0,0.0,0.0,0.0,xterm,2
281,tcp,ftp,SF,164,599,0,0,0,2,0,1,0,0,0,0,0,0,0,0,0,1,1,1,0.0,0.0,0.0,0.0,1.0,0.0,0.0,255,94,0.37,0.03,0.0,0.0,0.0,0.0,0.0,0.0,warezmaster,13
0,tcp,other,REJ,0,0,0,0,0,0,0,0,0,0,0,0,0,0,0,0,0,0,3,1,0.0,0.0,0.33,1.0,0.33,0.67,0.0,255,22,0.09,0.01,0.0,0.0,0.0,0.0,0.06,0.73,httptunnel,16
0,tcp,vmnet,REJ,0,0,0,0,0,0,0,0,0,0,0,0,0,0,0,0,0,0,256,2,0.0,0.0,1.0,1.0,0.01,0.06,0.0,255,2,0.01,0.06,0.0,0.0,0.0,0.0,1.0,1.0,neptune,19
0,icmp,eco_i,SF,8,0,0,0,0,0,0,0,0,0,0,0,0,0,0,0,0,0,1,40,0.0,0.0,0.0,0.0,1.0,0.0,1.0,1,66,1.0,0.0,1.0,0.52,0.0,0.0,0.0,0.0,ipsweep,17
0,icmp,eco_i,SF,18,0,0,0,0,0,0,0,0,0,0,0,0,0,0,0,0,0,1,1,0.0,0.0,0.0,0.0,1.0,0.0,0.0,1,92,1.0,0.0,1.0,1.0,0.0,0.0,0.0,0.0,ipsweep,16
0,udp,private,SF,105,146,0,0,0,0,0,0,0,0,0,0,0,0,0,0,0,0,1,1,0.0,0.0,0.0,0.0,1.0,0.0,0.0,79,79,1.0,0.0,0.01,0.0,0.0,0.0,0.0,0.0,snmpgetattack,0
0,tcp,netbios_dgm,REJ,0,0,0,0,0,0,0,0,0,0,0,0,0,0,0,0,0,0,139,12,0.0,0.0,1.0,1.0,0.09,0.06,0.0,255,12,0.05,0.07,0.0,0.0,0.0,0.0,1.0,1.0,neptune,20
7593,tcp,telnet,S2,0,15,0,0,0,0,0,0,0,0,0,0,0,0,0,0,0,0,1,22,1.0,0.14,0.0,0.82,1.0,0.0,0.95,255,179,0.7,0.03,0.0,0.0,0.33,0.47,0.12,0.08,processtable,18
0,tcp,imap4,RSTO,0,44,0,0,0,0,0,0,0,0,0,0,0,0,0,0,0,0,2,2,0.0,0.0,1.0,1.0,0.5,1.0,1.0,117,59,0.25,0.04,0.01,0.03,0.02,0.02,0.86,0.97,mscan,14
2,tcp,telnet,SF,398,3881,0,0,1,1,0,1,0,1,0,4,3,1,1,0,0,0,1,1,0.0,0.0,0.0,0.0,1.0,0.0,0.0,255,22,0.09,0.02,0.0,0.0,0.0,0.0,0.0,0.0,sqlattack,1
0,tcp,ftp_data,SF,12,0,0,0,0,0,0,0,0,0,0,0,0,0,0,0,0,0,2,1,0.0,0.0,0.0,0.0,0.5,1.0,0.0,255,33,0.13,0.04,0.13,0.0,0.0,0.0,0.0,0.0,warezmaster,5
0,icmp,eco_i,SF,64,0,0,0,0,0,0,0,0,0,0,0,0,0,0,0,0,0,3,3,0.0,0.0,0.0,0.0,1.0,0.0,0.0,255,3,0.01,0.01,0.01,0.0,0.0,0.0,0.0,0.0,normal,20
293,tcp,telnet,SF,2773,41955,0,0,0,1,0,1,14,1,0,23,1,1,1,0,0,0,1,1,0.0,0.0,0.0,0.0,1.0,0.0,0.0,5,3,0.6,0.4,0.2,0.0,0.0,0.0,0.0,0.0,xterm,0
0,udp,private,SF,1,1,0,0,0,0,0,0,0,0,0,0,0,0,0,0,0,0,24,1,0.0,0.0,0.0,0.0,0.04,0.88,0.0,255,1,0.0,0.69,0.98,0.0,0.0,0.0,0.02,0.0,satan,17
0,tcp,private,RSTR,0,0,0,0,0,0,0,0,0,0,0,0,0,0,0,0,0,0,1,1,0.0,0.0,1.0,1.0,1.0,0.0,0.0,255,1,0.0,0.8,0.77,0.0,0.0,0.0,0.78,1.0,portsweep,18
15,tcp,ftp,SF,45,214,0,0,0,0,0,1,0,0,0,0,0,0,0,0,0,0,1,1,0.0,0.0,0.0,0.0,1.0,0.0,0.0,226,4,0.02,0.03,0.0,0.0,0.0,0.0,0.0,0.0,rootkit,4
0,tcp,private,SH,0,0,0,0,0,0,0,0,0,0,0,0,0,0,0,0,0,0,1,1,1.0,1.0,0.0,0.0,1.0,0.0,0.0,81,1,0.01,1.0,1.0,0.0,1.0,1.0,0.0,0.0,nmap,18
0,udp,domain_u,SF,44,44,0,0,0,0,0,0,0,0,0,0,0,0,0,0,0,0,202,202,0.0,0.0,0.0,0.0,1.0,0.0,0.0,255,255,1.0,0.0,0.0,0.0,0.0,0.0,0.0,0.0,normal,18
0,tcp,systat,S0,0,0,0,0,0,0,0,0,0,0,0,0,0,0,0,0,0,0,183,2,1.0,1.0,0.0,0.0,0.01,0.09,0.0,255,2,0.01,0.09,0.0,0.0,1.0,1.0,0.0,0.0,neptune,18
0,tcp,ftp_data,SF,12,0,0,0,0,0,0,0,0,0,0,0,0,0,0,0,0,0,1,1,0.0,0.0,0.0,0.0,1.0,0.0,0.0,3,13,1.0,0.0,1.0,0.15,0.0,0.0,0.0,0.0,warezmaster,15
0,tcp,domain,SH,0,0,0,0,0,0,0,0,0,0,0,0,0,0,0,0,0,0,1,1,1.0,1.0,0.0,0.0,1.0,0.0,0.0,164,3,0.01,1.0,1.0,0.67,1.0,1.0,0.0,0.0,nmap,17
0,udp,private,SF,54,56,0,0,0,0,0,0,0,0,0,0,0,0,0,0,0,0,508,508,0.0,0.0,0.0,0.0,1.0,0.0,0.0,255,255,1.0,0.0,0.8,0.0,0.0,0.0,0.0,0.0,normal,17
0,icmp,eco_i,SF,18,0,0,0,0,0,0,0,0,0,0,0,0,0,0,0,0,0,1,1,0.0,0.0,0.0,0.0,1.0,0.0,0.0,1,25,1.0,0.0,1.0,1.0,0.0,0.0,0.0,0.0,ipsweep,18
0,tcp,netstat,S0,0,0,0,0,0,0,0,0,0,0,0,0,0,0,0,0,0,0,212,17,1.0,1.0,0.0,0.0,0.08,0.08,0.0,255,17,0.07,0.08,0.0,0.0,1.0,1.0,0.0,0.0,neptune,20
0,tcp,other,S0,0,0,0,0,0,0,0,0,0,0,0,0,0,0,0,0,0,0,482,1,0.05,1.0,0.95,0.0,0.0,1.0,0.0,255,1,0.0,1.0,0.0,0.0,0.06,1.0,0.94,0.0,saint,20
285,tcp,ftp,SF,162,599,0,0,0,2,0,1,0,0,0,0,0,0,0,0,0,1,1,1,0.0,0.0,0.0,0.0,1.0,0.0,0.0,255,13,0.05,0.71,0.0,0.0,0.0,0.0,0.69,0.0,warezmaster,13
0,tcp,private,RSTR,0,0,0,0,0,0,0,0,0,0,0,0,0,0,0,0,0,0,1,1,0.0,0.0,1.0,1.0,1.0,0.0,0.0,255,1,0.0,0.08,0.06,0.0,0.0,0.0,1.0,1.0,portsweep,20
803,tcp,http,RSTR,57964,0,0,0,0,0,0,1,0,0,0,0,0,0,0,0,0,0,63,63,0.03,0.03,0.97,0.97,1.0,0.0,0.0,255,253,0.99,0.01,0.0,0.0,0.01,0.01,0.51,0.51,apache2,14
0,tcp,http,S0,0,0,0,0,0,0,0,0,0,0,0,0,0,0,0,0,0,0,122,122,1.0,1.0,0.0,0.0,1.0,0.0,0.0,255,255,1.0,0.0,0.0,0.0,0.69,0.69,0.27,0.27,apache2,18
0,tcp,other,REJ,0,0,0,0,0,0,0,0,0,0,0,0,0,0,0,0,0,0,1,1,0.0,0.0,1.0,1.0,1.0,0.0,0.0,255,14,0.05,0.01,0.0,0.0,0.0,0.0,0.05,0.86,httptunnel,16
0,tcp,other,REJ,0,0,0,0,0,0,0,0,0,0,0,0,0,0,0,0,0,0,445,1,0.04,0.0,0.96,1.0,0.0,1.0,0.0,255,1,0.0,1.0,0.0,0.0,0.04,0.0,0.96,1.0,saint,18
684,tcp,telnet,SF,2715,13392,0,0,0,1,1,1,8,0,0,3,5,0,0,0,0,0,1,1,0.0,0.0,0.0,0.0,1.0,0.0,0.0,255,14,0.05,0.71,0.0,0.0,0.0,0.0,0.68,0.07,buffer_overflow,3
0,icmp,eco_i,SF,18,0,0,0,0,0,0,0,0,0,0,0,0,0,0,0,0,0,1,1,0.0,0.0,0.0,0.0,1.0,0.0,0.0,1,139,1.0,0.0,1.0,1.0,0.0,0.0,0.0,0.0,ipsweep,15
0,udp,private,SF,105,147,0,0,0,0,0,0,0,0,0,0,0,0,0,0,0,0,1,1,0.0,0.0,0.0,0.0,1.0,0.0,0.0,30,30,1.0,0.0,0.03,0.0,0.0,0.0,0.0,0.0,snmpgetattack,0
0,icmp,ecr_i,SF,1480,0,0,1,0,0,0,0,0,0,0,0,0,0,0,0,0,0,1,3,0.0,0.0,0.0,0.0,1.0,0.0,0.67,1,39,1.0,0.0,1.0,0.51,0.0,0.0,0.0,0.0,pod,15
0,udp,private,SF,1,0,0,0,0,0,0,0,0,0,0,0,0,0,0,0,0,0,72,1,0.0,0.0,0.0,0.0,0.01,0.76,0.0,255,1,0.0,0.51,0.98,0.0,0.0,0.0,0.02,0.0,satan,14
0,udp,private,SF,48,0,0,0,0,0,0,0,0,0,0,0,0,0,0,0,0,0,3,3,0.0,0.0,0.0,0.0,1.0,0.0,0.0,255,255,1.0,0.0,0.01,0.0,0.0,0.0,0.0,0.0,snmpguess,17
0,tcp,ftp_data,SF,2209,0,0,0,0,0,0,0,0,0,0,0,0,0,0,0,0,0,1,1,0.0,0.0,0.0,0.0,1.0,0.0,0.0,2,1,0.5,1.0,0.5,0.0,0.0,0.0,0.0,0.0,xterm,0
0,tcp,other,REJ,0,0,0,0,0,0,0,0,0,0,0,0,0,0,0,0,0,0,509,1,0.01,0.0,0.95,1.0,0.0,1.0,0.0,255,1,0.0,1.0,0.0,0.0,0.0,0.0,0.97,1.0,satan,20
0,tcp,http,S0,0,0,0,0,0,0,0,0,0,0,0,0,0,0,0,0,0,0,105,105,1.0,1.0,0.0,0.0,1.0,0.0,0.0,255,255,1.0,0.0,0.0,0.0,0.63,0.63,0.34,0.34,apache2,18
0,tcp,http,SF,54540,8314,0,0,0,2,0,1,1,0,0,0,0,0,0,0,0,0,4,14,0.0,0.0,0.0,0.0,1.0,0.0,0.14,255,255,1.0,0.0,0.0,0.0,0.0,0.0,0.03,0.03,back,15
0,icmp,ecr_i,SF,1480,0,0,1,0,0,0,0,0,0,0,0,0,0,0,0,0,0,1,1,0.0,0.0,0.0,0.0,1.0,0.0,0.0,1,25,1.0,0.0,1.0,0.52,0.0,0.0,0.0,0.0,pod,17
0,udp,private,SF,105,105,0,0,0,0,0,0,0,0,0,0,0,0,0,0,0,0,2,2,0.0,0.0,0.0,0.0,1.0,0.0,0.0,255,253,0.99,0.01,0.0,0.0,0.0,0.0,0.0,0.0,snmpgetattack,4
0,tcp,private,REJ,0,0,0,0,0,0,0,0,0,0,0,0,0,0,0,0,0,0,1,1,0.0,0.0,1.0,1.0,1.0,0.0,0.0,255,1,0.0,1.0,0.99,0.0,0.0,0.0,0.99,1.0,portsweep,18
0,udp,private,SF,1,1,0,0,0,0,0,0,0,0,0,0,0,0,0,0,0,0,48,1,0.0,0.0,0.0,0.0,0.02,1.0,0.0,255,1,0.0,0.6,0.97,0.0,0.0,0.0,0.03,0.0,satan,18
0,tcp,ftp_data,SF,0,3249,0,0,0,0,0,0,0,0,0,0,0,0,0,0,0,0,1,1,0.0,0.0,0.0,0.0,1.0,0.0,0.0,242,20,0.05,0.03,0.05,0.1,0.01,0.0,0.0,0.0,ps,1
1,tcp,smtp,SF,2599,293,0,0,0,0,0,1,0,0,0,0,0,0,0,0,0,0,2,2,0.0,0.0,0.0,0.0,1.0,0.0,0.0,255,22,0.09,0.16,0.0,0.0,0.0,0.0,0.89,0.0,mailbomb,12
0,tcp,private,SH,0,0,0,0,0,0,0,0,0,0,0,0,0,0,0,0,0,0,1,1,1.0,1.0,0.0,0.0,1.0,0.0,0.0,128,1,0.01,1.0,1.0,0.0,1.0,1.0,0.0,0.0,nmap,19
0,tcp,other,REJ,0,0,0,0,0,0,0,0,0,0,0,0,0,0,0,0,0,0,398,1,0.17,0.0,0.83,1.0,0.0,1.0,0.0,255,1,0.0,0.91,0.0,0.0,0.15,0.0,0.85,1.0,satan,17
0,icmp,eco_i,SF,18,0,0,0,0,0,0,0,0,0,0,0,0,0,0,0,0,0,1,1,0.0,0.0,0.0,0.0,1.0,0.0,0.0,1,82,1.0,0.0,1.0,1.0,0.0,0.0,0.0,0.0,ipsweep,18
0,icmp,ecr_i,SF,1032,0,0,0,0,0,0,0,0,0,0,0,0,0,0,0,0,0,215,215,0.0,0.0,0.0,0.0,1.0,0.0,0.0,255,255,1.0,0.0,1.0,0.0,0.0,0.0,0.0,0.0,smurf,18
0,icmp,eco_i,SF,8,0,0,0,0,0,0,0,0,0,0,0,0,0,0,0,0,0,1,22,0.0,0.0,0.0,0.0,1.0,0.0,1.0,2,14,1.0,0.0,1.0,0.5,0.0,0.0,0.0,0.0,ipsweep,15
7462,tcp,telnet,SF,0,44,0,0,0,0,0,0,0,0,0,0,0,0,0,0,0,0,1,1,0.0,0.0,0.0,0.0,1.0,0.0,0.0,255,192,0.75,0.24,0.0,0.0,0.5,0.66,0.23,0.01,processtable,18
0,udp,private,SF,105,105,0,0,0,0,0,0,0,0,0,0,0,0,0,0,0,0,2,2,0.0,0.0,0.0,0.0,1.0,0.0,0.0,162,161,0.99,0.01,0.01,0.0,0.0,0.0,0.0,0.0,snmpgetattack,0
813,tcp,http,RSTR,61504,0,0,0,0,0,0,1,0,0,0,0,0,0,0,0,0,0,22,22,0.0,0.0,1.0,1.0,1.0,0.0,0.0,255,254,1.0,0.01,0.0,0.0,0.01,0.01,0.57,0.57,apache2,14
0,tcp,http,SF,54540,8314,0,0,0,2,0,1,1,0,0,0,0,0,0,0,0,0,3,5,0.0,0.0,0.0,0.0,1.0,0.0,0.6,255,255,1.0,0.0,0.0,0.0,0.01,0.01,0.06,0.06,back,16
0,tcp,private,RSTR,0,0,0,0,0,0,0,0,0,0,0,0,0,0,0,0,0,0,1,1,0.0,0.0,1.0,1.0,1.0,0.0,0.0,255,1,0.0,0.62,0.59,0.0,0.0,0.0,0.9,1.0,portsweep,18
7590,tcp,telnet,SF,0,44,0,0,0,0,0,0,0,0,0,0,0,0,0,0,0,0,1,1,0.0,0.0,0.0,0.0,1.0,0.0,0.0,255,176,0.69,0.02,0.0,0.0,0.45,0.43,0.01,0.01,processtable,18
0,tcp,private,SH,0,0,0,0,0,0,0,0,0,0,0,0,0,0,0,0,0,0,1,1,1.0,1.0,0.0,0.0,1.0,0.0,0.0,143,1,0.01,1.0,1.0,0.0,1.0,1.0,0.0,0.0,nmap,19
0,udp,other,SF,1,1,0,0,0,0,0,0,0,0,0,0,0,0,0,0,0,0,81,1,0.0,0.0,0.0,0.0,0.01,1.0,0.0,255,1,0.0,1.0,1.0,0.0,0.0,0.0,0.0,0.0,satan,14
0,tcp,other,REJ,0,0,0,0,0,0,0,0,0,0,0,0,0,0,0,0,0,0,449,1,0.14,0.0,0.86,1.0,0.0,1.0,0.0,255,1,0.0,0.96,0.0,0.0,0.14,0.0,0.86,1.0,satan,18
0,tcp,sunrpc,REJ,0,0,0,0,0,0,0,0,0,0,0,0,0,0,0,0,0,0,4,6,0.0,0.0,1.0,1.0,0.25,1.0,1.0,166,52,0.19,0.03,0.01,0.04,0.0,0.0,0.89,1.0,mscan,15
0,tcp,name,REJ,0,0,0,0,0,0,0,0,0,0,0,0,0,0,0,0,0,0,264,6,0.0,0.0,1.0,1.0,0.02,0.06,0.0,255,6,0.02,0.07,0.0,0.0,0.0,0.0,1.0,1.0,neptune,20
0,tcp,sunrpc,REJ,0,0,0,0,0,0,0,0,0,0,0,0,0,0,0,0,0,0,4,1,0.0,0.0,0.75,1.0,0.25,1.0,0.0,225,52,0.2,0.02,0.0,0.04,0.0,0.0,0.87,1.0,mscan,16
0,tcp,other,REJ,0,0,0,0,0,0,0,0,0,0,0,0,0,0,0,0,0,0,1,1,0.0,0.0,1.0,1.0,1.0,0.0,0.0,255,6,0.02,0.02,0.0,0.0,0.0,0.0,0.02,1.0,httptunnel,18
0,icmp,ecr_i,SF,1480,0,0,1,0,0,0,0,0,0,0,0,0,0,0,0,0,0,1,3,0.0,0.0,0.0,0.0,1.0,0.0,0.67,1,138,1.0,0.0,1.0,0.01,0.0,0.0,0.0,0.0,pod,14
0,tcp,private,RSTR,0,0,0,0,0,0,0,0,0,0,0,0,0,0,0,0,0,0,1,1,0.0,0.0,1.0,1.0,1.0,0.0,0.0,255,1,0.0,0.81,0.78,0.0,0.0,0.0,0.8,1.0,portsweep,18
0,tcp,private,RSTR,0,0,0,0,0,0,0,0,0,0,0,0,0,0,0,0,0,0,1,1,0.0,0.0,1.0,1.0,1.0,0.0,0.0,40,1,0.03,0.85,0.82,0.0,0.0,0.0,0.82,1.0,portsweep,16
0,tcp,finger,RSTO,0,0,0,0,0,0,0,0,0,0,0,0,0,0,0,0,0,0,46,12,0.0,0.0,1.0,1.0,0.26,0.09,0.0,255,54,0.21,0.11,0.01,0.0,0.0,0.0,0.99,1.0,neptune,18
0,tcp,http,SF,54540,8314,0,0,0,2,0,1,1,0,0,0,0,0,0,0,0,0,4,19,0.0,0.0,0.0,0.0,1.0,0.0,0.21,255,255,1.0,0.0,0.0,0.0,0.01,0.01,0.05,0.05,back,11
8228,tcp,telnet,S3,1,15,0,0,0,0,0,0,0,0,0,0,0,0,0,0,0,0,1,1,1.0,1.0,0.0,0.0,1.0,0.0,0.0,255,62,0.24,0.02,0.0,0.0,0.78,0.84,0.01,0.03,processtable,18
0,tcp,http,SF,54540,8314,0,0,0,2,0,1,1,0,0,0,0,0,0,0,0,0,3,3,0.0,0.0,0.0,0.0,1.0,0.0,0.0,255,238,0.93,0.01,0.0,0.0,0.0,0.0,0.02,0.02,back,12
0,tcp,pop_3,RSTO,0,36,0,0,0,0,0,1,0,0,0,0,0,0,0,0,0,0,3,7,0.0,0.0,1.0,0.86,0.33,1.0,1.0,124,59,0.24,0.04,0.01,0.03,0.0,0.0,0.9,1.0,mscan,15
0,tcp,other,REJ,0,0,0,0,0,0,0,0,0,0,0,0,0,0,0,0,0,0,1,1,0.0,0.0,1.0,1.0,1.0,0.0,0.0,255,6,0.02,0.01,0.0,0.0,0.0,0.0,0.02,1.0,httptunnel,18
895,tcp,http,RSTR,3904,0,0,0,0,0,0,1,0,0,0,0,0,0,0,0,0,0,27,27,0.19,0.19,0.81,0.81,1.0,0.0,0.0,255,255,1.0,0.0,0.0,0.0,0.02,0.02,0.62,0.62,apache2,14
0,tcp,private,SH,0,0,0,0,0,0,0,0,0,0,0,0,0,0,0,0,0,0,1,1,1.0,1.0,0.0,0.0,1.0,0.0,0.0,54,1,0.02,1.0,1.0,0.0,1.0,1.0,0.0,0.0,nmap,18
0,tcp,private,REJ,0,0,0,0,0,0,0,0,0,0,0,0,0,0,0,0,0,0,1,1,0.0,0.0,1.0,1.0,1.0,0.0,0.0,255,1,0.0,1.0,0.99,0.0,0.02,0.0,0.97,1.0,portsweep,18
0,icmp,ecr_i,SF,8,0,0,0,0,0,0,0,0,0,0,0,0,0,0,0,0,0,2,2,0.0,0.0,0.0,0.0,1.0,0.0,0.0,214,2,0.01,0.04,0.01,0.0,0.0,0.0,0.0,0.0,ipsweep,8
0,tcp,imap4,REJ,0,0,0,0,0,0,0,0,0,0,0,0,0,0,0,0,0,0,199,6,0.0,0.0,1.0,1.0,0.03,0.08,0.0,255,6,0.02,0.08,0.0,0.0,0.0,0.0,1.0,1.0,neptune,18
0,icmp,eco_i,SF,20,0,0,0,0,0,0,0,0,0,0,0,0,0,0,0,0,0,1,51,0.0,0.0,0.0,0.0,1.0,0.0,1.0,4,140,1.0,0.0,1.0,0.25,0.0,0.0,0.0,0.0,saint,15
0,udp,private,SF,45,45,0,0,0,0,0,0,0,0,0,0,0,0,0,0,0,0,2,2,0.0,0.0,0.0,0.0,1.0,0.0,0.0,255,255,1.0,0.0,0.02,0.0,0.0,0.0,0.0,0.0,snmpguess,14
0,tcp,other,RSTR,0,0,0,0,0,0,0,0,0,0,0,0,0,0,0,0,0,0,3,1,0.0,0.0,0.33,1.0,0.33,0.67,0.0,255,1,0.0,0.04,0.03,0.0,0.0,0.0,0.03,1.0,portsweep,18
0,icmp,ecr_i,SF,1480,0,0,1,0,0,0,0,0,0,0,0,0,0,0,0,0,0,1,3,0.0,0.0,0.0,0.0,1.0,0.0,0.67,2,13,0.5,1.0,0.5,0.54,0.0,0.0,0.0,0.0,pod,14
281,tcp,ftp_data,SF,283618,0,0,0,0,0,0,0,0,0,0,0,0,0,0,0,0,0,1,1,0.0,0.0,0.0,0.0,1.0,0.0,0.0,88,33,0.15,0.07,0.15,0.06,0.0,0.0,0.0,0.0,warezmaster,2
0,tcp,private,SH,0,0,0,0,0,0,0,0,0,0,0,0,0,0,0,0,0,0,1,1,1.0,1.0,0.0,0.0,1.0,0.0,0.0,137,1,0.01,1.0,1.0,0.0,1.0,1.0,0.0,0.0,nmap,18
0,tcp,private,SH,0,0,0,0,0,0,0,0,0,0,0,0,0,0,0,0,0,0,1,1,1.0,1.0,0.0,0.0,1.0,0.0,0.0,127,1,0.01,1.0,1.0,0.0,1.0,1.0,0.0,0.0,nmap,19
0,tcp,private,REJ,0,0,0,0,0,0,0,0,0,0,0,0,0,0,0,0,0,0,2,1,0.0,0.0,1.0,1.0,0.5,1.0,0.0,255,1,0.0,1.0,0.99,0.0,0.01,0.0,0.98,1.0,portsweep,18
282,tcp,ftp,SF,160,595,0,0,0,2,0,1,0,0,0,0,0,0,0,0,0,1,1,1,0.0,0.0,0.0,0.0,1.0,0.0,0.0,151,52,0.34,0.04,0.01,0.0,0.0,0.0,0.0,0.0,warezmaster,11
0,tcp,imap4,REJ,0,0,0,0,0,0,0,0,0,0,0,0,0,0,0,0,0,0,2,1,0.0,0.0,0.5,1.0,0.5,1.0,0.0,255,65,0.25,0.01,0.0,0.0,0.0,0.0,0.66,1.0,mscan,16
0,udp,private,SF,49,0,0,0,0,0,0,0,0,0,0,0,0,0,0,0,0,0,374,374,0.0,0.0,0.0,0.0,1.0,0.0,0.0,255,255,1.0,0.0,0.01,0.0,0.0,0.0,0.0,0.0,snmpguess,12
0,udp,private,SF,105,145,0,0,0,0,0,0,0,0,0,0,0,0,0,0,0,0,2,2,0.0,0.0,0.0,0.0,1.0,0.0,0.0,255,254,1.0,0.01,0.01,0.0,0.0,0.0,0.0,0.0,snmpgetattack,3
0,icmp,eco_i,SF,18,0,0,0,0,0,0,0,0,0,0,0,0,0,0,0,0,0,1,1,0.0,0.0,0.0,0.0,1.0,0.0,0.0,1,80,1.0,0.0,1.0,1.0,0.0,0.0,0.0,0.0,ipsweep,18
0,tcp,other,SF,0,0,0,0,0,0,0,0,0,0,0,0,0,0,0,0,0,0,1,1,0.0,0.0,0.0,0.0,1.0,0.0,0.0,6,2,0.33,0.5,0.17,0.0,0.0,0.0,0.33,0.0,named,7
1,tcp,smtp,SF,2599,293,0,0,0,0,0,1,0,0,0,0,0,0,0,0,0,0,3,3,0.0,0.0,0.0,0.0,1.0,0.0,0.0,255,146,0.57,0.13,0.0,0.0,0.0,0.0,0.42,0.0,mailbomb,11
0,tcp,other,REJ,0,0,0,0,0,0,0,0,0,0,0,0,0,0,0,0,0,0,1,1,0.0,0.0,1.0,1.0,1.0,0.0,0.0,255,9,0.04,0.01,0.0,0.0,0.0,0.0,0.04,1.0,httptunnel,18
0,udp,private,SF,41,41,0,0,0,0,0,0,0,0,0,0,0,0,0,0,0,0,2,2,0.0,0.0,0.0,0.0,1.0,0.0,0.0,255,254,1.0,0.01,0.01,0.0,0.0,0.0,0.0,0.0,snmpguess,12
0,tcp,ftp_data,SF,12,0,0,0,0,0,0,0,0,0,0,0,0,0,0,0,0,0,1,1,0.0,0.0,0.0,0.0,1.0,0.0,0.0,5,15,1.0,0.0,1.0,0.13,0.0,0.0,0.0,0.0,warezmaster,14
0,tcp,http,S0,0,0,0,0,0,0,0,0,0,0,0,0,0,0,0,0,0,0,32,32,0.19,0.19,0.81,0.81,1.0,0.0,0.0,255,255,1.0,0.0,0.0,0.0,0.04,0.04,0.68,0.68,apache2,17
0,tcp,http,S0,0,0,0,0,0,0,0,0,0,0,0,0,0,0,0,0,0,0,32,32,0.81,0.81,0.16,0.16,1.0,0.0,0.0,255,255,1.0,0.0,0.0,0.0,0.15,0.15,0.7,0.7,apache2,18
1,tcp,smtp,SF,2599,293,0,0,0,0,0,1,0,0,0,0,0,0,0,0,0,0,2,2,0.0,0.0,0.0,0.0,1.0,0.0,0.0,255,105,0.41,0.14,0.0,0.0,0.0,0.0,0.57,0.0,mailbomb,11
0,icmp,eco_i,SF,18,0,0,0,0,0,0,0,0,0,0,0,0,0,0,0,0,0,1,1,0.0,0.0,0.0,0.0,1.0,0.0,0.0,1,66,1.0,0.0,1.0,1.0,0.0,0.0,0.0,0.0,ipsweep,18
0,udp,private,SF,105,146,0,0,0,0,0,0,0,0,0,0,0,0,0,0,0,0,2,2,0.0,0.0,0.0,0.0,1.0,0.0,0.0,135,135,1.0,0.0,0.01,0.0,0.0,0.0,0.0,0.0,snmpgetattack,0
0,udp,private,SF,45,0,0,0,0,0,0,0,0,0,0,0,0,0,0,0,0,0,4,4,0.0,0.0,0.0,0.0,1.0,0.0,0.0,255,253,0.99,0.01,0.0,0.0,0.0,0.0,0.0,0.0,snmpguess,15
0,tcp,private,SH,0,0,0,0,0,0,0,0,0,0,0,0,0,0,0,0,0,0,1,1,1.0,1.0,0.0,0.0,1.0,0.0,0.0,4,1,0.25,1.0,1.0,0.0,1.0,1.0,0.0,0.0,nmap,17
7414,tcp,telnet,SF,0,44,0,0,0,0,0,0,0,0,0,0,0,0,0,0,0,0,1,1,0.0,0.0,0.0,0.0,1.0,0.0,0.0,255,211,0.83,0.02,0.0,0.0,0.28,0.33,0.01,0.01,processtable,15
0,udp,private,SF,1,1,0,0,0,0,0,0,0,0,0,0,0,0,0,0,0,0,27,1,0.0,0.0,0.0,0.0,0.04,0.96,0.0,255,1,0.0,0.55,0.99,0.0,0.0,0.0,0.01,0.0,satan,17
0,tcp,other,REJ,0,0,0,0,0,0,0,0,0,0,0,0,0,0,0,0,0,0,2,1,0.0,0.0,0.5,1.0,0.5,1.0,0.0,255,16,0.06,0.02,0.0,0.0,0.0,0.0,0.06,1.0,httptunnel,18
0,udp,private,SF,105,147,0,0,0,0,0,0,0,0,0,0,0,0,0,0,0,0,3,3,0.0,0.0,0.0,0.0,1.0,0.0,0.0,255,254,1.0,0.01,0.0,0.0,0.0,0.0,0.0,0.0,snmpgetattack,1
2068,tcp,http,RSTR,93184,0,0,0,0,0,0,1,0,0,0,0,0,0,0,0,0,0,5,5,0.0,0.0,0.8,0.8,1.0,0.0,0.0,255,227,0.89,0.02,0.0,0.0,0.0,0.0,0.02,0.02,apache2,12
282,tcp,ftp,SF,160,595,0,0,0,2,0,1,0,0,0,0,0,0,0,0,0,1,1,1,0.0,0.0,0.0,0.0,1.0,0.0,0.0,255,11,0.04,0.55,0.0,0.0,0.0,0.0,0.53,0.0,warezmaster,13
707,tcp,domain,SF,1562,0,0,0,0,0,0,0,0,0,0,0,0,0,0,0,0,0,1,1,0.0,0.0,0.0,0.0,1.0,0.0,0.0,255,1,0.0,0.02,0.0,0.0,0.0,0.0,0.0,0.0,named,5
0,tcp,ftp_data,SF,139508,0,0,0,0,0,0,0,0,0,0,0,0,0,0,0,0,0,1,1,0.0,0.0,0.0,0.0,1.0,0.0,0.0,3,1,0.33,0.67,0.33,0.0,0.0,0.0,0.67,0.0,named,0
0,tcp,other,REJ,0,0,0,0,0,0,0,0,0,0,0,0,0,0,0,0,0,0,490,1,0.06,0.0,0.94,1.0,0.0,1.0,0.0,255,1,0.0,1.0,0.0,0.0,0.06,0.0,0.94,1.0,saint,19
0,tcp,private,SH,0,0,0,0,0,0,0,0,0,0,0,0,0,0,0,0,0,0,1,1,1.0,1.0,0.0,0.0,1.0,0.0,0.0,16,1,0.06,1.0,1.0,0.0,1.0,1.0,0.0,0.0,nmap,17
0,icmp,ecr_i,SF,1032,0,0,0,0,0,0,0,0,0,0,0,0,0,0,0,0,0,388,388,0.0,0.0,0.0,0.0,1.0,0.0,0.0,255,255,1.0,0.0,1.0,0.0,0.0,0.0,0.0,0.0,smurf,19
5,tcp,ftp,SF,95,332,0,0,0,1,0,1,0,0,0,0,1,0,0,0,0,0,1,1,0.0,0.0,0.0,0.0,1.0,0.0,0.0,247,90,0.36,0.03,0.0,0.0,0.0,0.0,0.0,0.0,ps,7
0,tcp,other,REJ,0,0,0,0,0,0,0,0,0,0,0,0,0,0,0,0,0,0,436,1,0.07,0.0,0.93,1.0,0.0,1.0,0.0,255,1,0.0,1.0,0.0,0.0,0.06,0.0,0.94,1.0,saint,18
1,tcp,smtp,SF,2599,261,0,0,0,0,0,1,0,0,0,0,0,0,0,0,0,0,2,2,0.0,0.0,0.0,0.0,1.0,0.0,0.0,255,247,0.97,0.04,0.0,0.0,0.0,0.0,0.03,0.0,mailbomb,16
0,udp,private,SF,42,0,0,0,0,0,0,0,0,0,0,0,0,0,0,0,0,0,3,3,0.0,0.0,0.0,0.0,1.0,0.0,0.0,255,255,1.0,0.0,0.01,0.0,0.0,0.0,0.0,0.0,snmpguess,17
0,udp,private,SF,1,4,0,0,0,0,0,0,0,0,0,0,0,0,0,0,0,0,14,12,0.0,0.0,0.0,0.0,0.86,0.14,0.0,255,17,0.07,0.24,0.88,0.0,0.0,0.0,0.09,0.0,normal,7
0,tcp,other,SF,12127,0,0,0,0,0,0,0,0,0,0,0,0,0,0,0,0,0,1,1,0.0,0.0,0.0,0.0,1.0,0.0,0.0,255,27,0.11,0.02,0.0,0.0,0.0,0.0,0.09,0.78,httptunnel,5
0,icmp,eco_i,SF,8,0,0,0,0,0,0,0,0,0,0,0,0,0,0,0,0,0,1,35,0.0,0.0,0.0,0.0,1.0,0.0,1.0,1,52,1.0,0.0,1.0,0.52,0.0,0.0,0.0,0.0,ipsweep,18
896,tcp,http,RSTR,55744,0,0,0,0,0,0,1,0,0,0,0,0,0,0,0,0,0,31,31,0.16,0.16,0.84,0.84,1.0,0.0,0.0,255,255,1.0,0.0,0.0,0.0,0.03,0.03,0.68,0.68,apache2,17
1,tcp,smtp,SF,2599,261,0,0,0,0,0,1,0,0,0,0,0,0,0,0,0,0,2,2,0.0,0.0,0.0,0.0,1.0,0.0,0.0,255,246,0.96,0.04,0.0,0.0,0.0,0.0,0.04,0.0,mailbomb,16
0,udp,private,SF,105,146,0,0,0,0,0,0,0,0,0,0,0,0,0,0,0,0,2,2,0.0,0.0,0.0,0.0,1.0,0.0,0.0,255,252,0.99,0.01,0.0,0.0,0.0,0.0,0.0,0.0,snmpgetattack,5
0,tcp,http,S0,0,0,0,0,0,0,0,0,0,0,0,0,0,0,0,0,0,0,29,29,0.31,0.31,0.69,0.69,1.0,0.0,0.0,255,255,1.0,0.0,0.0,0.0,0.05,0.05,0.69,0.69,apache2,15
0,icmp,eco_i,SF,8,0,0,0,0,0,0,0,0,0,0,0,0,0,0,0,0,0,1,6,0.0,0.0,0.0,0.0,1.0,0.0,1.0,2,52,1.0,0.0,1.0,0.5,0.0,0.0,0.0,0.0,ipsweep,15
0,tcp,http,SF,54540,8314,0,0,0,2,0,1,1,0,0,0,0,0,0,0,0,0,4,6,0.0,0.0,0.0,0.0,1.0,0.0,0.5,255,254,1.0,0.01,0.0,0.0,0.0,0.0,0.07,0.07,back,16
0,tcp,other,REJ,0,0,0,0,0,0,0,0,0,0,0,0,0,0,0,0,0,0,499,1,0.05,0.0,0.95,1.0,0.0,1.0,0.0,255,1,0.0,1.0,0.0,0.0,0.04,0.0,0.96,1.0,saint,20
0,tcp,http,S0,0,0,0,0,0,0,0,0,0,0,0,0,0,0,0,0,0,0,70,70,1.0,1.0,0.0,0.0,1.0,0.0,0.0,255,255,1.0,0.0,0.0,0.0,0.35,0.35,0.65,0.65,apache2,16
0,tcp,private,SH,0,0,0,0,0,0,0,0,0,0,0,0,0,0,0,0,0,0,1,1,1.0,1.0,0.0,0.0,1.0,0.0,0.0,23,1,0.04,1.0,1.0,0.0,1.0,1.0,0.0,0.0,nmap,18
0,tcp,other,REJ,0,0,0,0,0,0,0,0,0,0,0,0,0,0,0,0,0,0,1,1,0.0,0.0,1.0,1.0,1.0,0.0,0.0,255,44,0.17,0.02,0.0,0.0,0.0,0.0,0.15,0.82,httptunnel,15
198,tcp,telnet,SF,2442,10661,0,0,0,2,0,1,6,1,0,4,0,0,0,0,0,0,1,1,0.0,0.0,0.0,0.0,1.0,0.0,0.0,255,1,0.0,0.37,0.0,0.0,0.0,0.0,0.0,0.0,buffer_overflow,1
0,udp,domain_u,SF,42,42,0,0,0,0,0,0,0,0,0,0,0,0,0,0,0,0,98,162,0.0,0.0,0.0,0.0,1.0,0.0,0.01,255,227,0.89,0.01,0.01,0.0,0.0,0.0,0.0,0.0,normal,18
0,tcp,http,REJ,0,0,0,0,0,0,0,0,0,0,0,0,0,0,0,0,0,0,219,20,0.0,0.0,1.0,1.0,0.09,0.06,0.0,255,20,0.08,0.07,0.0,0.0,0.0,0.0,1.0,1.0,neptune,17
0,tcp,private,SH,0,0,0,0,0,0,0,0,0,0,0,0,0,0,0,0,0,0,1,1,1.0,1.0,0.0,0.0,1.0,0.0,0.0,27,1,0.04,1.0,1.0,0.0,1.0,1.0,0.0,0.0,nmap,18
0,tcp,http,SF,54540,8314,0,0,0,2,0,1,1,0,0,0,0,0,0,0,0,0,3,3,0.0,0.0,0.0,0.0,1.0,0.0,0.0,255,255,1.0,0.0,0.0,0.0,0.0,0.0,0.07,0.07,back,16
0,tcp,pm_dump,SF,44,556,0,0,0,0,0,0,0,0,0,0,0,0,0,0,0,0,5,1,0.0,0.0,0.4,0.0,0.2,0.8,0.0,255,13,0.05,0.57,0.0,0.0,0.0,0.0,0.1,0.0,mscan,5
0,icmp,ecr_i,SF,1480,0,0,1,0,0,0,0,0,0,0,0,0,0,0,0,0,0,1,3,0.0,0.0,0.0,0.0,1.0,0.0,0.67,1,1,1.0,0.0,1.0,0.0,0.0,0.0,0.0,0.0,pod,14
804,tcp,telnet,SF,1589,36386,0,0,3,7,0,1,49,1,0,145,1,0,0,0,0,0,1,1,0.0,0.0,0.0,0.0,1.0,0.0,0.0,18,4,0.22,0.17,0.06,0.0,0.0,0.0,0.06,0.25,rootkit,0
0,tcp,private,SH,0,0,0,0,0,0,0,0,0,0,0,0,0,0,0,0,0,0,1,1,1.0,1.0,0.0,0.0,1.0,0.0,0.0,48,1,0.02,1.0,1.0,0.0,1.0,1.0,0.0,0.0,nmap,19
0,tcp,imap4,S0,0,0,0,0,0,0,0,0,0,0,0,0,0,0,0,0,0,0,1,1,1.0,1.0,0.0,0.0,1.0,0.0,0.0,39,85,0.33,0.08,0.03,0.04,1.0,1.0,0.0,0.0,mscan,17
0,tcp,private,SH,0,0,0,0,0,0,0,0,0,0,0,0,0,0,0,0,0,0,1,1,1.0,1.0,0.0,0.0,1.0,0.0,0.0,120,1,0.01,0.99,0.98,0.0,0.98,1.0,0.0,0.0,nmap,18
0,icmp,ecr_i,SF,1008,0,0,0,0,0,0,0,0,0,0,0,0,0,0,0,0,0,146,146,0.0,0.0,0.0,0.0,1.0,0.0,0.0,255,255,1.0,0.0,1.0,0.0,0.0,0.0,0.0,0.0,smurf,18
0,tcp,other,REJ,0,0,0,0,0,0,0,0,0,0,0,0,0,0,0,0,0,0,482,1,0.04,0.0,0.96,1.0,0.0,1.0,0.0,255,1,0.0,1.0,0.0,0.0,0.04,0.0,0.96,1.0,saint,20
0,tcp,ftp_data,SF,738,0,0,0,0,0,0,0,0,0,0,0,0,0,0,0,0,0,2,2,0.0,0.0,0.0,0.0,1.0,0.0,0.0,172,56,0.29,0.03,0.28,0.04,0.0,0.0,0.01,0.0,normal,20
0,udp,domain_u,SF,44,44,0,0,0,0,0,0,0,0,0,0,0,0,0,0,0,0,133,206,0.0,0.0,0.0,0.0,0.99,0.02,0.01,255,254,1.0,0.01,0.01,0.0,0.0,0.0,0.0,0.0,normal,18
0,tcp,csnet_ns,REJ,0,0,0,0,0,0,0,0,0,0,0,0,0,0,0,0,0,0,282,11,0.0,0.0,1.0,1.0,0.04,0.06,0.0,255,11,0.04,0.06,0.0,0.0,0.0,0.0,1.0,1.0,neptune,20
0,tcp,other,S0,0,0,0,0,0,0,0,0,0,0,0,0,0,0,0,0,0,0,494,1,0.06,1.0,0.94,0.0,0.0,1.0,0.0,255,1,0.0,1.0,0.0,0.0,0.11,1.0,0.89,0.0,satan,20
0,tcp,finger,S0,0,0,1,0,0,0,0,0,0,0,0,0,0,0,0,0,0,0,1,1,1.0,1.0,0.0,0.0,1.0,0.0,0.0,31,9,0.03,0.13,0.03,0.22,0.06,0.11,0.0,0.0,land,11
0,tcp,nnsp,SH,0,0,0,0,0,0,0,0,0,0,0,0,0,0,0,0,0,0,1,1,1.0,1.0,0.0,0.0,1.0,0.0,0.0,117,1,0.01,1.0,1.0,0.0,1.0,1.0,0.0,0.0,nmap,17
41,tcp,telnet,SF,131,200,0,0,0,0,2,0,0,0,0,0,0,0,0,0,0,0,1,1,0.0,0.0,0.0,0.0,1.0,0.0,0.0,156,22,0.14,0.04,0.01,0.0,0.0,0.0,0.0,0.0,xlock,4
0,icmp,eco_i,SF,8,0,0,0,0,0,0,0,0,0,0,0,0,0,0,0,0,0,1,47,0.0,0.0,0.0,0.0,1.0,0.0,1.0,2,64,1.0,0.0,1.0,0.5,0.0,0.0,0.0,0.0,ipsweep,15
0,icmp,ecr_i,SF,1480,0,0,1,0,0,0,0,0,0,0,0,0,0,0,0,0,0,1,3,0.0,0.0,0.0,0.0,1.0,0.0,0.67,1,23,1.0,0.0,1.0,0.52,0.0,0.0,0.0,0.0,pod,16
0,tcp,other,REJ,0,0,0,0,0,0,0,0,0,0,0,0,0,0,0,0,0,0,511,1,0.14,0.0,0.86,1.0,0.0,1.0,0.0,255,1,0.0,0.95,0.0,0.0,0.13,0.0,0.87,1.0,satan,20
0,udp,other,SF,173,173,0,0,0,0,0,0,0,0,0,0,0,0,0,0,0,0,17,17,0.0,0.0,0.0,0.0,1.0,0.0,0.0,19,17,0.89,0.11,0.89,0.0,0.0,0.0,0.0,0.0,multihop,0
0,tcp,private,SH,0,0,0,0,0,0,0,0,0,0,0,0,0,0,0,0,0,0,1,1,1.0,1.0,0.0,0.0,1.0,0.0,0.0,185,1,0.01,1.0,1.0,0.0,1.0,1.0,0.0,0.0,nmap,18
7416,tcp,telnet,SF,0,44,0,0,0,0,0,0,0,0,0,0,0,0,0,0,0,0,1,1,0.0,0.0,0.0,0.0,1.0,0.0,0.0,255,220,0.86,0.03,0.0,0.0,0.33,0.39,0.12,0.06,processtable,18
0,udp,private,SF,105,146,0,0,0,0,0,0,0,0,0,0,0,0,0,0,0,0,2,2,0.0,0.0,0.0,0.0,1.0,0.0,0.0,255,251,0.98,0.01,0.01,0.0,0.0,0.0,0.0,0.0,snmpgetattack,0
0,tcp,private,SH,0,0,0,0,0,0,0,0,0,0,0,0,0,0,0,0,0,0,1,1,1.0,1.0,0.0,0.0,1.0,0.0,0.0,131,1,0.01,1.0,1.0,0.0,1.0,1.0,0.0,0.0,nmap,18
0,udp,private,SF,1,0,0,0,0,0,0,0,0,0,0,0,0,0,0,0,0,0,120,29,0.0,0.0,0.0,0.0,0.24,0.59,0.0,255,30,0.12,0.79,1.0,0.0,0.0,0.0,0.0,0.0,normal,7
0,tcp,http,SF,54540,8314,0,0,0,2,0,1,1,0,0,0,0,0,0,0,0,0,2,3,0.0,0.0,0.0,0.0,1.0,0.0,0.67,255,251,0.98,0.01,0.0,0.0,0.0,0.0,0.0,0.0,back,13
0,tcp,telnet,RSTO,0,48,0,0,0,0,0,0,0,0,0,0,0,0,0,0,0,0,1,24,0.0,0.12,1.0,0.79,1.0,0.0,0.96,53,27,0.51,0.06,0.02,0.0,0.0,0.0,0.64,0.3,mscan,9
0,tcp,other,S0,0,0,0,0,0,0,0,0,0,0,0,0,0,0,0,0,0,0,431,1,0.06,1.0,0.94,0.0,0.0,1.0,0.0,255,1,0.0,1.0,0.0,0.0,0.05,1.0,0.95,0.0,saint,19
0,tcp,http,SF,54540,8314,0,0,0,2,0,1,1,0,0,0,0,0,0,0,0,0,5,5,0.0,0.0,0.0,0.0,1.0,0.0,0.0,255,254,1.0,0.01,0.0,0.0,0.0,0.0,0.05,0.05,back,16
0,tcp,auth,REJ,0,0,0,0,0,0,0,0,0,0,0,0,0,0,0,0,0,0,251,18,0.0,0.0,1.0,1.0,0.07,0.07,0.0,255,18,0.07,0.07,0.0,0.0,0.0,0.0,1.0,1.0,neptune,20
5,tcp,pop_3,SF,30,93,0,0,0,0,0,1,0,0,0,0,0,0,0,0,0,0,1,1,0.0,0.0,0.0,0.0,1.0,0.0,0.0,255,254,1.0,0.01,0.0,0.0,0.0,0.0,0.0,0.0,guess_passwd,18
0,icmp,eco_i,SF,18,0,0,0,0,0,0,0,0,0,0,0,0,0,0,0,0,0,1,1,0.0,0.0,0.0,0.0,1.0,0.0,0.0,1,88,1.0,0.0,1.0,1.0,0.0,0.0,0.0,0.0,ipsweep,16
1,tcp,smtp,SF,2599,293,0,0,0,0,0,1,0,0,0,0,0,0,0,0,0,0,2,2,0.0,0.0,0.0,0.0,1.0,0.0,0.0,255,85,0.33,0.14,0.0,0.0,0.0,0.0,0.65,0.0,mailbomb,11
0,tcp,private,SH,0,0,0,0,0,0,0,0,0,0,0,0,0,0,0,0,0,0,1,1,1.0,1.0,0.0,0.0,1.0,0.0,0.0,67,1,0.01,1.0,1.0,0.0,1.0,1.0,0.0,0.0,nmap,18
0,tcp,private,SH,0,0,0,0,0,0,0,0,0,0,0,0,0,0,0,0,0,0,1,1,1.0,1.0,0.0,0.0,1.0,0.0,0.0,156,1,0.01,0.99,0.99,0.0,0.99,1.0,0.0,0.0,nmap,19
0,tcp,telnet,SF,122,174,0,0,0,0,1,0,0,0,0,0,0,0,0,0,0,0,1,1,0.0,0.0,0.0,0.0,1.0,0.0,0.0,255,84,0.33,0.02,0.0,0.0,0.0,0.0,0.01,0.04,guess_passwd,11
3,tcp,http,RSTR,32120,1460,0,0,0,1,0,1,0,0,0,0,0,0,0,0,0,0,5,5,0.0,0.0,1.0,1.0,1.0,0.0,0.0,255,241,0.95,0.01,0.0,0.0,0.0,0.0,0.05,0.05,back,11
171,tcp,telnet,SF,261,1829,0,0,0,1,0,1,0,1,0,3,0,0,0,0,1,0,1,1,0.0,0.0,0.0,0.0,1.0,0.0,0.0,255,19,0.07,0.03,0.0,0.0,0.0,0.0,0.0,0.0,xsnoop,1
0,tcp,http,REJ,0,0,0,0,0,0,0,0,0,0,0,0,0,0,0,0,0,0,1,1,0.0,0.0,1.0,1.0,1.0,0.0,0.0,17,17,1.0,0.0,0.06,0.0,0.0,0.0,0.06,0.06,phf,0
0,tcp,other,REJ,0,0,0,0,0,0,0,0,0,0,0,0,0,0,0,0,0,0,1,1,0.0,0.0,1.0,1.0,1.0,0.0,0.0,255,7,0.03,0.01,0.0,0.0,0.0,0.0,0.03,1.0,httptunnel,18
0,udp,private,SF,105,146,0,0,0,0,0,0,0,0,0,0,0,0,0,0,0,0,3,2,0.0,0.0,0.0,0.0,0.67,0.67,0.0,255,252,0.99,0.01,0.0,0.0,0.0,0.0,0.0,0.0,snmpgetattack,1
0,tcp,other,REJ,0,0,0,0,0,0,0,0,0,0,0,0,0,0,0,0,0,0,398,1,0.17,0.0,0.83,1.0,0.0,1.0,0.0,255,1,0.0,0.93,0.0,0.0,0.13,0.0,0.87,1.0,satan,17
6,tcp,ftp,SF,94,332,0,0,0,1,0,1,0,0,0,0,1,0,0,0,0,0,1,1,0.0,0.0,0.0,0.0,1.0,0.0,0.0,96,1,0.01,0.03,0.01,0.0,0.01,0.0,0.0,0.0,ps,4
35,tcp,ftp,SF,145,501,0,0,0,2,0,1,0,0,0,0,0,0,0,0,0,1,1,1,0.0,0.0,0.0,0.0,1.0,0.0,0.0,96,27,0.28,0.05,0.01,0.0,0.0,0.0,0.0,0.0,normal,15
0,tcp,other,REJ,0,0,0,0,0,0,0,0,0,0,0,0,0,0,0,0,0,0,511,1,0.04,0.0,0.96,1.0,0.0,1.0,0.0,255,1,0.0,1.0,0.0,0.0,0.0,0.0,1.0,1.0,satan,20
0,tcp,private,SH,0,0,0,0,0,0,0,0,0,0,0,0,0,0,0,0,0,0,1,1,1.0,1.0,0.0,0.0,1.0,0.0,0.0,194,1,0.01,1.0,1.0,0.0,1.0,1.0,0.0,0.0,nmap,18
4,tcp,pop_3,SF,30,93,0,0,0,0,0,1,0,0,0,0,0,0,0,0,0,0,1,1,0.0,0.0,0.0,0.0,1.0,0.0,0.0,255,249,0.98,0.01,0.01,0.0,0.0,0.0,0.0,0.0,guess_passwd,18
192,tcp,telnet,SF,1713,18570,0,0,0,3,0,1,49,1,0,45,2,1,2,0,0,0,1,1,0.0,0.0,0.0,0.0,1.0,0.0,0.0,151,32,0.04,0.03,0.01,0.06,0.0,0.0,0.0,0.53,buffer_overflow,0
0,tcp,http,RSTO,0,0,0,0,0,0,0,1,0,0,0,0,0,0,0,0,0,0,25,1,0.0,0.0,1.0,1.0,0.04,1.0,0.0,34,1,0.03,0.79,0.74,0.0,0.0,0.0,0.74,1.0,portsweep,9
0,tcp,http,SF,54540,8314,0,0,0,2,0,1,1,0,0,0,0,0,0,0,0,0,4,4,0.0,0.0,0.0,0.0,1.0,0.0,0.0,255,243,0.95,0.01,0.0,0.0,0.0,0.0,0.06,0.06,back,12
0,tcp,other,S0,0,0,0,0,0,0,0,0,0,0,0,0,0,0,0,0,0,0,444,1,0.03,1.0,0.95,0.0,0.0,1.0,0.0,255,1,0.0,1.0,0.0,0.0,0.03,1.0,0.97,0.0,saint,19
0,tcp,ctf,REJ,0,0,0,0,0,0,0,0,0,0,0,0,0,0,0,0,0,0,243,14,0.0,0.0,1.0,1.0,0.06,0.07,0.0,255,14,0.05,0.07,0.0,0.0,0.0,0.0,1.0,1.0,neptune,20
0,tcp,domain,REJ,0,0,0,0,0,0,0,0,0,0,0,0,0,0,0,0,0,0,1,1,0.0,0.0,1.0,1.0,1.0,0.0,0.0,7,2,0.29,0.29,0.14,0.0,0.0,0.0,0.14,0.5,named,8
0,tcp,telnet,SF,127,174,0,0,0,0,1,0,0,0,0,0,0,0,0,0,0,0,1,1,0.0,0.0,0.0,0.0,1.0,0.0,0.0,255,251,0.98,0.01,0.0,0.0,0.0,0.0,0.02,0.02,guess_passwd,17
0,tcp,other,REJ,0,0,0,0,0,0,0,0,0,0,0,0,0,0,0,0,0,0,1,1,0.0,0.0,1.0,1.0,1.0,0.0,0.0,255,1,0.0,0.01,0.0,0.0,0.0,0.0,0.0,1.0,httptunnel,18
0,icmp,eco_i,SF,18,0,0,0,0,0,0,0,0,0,0,0,0,0,0,0,0,0,1,1,0.0,0.0,0.0,0.0,1.0,0.0,0.0,1,89,1.0,0.0,1.0,1.0,0.0,0.0,0.0,0.0,ipsweep,16
0,icmp,urp_i,SF,36,0,0,0,0,0,0,0,0,0,0,0,0,0,0,0,0,0,2,2,0.0,0.0,0.0,0.0,1.0,0.0,0.0,9,9,1.0,0.0,1.0,0.0,0.0,0.0,0.0,0.0,snmpguess,0
0,tcp,telnet,S3,0,44,0,0,0,0,0,0,0,0,0,0,0,0,0,0,0,0,1,1,1.0,1.0,0.0,0.0,1.0,0.0,0.0,255,148,0.58,0.03,0.0,0.0,0.29,0.5,0.11,0.09,processtable,18
1,tcp,smtp,SF,2599,293,0,0,0,0,0,1,0,0,0,0,0,0,0,0,0,0,2,2,0.0,0.0,0.0,0.0,1.0,0.0,0.0,255,41,0.16,0.16,0.0,0.0,0.0,0.0,0.82,0.0,mailbomb,13
0,tcp,http,SF,54540,8314,0,0,0,2,0,1,1,0,0,0,0,0,0,0,0,0,3,12,0.0,0.0,0.0,0.0,1.0,0.0,0.17,255,255,1.0,0.0,0.0,0.0,0.0,0.0,0.03,0.03,back,16
0,udp,domain_u,SF,45,45,0,0,0,0,0,0,0,0,0,0,0,0,0,0,0,0,2,3,0.0,0.0,0.0,0.0,1.0,0.0,0.67,255,232,0.91,0.01,0.01,0.0,0.0,0.0,0.05,0.0,normal,18
0,icmp,ecr_i,SF,1480,0,0,1,0,0,0,0,0,0,0,0,0,0,0,0,0,0,1,3,0.0,0.0,0.0,0.0,1.0,0.0,0.67,1,255,1.0,0.0,1.0,0.03,0.0,0.0,0.0,0.0,pod,15
0,icmp,eco_i,SF,20,0,0,0,0,0,0,0,0,0,0,0,0,0,0,0,0,0,1,75,0.0,0.0,0.0,0.0,1.0,0.0,1.0,1,135,1.0,0.0,1.0,0.27,0.0,0.0,0.0,0.0,saint,15
0,tcp,private,REJ,0,0,0,0,0,0,0,0,0,0,0,0,0,0,0,0,0,0,511,1,0.05,0.0,0.95,1.0,0.0,1.0,0.0,255,1,0.0,1.0,0.01,0.0,0.07,0.0,0.93,1.0,saint,20
0,udp,private,SF,1,1,0,0,0,0,0,0,0,0,0,0,0,0,0,0,0,0,113,1,0.0,0.0,0.0,0.0,0.01,0.61,0.0,255,1,0.0,0.86,1.0,0.0,0.0,0.0,0.0,0.0,satan,16
0,udp,private,SF,47,0,0,0,0,0,0,0,0,0,0,0,0,0,0,0,0,0,6,6,0.0,0.0,0.0,0.0,1.0,0.0,0.0,255,255,1.0,0.0,0.01,0.0,0.0,0.0,0.0,0.0,snmpguess,15
0,udp,private,SF,47,0,0,0,0,0,0,0,0,0,0,0,0,0,0,0,0,0,3,3,0.0,0.0,0.0,0.0,1.0,0.0,0.0,255,254,1.0,0.01,0.01,0.0,0.0,0.0,0.0,0.0,snmpguess,16
0,icmp,eco_i,SF,18,0,0,0,0,0,0,0,0,0,0,0,0,0,0,0,0,0,1,1,0.0,0.0,0.0,0.0,1.0,0.0,0.0,1,49,1.0,0.0,1.0,1.0,0.0,0.0,0.0,0.0,ipsweep,18
0,icmp,ecr_i,SF,520,0,0,0,0,0,0,0,0,0,0,0,0,0,0,0,0,0,511,511,0.0,0.0,0.0,0.0,1.0,0.0,0.0,136,138,1.0,0.0,1.0,0.01,0.0,0.0,0.0,0.0,smurf,18
1,tcp,smtp,SF,2599,293,0,0,0,0,0,1,0,0,0,0,0,0,0,0,0,0,3,3,0.0,0.0,0.0,0.0,1.0,0.0,0.0,255,219,0.86,0.13,0.0,0.0,0.0,0.0,0.13,0.0,mailbomb,14
0,tcp,other,SF,240,619,0,0,0,0,0,0,0,0,0,0,0,0,0,0,0,0,2,2,0.0,0.0,0.0,0.0,1.0,0.0,0.0,66,11,0.17,0.08,0.02,0.0,0.0,0.0,0.11,0.64,httptunnel,6
0,udp,private,SF,1,1,0,0,0,0,0,0,0,0,0,0,0,0,0,0,0,0,104,1,0.0,0.0,0.0,0.0,0.01,0.96,0.0,255,1,0.0,0.66,1.0,0.0,0.0,0.0,0.0,0.0,satan,16
8120,tcp,telnet,SF,0,15,0,0,0,0,0,0,0,0,0,0,0,0,0,0,0,0,1,1,0.0,0.0,0.0,0.0,1.0,0.0,0.0,255,61,0.24,0.04,0.0,0.0,0.0,0.02,0.11,0.21,processtable,8
0,icmp,eco_i,SF,18,0,0,0,0,0,0,0,0,0,0,0,0,0,0,0,0,0,1,1,0.0,0.0,0.0,0.0,1.0,0.0,0.0,1,54,1.0,0.0,1.0,1.0,0.0,0.0,0.0,0.0,ipsweep,18
0,icmp,ecr_i,SF,1032,0,0,0,0,0,0,0,0,0,0,0,0,0,0,0,0,0,321,321,0.0,0.0,0.0,0.0,1.0,0.0,0.0,255,255,1.0,0.0,1.0,0.0,0.0,0.0,0.0,0.0,smurf,19
0,udp,private,SF,43,0,0,0,0,0,0,0,0,0,0,0,0,0,0,0,0,0,5,5,0.0,0.0,0.0,0.0,1.0,0.0,0.0,255,253,0.99,0.01,0.0,0.0,0.0,0.0,0.0,0.0,snmpguess,13
0,tcp,other,REJ,0,0,0,0,0,0,0,0,0,0,0,0,0,0,0,0,0,0,1,1,0.0,0.0,1.0,1.0,1.0,0.0,0.0,121,19,0.16,0.06,0.01,0.0,0.0,0.0,0.11,0.68,httptunnel,11
0,icmp,eco_i,SF,20,0,0,0,0,0,0,0,0,0,0,0,0,0,0,0,0,0,1,75,0.0,0.0,0.0,0.0,1.0,0.0,1.0,3,147,1.0,0.0,1.0,0.25,0.0,0.0,0.0,0.0,saint,15
61,tcp,telnet,SF,195,2051,0,0,0,1,0,1,0,0,0,0,2,1,0,0,0,0,1,1,0.0,0.0,0.0,0.0,1.0,0.0,0.0,97,29,0.3,0.03,0.01,0.0,0.01,0.03,0.0,0.0,ps,0
0,tcp,http,SF,54540,8314,0,0,0,2,0,1,1,0,0,0,0,0,0,0,0,0,3,3,0.0,0.0,0.0,0.0,1.0,0.0,0.0,255,251,0.98,0.01,0.0,0.0,0.0,0.0,0.01,0.01,back,16
0,tcp,http,SF,54540,8314,0,0,0,2,0,1,1,0,0,0,0,0,0,0,0,0,4,21,0.0,0.0,0.0,0.0,1.0,0.0,0.1,255,255,1.0,0.0,0.0,0.0,0.0,0.0,0.03,0.03,back,12
0,tcp,other,S0,0,0,0,0,0,0,0,0,0,0,0,0,0,0,0,0,0,0,488,1,0.06,1.0,0.94,0.0,0.0,1.0,0.0,255,1,0.0,1.0,0.0,0.0,0.08,1.0,0.92,0.0,saint,19
902,tcp,http,RSTR,56504,0,0,0,0,0,0,1,0,0,0,0,0,0,0,0,0,0,39,39,0.03,0.03,0.95,0.95,1.0,0.0,0.0,255,255,1.0,0.0,0.0,0.0,0.0,0.0,0.15,0.15,apache2,15
0,tcp,other,REJ,0,0,0,0,0,0,0,0,0,0,0,0,0,0,0,0,0,0,443,1,0.04,0.0,0.93,1.0,0.0,1.0,0.0,255,1,0.0,1.0,0.0,0.0,0.03,0.0,0.95,1.0,saint,18
0,tcp,sunrpc,REJ,0,0,0,0,0,0,0,0,0,0,0,0,0,0,0,0,0,0,4,10,0.0,0.0,1.0,1.0,0.25,1.0,1.0,255,38,0.15,0.03,0.0,0.0,0.01,0.0,0.67,1.0,mscan,14
0,tcp,telnet,RSTO,15,88,0,0,0,0,0,0,0,0,0,0,0,0,0,0,0,0,2,9,0.0,0.22,1.0,0.67,1.0,0.0,0.78,255,208,0.82,0.02,0.0,0.0,0.22,0.26,0.19,0.08,mscan,15
0,tcp,private,REJ,0,0,0,0,0,0,0,0,0,0,0,0,0,0,0,0,0,0,75,1,0.0,0.0,0.99,1.0,0.01,1.0,0.0,255,1,0.0,0.14,0.0,0.0,0.04,0.0,0.85,1.0,satan,20
0,tcp,smtp,SF,0,86,0,0,0,0,0,1,0,0,0,0,0,0,0,0,0,0,1,2,0.0,0.0,0.0,0.0,1.0,0.0,1.0,50,194,0.58,0.1,0.02,0.02,0.0,0.0,0.0,0.02,normal,18
0,tcp,private,REJ,0,0,0,0,0,0,0,0,0,0,0,0,0,0,0,0,0,0,428,1,0.07,0.0,0.91,1.0,0.0,1.0,0.0,255,1,0.0,1.0,0.0,0.0,0.05,0.0,0.93,1.0,saint,18
0,tcp,http,SF,54540,8314,0,0,0,2,0,1,1,0,0,0,0,0,0,0,0,0,5,22,0.0,0.0,0.0,0.0,1.0,0.0,0.14,255,255,1.0,0.0,0.0,0.0,0.0,0.0,0.03,0.03,back,12
0,tcp,http,SF,54540,8314,0,0,0,2,0,1,1,0,0,0,0,0,0,0,0,0,4,4,0.0,0.0,0.25,0.25,1.0,0.0,0.0,255,254,1.0,0.01,0.0,0.0,0.0,0.0,0.05,0.05,back,16
0,udp,private,SF,1,1,0,0,0,0,0,0,0,0,0,0,0,0,0,0,0,0,82,1,0.0,0.0,0.0,0.0,0.01,0.8,0.0,255,1,0.0,0.71,0.97,0.0,0.0,0.0,0.03,0.0,satan,15
0,tcp,http,SF,54540,8314,0,0,0,2,0,1,1,0,0,0,0,0,0,0,0,0,5,5,0.0,0.0,0.0,0.0,1.0,0.0,0.0,255,255,1.0,0.0,0.0,0.0,0.01,0.01,0.06,0.06,back,16
0,udp,other,SF,23,0,0,0,0,0,0,0,0,0,0,0,0,0,0,0,0,0,1,1,0.0,0.0,0.0,0.0,1.0,0.0,0.0,255,1,0.0,0.02,0.0,0.0,0.0,0.0,0.03,0.0,multihop,11
0,tcp,private,REJ,0,0,0,0,0,0,0,0,0,0,0,0,0,0,0,0,0,0,182,1,0.0,0.0,1.0,1.0,0.01,0.54,0.0,190,1,0.01,0.52,0.96,0.0,0.0,0.0,0.96,1.0,portsweep,17
0,tcp,ftp_data,SF,0,3249,0,0,0,0,0,0,0,0,0,0,0,0,0,0,0,0,1,1,0.0,0.0,0.0,0.0,1.0,0.0,0.0,1,1,1.0,0.0,1.0,0.0,0.0,0.0,0.0,0.0,ps,13
0,tcp,telnet,REJ,0,0,0,0,0,0,0,0,0,0,0,0,0,0,0,0,0,0,1,8,0.0,0.0,1.0,0.88,1.0,0.0,0.88,96,84,0.33,0.05,0.01,0.02,0.0,0.0,0.89,0.69,mscan,12
0,udp,private,SF,105,146,0,0,0,0,0,0,0,0,0,0,0,0,0,0,0,0,4,2,0.0,0.0,0.0,0.0,0.5,0.5,0.0,255,254,1.0,0.01,0.0,0.0,0.0,0.0,0.0,0.0,snmpgetattack,0
282,tcp,ftp,SF,155,595,0,0,0,2,0,1,0,0,0,0,0,0,0,0,0,1,1,1,0.0,0.0,0.0,0.0,1.0,0.0,0.0,169,56,0.33,0.04,0.01,0.0,0.0,0.0,0.0,0.0,warezmaster,13
0,tcp,imap4,REJ,0,0,0,0,0,0,0,0,0,0,0,0,0,0,0,0,0,0,4,9,0.0,0.0,0.5,1.0,0.25,0.75,1.0,255,33,0.13,0.16,0.0,0.0,0.0,0.0,0.27,1.0,mscan,14
0,udp,private,SF,43,0,0,0,0,0,0,0,0,0,0,0,0,0,0,0,0,0,2,2,0.0,0.0,0.0,0.0,1.0,0.0,0.0,255,254,1.0,0.01,0.0,0.0,0.0,0.0,0.0,0.0,snmpguess,16
0,tcp,auth,SF,10,35,0,0,0,0,0,0,0,0,0,0,0,0,0,0,0,0,2,1,0.0,0.0,0.0,0.0,0.5,1.0,0.0,255,2,0.01,0.03,0.0,0.0,0.0,0.0,0.0,0.0,sendmail,1
0,tcp,private,RSTR,0,0,0,0,0,0,0,0,0,0,0,0,0,0,0,0,0,0,1,1,0.0,0.0,1.0,1.0,1.0,0.0,0.0,255,1,0.0,0.8,0.78,0.0,0.0,0.0,0.76,1.0,portsweep,18
0,tcp,http,SF,54540,8314,0,0,0,2,0,1,1,0,0,0,0,0,0,0,0,0,4,4,0.0,0.0,0.0,0.0,1.0,0.0,0.0,255,245,0.96,0.01,0.0,0.0,0.0,0.0,0.06,0.06,back,14
0,udp,private,SF,1,0,0,0,0,0,0,0,0,0,0,0,0,0,0,0,0,0,67,9,0.0,0.0,0.0,0.0,0.13,0.88,0.0,255,9,0.04,0.55,0.98,0.0,0.0,0.0,0.01,0.0,normal,6
0,udp,private,SF,43,0,0,0,0,0,0,0,0,0,0,0,0,0,0,0,0,0,2,2,0.0,0.0,0.0,0.0,1.0,0.0,0.0,255,255,1.0,0.0,0.02,0.0,0.0,0.0,0.0,0.0,snmpguess,16
0,tcp,http,SF,54540,8314,0,0,0,2,0,1,1,0,0,0,0,0,0,0,0,0,3,3,0.0,0.0,0.0,0.0,1.0,0.0,0.0,255,254,1.0,0.01,0.0,0.0,0.0,0.0,0.05,0.05,back,16
0,icmp,eco_i,SF,18,0,0,0,0,0,0,0,0,0,0,0,0,0,0,0,0,0,1,1,0.0,0.0,0.0,0.0,1.0,0.0,0.0,1,9,1.0,0.0,1.0,1.0,0.0,0.0,0.0,0.0,ipsweep,17
0,udp,private,SF,42,0,0,0,0,0,0,0,0,0,0,0,0,0,0,0,0,0,4,4,0.0,0.0,0.0,0.0,1.0,0.0,0.0,255,255,1.0,0.0,0.02,0.0,0.0,0.0,0.0,0.0,snmpguess,16
0,tcp,other,REJ,0,0,0,0,0,0,0,0,0,0,0,0,0,0,0,0,0,0,1,1,0.0,0.0,1.0,1.0,1.0,0.0,0.0,255,25,0.1,0.02,0.0,0.0,0.0,0.0,0.09,0.8,httptunnel,16
0,tcp,other,REJ,0,0,0,0,0,0,0,0,0,0,0,0,0,0,0,0,0,0,1,1,0.0,0.0,1.0,1.0,1.0,0.0,0.0,48,5,0.1,0.1,0.02,0.0,0.0,0.0,0.06,0.6,httptunnel,11
4,tcp,pop_3,SF,28,93,0,0,0,0,0,1,0,0,0,0,0,0,0,0,0,0,1,1,0.0,0.0,0.0,0.0,1.0,0.0,0.0,255,223,0.87,0.04,0.0,0.0,0.0,0.0,0.0,0.0,guess_passwd,17
282,tcp,ftp,SF,158,595,0,0,0,2,0,1,0,0,0,0,0,0,0,0,0,1,1,1,0.0,0.0,0.0,0.0,1.0,0.0,0.0,154,53,0.34,0.05,0.01,0.0,0.0,0.0,0.0,0.0,warezmaster,11
1,tcp,smtp,SF,2599,293,0,0,0,0,0,1,0,0,0,0,0,0,0,0,0,0,3,3,0.0,0.0,0.0,0.0,1.0,0.0,0.0,255,166,0.65,0.13,0.0,0.0,0.0,0.0,0.34,0.0,mailbomb,11
0,tcp,http,SF,54540,8314,0,0,0,2,0,1,1,0,0,0,0,0,0,0,0,0,4,10,0.0,0.0,0.0,0.0,1.0,0.0,0.2,255,255,1.0,0.0,0.0,0.0,0.0,0.0,0.04,0.04,back,16
0,tcp,other,REJ,0,0,0,0,0,0,0,0,0,0,0,0,0,0,0,0,0,0,494,1,0.05,0.0,0.95,1.0,0.0,1.0,0.0,255,1,0.0,1.0,0.0,0.0,0.05,0.0,0.95,1.0,saint,19
0,tcp,other,SF,263,0,0,0,0,0,0,0,0,0,0,0,0,0,0,0,0,0,2,2,0.0,0.0,0.0,0.0,1.0,0.0,0.0,115,14,0.12,0.06,0.01,0.0,0.0,0.0,0.07,0.57,httptunnel,8
280,tcp,ftp_data,SF,283618,0,0,0,0,0,0,0,0,0,0,0,0,0,0,0,0,0,2,2,0.0,0.0,0.0,0.0,1.0,0.0,0.0,5,2,0.4,0.4,0.4,0.0,0.0,0.0,0.0,0.0,warezmaster,6
2073,tcp,http,RSTR,56504,0,0,0,0,0,0,1,0,0,0,0,0,0,0,0,0,0,12,12,0.25,0.25,0.75,0.75,1.0,0.0,0.0,255,242,0.95,0.01,0.0,0.0,0.02,0.02,0.25,0.26,apache2,18
0,tcp,telnet,REJ,0,0,0,0,0,0,0,0,0,0,0,0,0,0,0,0,0,0,2,9,0.0,0.0,1.0,0.89,0.5,1.0,0.89,105,84,0.32,0.05,0.01,0.02,0.0,0.0,0.9,0.7,mscan,14
0,icmp,ecr_i,SF,1032,0,0,0,0,0,0,0,0,0,0,0,0,0,0,0,0,0,315,315,0.0,0.0,0.0,0.0,1.0,0.0,0.0,255,255,1.0,0.0,1.0,0.0,0.0,0.0,0.0,0.0,smurf,19
0,tcp,private,SH,0,0,0,0,0,0,0,0,0,0,0,0,0,0,0,0,0,0,1,1,1.0,1.0,0.0,0.0,1.0,0.0,0.0,56,1,0.02,1.0,1.0,0.0,1.0,1.0,0.0,0.0,nmap,18
1,tcp,smtp,SF,2599,293,0,0,0,0,0,1,0,0,0,0,0,0,0,0,0,0,3,3,0.0,0.0,0.0,0.0,1.0,0.0,0.0,255,247,0.97,0.04,0.0,0.0,0.0,0.0,0.03,0.0,mailbomb,18
0,icmp,ecr_i,SF,1480,0,0,1,0,0,0,0,0,0,0,0,0,0,0,0,0,0,1,3,0.0,0.0,0.0,0.0,1.0,0.0,0.67,2,3,0.5,1.0,0.5,0.67,0.5,0.0,0.0,0.0,pod,15
0,icmp,ecr_i,SF,1032,0,0,0,0,0,0,0,0,0,0,0,0,0,0,0,0,0,430,430,0.0,0.0,0.0,0.0,1.0,0.0,0.0,255,255,1.0,0.0,1.0,0.0,0.0,0.0,0.0,0.0,smurf,19
0,tcp,private,SH,0,0,0,0,0,0,0,0,0,0,0,0,0,0,0,0,0,0,1,1,1.0,1.0,0.0,0.0,1.0,0.0,0.0,30,1,0.03,1.0,1.0,0.0,1.0,1.0,0.0,0.0,nmap,18
26,tcp,ftp,SF,80,314,0,0,0,1,0,1,0,0,0,0,1,0,0,0,1,0,1,1,0.0,0.0,0.0,0.0,1.0,0.0,0.0,1,1,1.0,0.0,1.0,0.0,0.0,0.0,0.0,0.0,multihop,7
0,udp,private,SF,28,0,0,3,0,0,0,0,0,0,0,0,0,0,0,0,0,0,44,44,0.0,0.0,0.0,0.0,1.0,0.0,0.0,64,44,0.69,0.05,0.69,0.0,0.0,0.0,0.0,0.0,teardrop,11
0,tcp,telnet,SF,114,153,0,0,0,0,0,0,0,0,0,0,0,0,0,0,0,0,1,1,0.0,0.0,0.0,0.0,1.0,0.0,0.0,255,254,1.0,0.01,0.0,0.0,0.02,0.02,0.02,0.02,guess_passwd,11
0,tcp,courier,REJ,0,0,0,0,0,0,0,0,0,0,0,0,0,0,0,0,0,0,148,17,0.0,0.0,1.0,1.0,0.11,0.05,0.0,255,17,0.07,0.05,0.0,0.0,0.0,0.0,1.0,1.0,neptune,18
284,tcp,ftp,SF,156,595,0,0,0,2,0,1,0,0,0,0,0,0,0,0,0,1,1,1,0.0,0.0,0.0,0.0,1.0,0.0,0.0,255,17,0.07,0.94,0.0,0.0,0.0,0.0,0.93,0.0,warezmaster,12
0,tcp,kshell,REJ,0,0,0,0,0,0,0,0,0,0,0,0,0,0,0,0,0,0,150,20,0.0,0.0,1.0,1.0,0.13,0.05,0.0,255,20,0.08,0.05,0.0,0.0,0.0,0.0,1.0,1.0,neptune,20
5,tcp,pop_3,SF,28,93,0,0,0,0,0,1,0,0,0,0,0,0,0,0,0,0,1,1,0.0,0.0,0.0,0.0,1.0,0.0,0.0,255,218,0.85,0.04,0.0,0.0,0.0,0.0,0.0,0.0,guess_passwd,18
0,tcp,ftp_data,SF,12,0,0,0,0,0,0,0,0,0,0,0,0,0,0,0,0,0,1,1,0.0,0.0,0.0,0.0,1.0,0.0,0.0,26,5,0.19,0.08,0.19,0.0,0.0,0.0,0.0,0.0,warezmaster,7
0,tcp,telnet,S3,0,44,0,0,0,0,0,0,0,0,0,0,0,0,0,0,0,0,1,1,1.0,1.0,0.0,0.0,1.0,0.0,0.0,255,181,0.71,0.02,0.0,0.0,0.42,0.41,0.01,0.01,processtable,18
0,tcp,ftp_data,SF,12,0,0,0,0,0,0,0,0,0,0,0,0,0,0,0,0,0,2,2,0.0,0.0,0.0,0.0,1.0,0.0,0.0,7,8,0.86,0.29,0.86,0.25,0.0,0.0,0.0,0.0,warezmaster,6
21,tcp,ftp,SF,132,572,0,0,0,2,0,1,0,0,0,0,0,0,0,0,1,0,1,1,0.0,0.0,0.0,0.0,1.0,0.0,0.0,18,1,0.06,0.17,0.06,0.0,0.0,0.0,0.0,0.0,xterm,4
812,tcp,http,RSTR,57184,0,0,0,0,0,0,1,0,0,0,0,0,0,0,0,0,0,45,45,0.02,0.02,0.98,0.98,1.0,0.0,0.0,255,253,0.99,0.01,0.0,0.0,0.01,0.01,0.68,0.69,apache2,14
0,tcp,ftp_data,SF,383,0,0,0,0,0,0,0,0,0,0,0,0,0,0,0,0,0,1,1,0.0,0.0,0.0,0.0,1.0,0.0,0.0,24,21,0.12,0.17,0.12,0.14,0.0,0.0,0.0,0.0,normal,20
0,tcp,private,REJ,0,0,0,0,0,0,0,0,0,0,0,0,0,0,0,0,0,0,284,1,0.09,0.0,0.91,1.0,0.0,1.0,0.0,255,1,0.0,1.0,0.0,0.0,0.1,0.0,0.9,1.0,satan,20
1,tcp,smtp,SF,2599,293,0,0,0,0,0,1,0,0,0,0,0,0,0,0,0,0,3,3,0.0,0.0,0.0,0.0,1.0,0.0,0.0,255,87,0.34,0.14,0.0,0.0,0.0,0.0,0.64,0.0,mailbomb,12
0,tcp,finger,S0,0,0,1,0,0,0,0,0,0,0,0,0,0,0,0,0,0,0,1,2,1.0,1.0,0.0,0.0,1.0,0.0,1.0,255,1,0.0,0.02,0.0,0.0,0.0,1.0,0.0,0.0,land,17
0,udp,private,SF,105,145,0,0,0,0,0,0,0,0,0,0,0,0,0,0,0,0,1,1,0.0,0.0,0.0,0.0,1.0,0.0,0.0,255,253,0.99,0.01,0.0,0.0,0.0,0.0,0.0,0.0,snmpgetattack,7
0,udp,private,SF,1,1,0,0,0,0,0,0,0,0,0,0,0,0,0,0,0,0,132,1,0.0,0.0,0.0,0.0,0.01,0.97,0.0,255,1,0.0,0.86,1.0,0.0,0.0,0.0,0.0,0.0,satan,17
0,tcp,other,REJ,0,0,0,0,0,0,0,0,0,0,0,0,0,0,0,0,0,0,2,1,0.0,0.0,0.5,1.0,0.5,1.0,0.0,255,2,0.01,0.02,0.0,0.0,0.0,0.0,0.01,1.0,httptunnel,20
2,tcp,smtp,SF,4485,1125,0,0,0,0,0,1,0,0,0,1,0,0,1,0,0,0,1,1,0.0,0.0,0.0,0.0,1.0,0.0,0.0,255,4,0.02,0.01,0.0,0.0,0.0,0.0,0.0,0.0,sendmail,0
0,icmp,ecr_i,SF,1032,0,0,0,0,0,0,0,0,0,0,0,0,0,0,0,0,0,90,90,0.0,0.0,0.0,0.0,1.0,0.0,0.0,255,255,1.0,0.0,1.0,0.0,0.0,0.0,0.0,0.0,smurf,20
0,udp,private,SF,105,147,0,0,0,0,0,0,0,0,0,0,0,0,0,0,0,0,2,1,0.0,0.0,0.0,0.0,0.5,1.0,0.0,255,254,1.0,0.01,0.0,0.0,0.0,0.0,0.0,0.0,snmpgetattack,3
0,icmp,ecr_i,SF,1480,0,0,1,0,0,0,0,0,0,0,0,0,0,0,0,0,0,1,3,0.0,0.0,0.0,0.0,1.0,0.0,0.67,1,37,1.0,0.0,1.0,0.51,0.0,0.0,0.0,0.0,pod,16
0,tcp,other,REJ,0,0,0,0,0,0,0,0,0,0,0,0,0,0,0,0,0,0,511,1,0.07,0.0,0.93,1.0,0.0,1.0,0.0,255,1,0.0,1.0,0.0,0.0,0.0,0.0,1.0,1.0,satan,20
0,tcp,nnsp,REJ,0,0,0,0,0,0,0,0,0,0,0,0,0,0,0,0,0,0,125,8,0.0,0.0,1.0,1.0,0.06,0.06,0.0,255,8,0.03,0.06,0.0,0.0,0.0,0.0,1.0,1.0,neptune,20
0,tcp,other,REJ,0,0,0,0,0,0,0,0,0,0,0,0,0,0,0,0,0,0,472,1,0.08,0.0,0.92,1.0,0.0,1.0,0.0,255,1,0.0,0.99,0.0,0.0,0.1,0.0,0.88,1.0,satan,19
0,icmp,ecr_i,SF,1008,0,0,0,0,0,0,0,0,0,0,0,0,0,0,0,0,0,137,137,0.0,0.0,0.0,0.0,1.0,0.0,0.0,255,255,1.0,0.0,1.0,0.0,0.0,0.0,0.0,0.0,smurf,18
111,tcp,telnet,SF,336,152292,0,0,0,0,0,1,10,0,0,8,0,0,1,0,0,0,1,1,0.0,0.0,0.0,0.0,1.0,0.0,0.0,255,1,0.0,0.01,0.0,0.0,0.0,0.0,0.0,0.0,xlock,0
288,tcp,ftp,SF,156,595,0,0,0,2,0,1,0,0,0,0,0,0,0,0,0,1,1,1,0.0,0.0,0.0,0.0,1.0,0.0,0.0,255,18,0.07,0.93,0.0,0.0,0.0,0.06,0.92,0.0,warezmaster,12
0,tcp,telnet,RSTO,0,3,0,0,0,0,0,0,0,0,0,0,0,0,0,0,0,0,1,6,0.0,0.33,1.0,0.5,1.0,0.0,0.67,255,80,0.31,0.12,0.0,0.0,0.0,0.0,0.32,0.49,mscan,14
0,tcp,supdup,REJ,0,0,0,0,0,0,0,0,0,0,0,0,0,0,0,0,0,0,263,3,0.0,0.0,1.0,1.0,0.01,0.06,0.0,255,3,0.01,0.07,0.0,0.0,0.0,0.0,1.0,1.0,neptune,20
0,tcp,ftp_data,SF,2848,0,0,0,0,0,0,0,0,0,0,0,0,0,0,0,0,0,1,1,0.0,0.0,0.0,0.0,1.0,0.0,0.0,131,97,0.54,0.03,0.54,0.02,0.0,0.0,0.0,0.0,httptunnel,0
0,tcp,other,REJ,0,0,0,0,0,0,0,0,0,0,0,0,0,0,0,0,0,0,2,1,0.0,0.0,0.5,1.0,0.5,1.0,0.0,255,1,0.0,0.02,0.0,0.0,0.0,0.0,0.0,1.0,httptunnel,20
0,udp,private,SF,105,146,0,0,0,0,0,0,0,0,0,0,0,0,0,0,0,0,1,1,0.0,0.0,0.0,0.0,1.0,0.0,0.0,255,248,0.97,0.01,0.0,0.0,0.0,0.0,0.0,0.0,snmpgetattack,0
0,tcp,other,REJ,0,0,0,0,0,0,0,0,0,0,0,0,0,0,0,0,0,0,1,1,0.0,0.0,1.0,1.0,1.0,0.0,0.0,255,26,0.1,0.02,0.0,0.0,0.0,0.0,0.09,0.81,httptunnel,16
0,tcp,http,SF,54540,8314,0,0,0,2,0,1,1,0,0,0,0,0,0,0,0,0,5,30,0.0,0.0,0.0,0.0,1.0,0.0,0.13,255,248,0.97,0.01,0.0,0.0,0.0,0.0,0.06,0.06,back,12
4,tcp,pop_3,SF,32,93,0,0,0,0,0,1,0,0,0,0,0,0,0,0,0,0,1,1,0.0,0.0,0.0,0.0,1.0,0.0,0.0,255,198,0.78,0.02,0.0,0.0,0.0,0.0,0.07,0.0,guess_passwd,16
0,icmp,ecr_i,SF,520,0,0,0,0,0,0,0,0,0,0,0,0,0,0,0,0,0,15,15,0.0,0.0,0.0,0.0,1.0,0.0,0.0,255,255,1.0,0.0,1.0,0.0,0.0,0.0,0.0,0.0,smurf,17
0,udp,private,SF,47,47,0,0,0,0,0,0,0,0,0,0,0,0,0,0,0,0,3,3,0.0,0.0,0.0,0.0,1.0,0.0,0.0,255,254,1.0,0.01,0.01,0.0,0.0,0.0,0.0,0.0,snmpguess,15
0,udp,private,SF,1,74,0,0,0,0,0,0,0,0,0,0,0,0,0,0,0,0,33,1,0.0,0.0,0.0,0.0,0.03,0.3,0.0,255,1,0.0,0.79,0.27,0.0,0.0,0.0,0.73,0.0,normal,8
26,tcp,telnet,SF,156,1561,0,0,0,7,0,1,1,1,0,0,0,0,0,0,0,0,1,1,0.0,0.0,0.0,0.0,1.0,0.0,0.0,255,162,0.64,0.02,0.0,0.0,0.0,0.01,0.39,0.24,buffer_overflow,6
0,icmp,ecr_i,SF,1008,0,0,0,0,0,0,0,0,0,0,0,0,0,0,0,0,0,446,446,0.0,0.0,0.0,0.0,1.0,0.0,0.0,255,255,1.0,0.0,1.0,0.0,0.0,0.0,0.0,0.0,smurf,18
2,tcp,telnet,SF,24,574,0,0,0,0,0,0,0,0,0,0,0,0,0,0,0,0,3,6,0.0,0.0,0.67,0.33,0.33,1.0,0.67,184,85,0.34,0.03,0.01,0.02,0.0,0.0,0.89,0.68,mscan,9
0,tcp,telnet,S3,0,44,0,0,0,0,0,0,0,0,0,0,0,0,0,0,0,0,1,1,1.0,1.0,0.0,0.0,1.0,0.0,0.0,255,48,0.19,0.72,0.0,0.0,0.09,0.48,0.71,0.0,processtable,18
0,tcp,ftp_data,REJ,0,0,0,0,0,0,0,0,0,0,0,0,0,0,0,0,0,0,237,22,0.01,0.0,0.99,0.82,0.08,0.07,0.09,255,18,0.07,0.08,0.0,0.0,0.01,0.0,0.99,1.0,neptune,19
0,icmp,ecr_i,SF,1008,0,0,0,0,0,0,0,0,0,0,0,0,0,0,0,0,0,353,353,0.0,0.0,0.0,0.0,1.0,0.0,0.0,255,255,1.0,0.0,1.0,0.0,0.0,0.0,0.0,0.0,smurf,18
0,tcp,link,S0,0,0,0,0,0,0,0,0,0,0,0,0,0,0,0,0,0,0,278,10,1.0,1.0,0.0,0.0,0.04,0.06,0.0,255,10,0.04,0.07,0.0,0.0,1.0,1.0,0.0,0.0,neptune,20
0,tcp,private,RSTR,0,0,0,0,0,0,0,0,0,0,0,0,0,0,0,0,0,0,1,1,0.0,0.0,1.0,1.0,1.0,0.0,0.0,255,1,0.0,0.11,0.09,0.0,0.0,0.0,0.99,1.0,portsweep,19
1,tcp,smtp,SF,2599,293,0,0,0,0,0,1,0,0,0,0,0,0,0,0,0,0,2,2,0.0,0.0,0.0,0.0,1.0,0.0,0.0,255,110,0.43,0.15,0.0,0.0,0.0,0.0,0.55,0.0,mailbomb,11
1,tcp,smtp,SF,2599,293,0,0,0,0,0,1,0,0,0,0,0,0,0,0,0,0,3,3,0.0,0.0,0.0,0.0,1.0,0.0,0.0,255,99,0.39,0.14,0.0,0.0,0.0,0.0,0.6,0.0,mailbomb,11
2067,tcp,http,RSTR,75484,0,0,0,0,0,0,1,0,0,0,0,0,0,0,0,0,0,7,7,0.0,0.0,1.0,1.0,1.0,0.0,0.0,255,244,0.96,0.01,0.0,0.0,0.02,0.02,0.49,0.51,apache2,15
1,tcp,smtp,SF,2599,293,0,0,0,0,0,1,0,0,0,0,0,0,0,0,0,0,3,3,0.0,0.0,0.0,0.0,1.0,0.0,0.0,255,199,0.78,0.13,0.0,0.0,0.0,0.0,0.21,0.0,mailbomb,11
280,tcp,ftp_data,SF,283618,0,0,0,0,2,0,0,0,0,0,0,0,0,0,0,0,0,1,1,0.0,0.0,0.0,0.0,1.0,0.0,0.0,4,1,0.25,0.5,0.25,0.0,0.0,0.0,0.0,0.0,warezmaster,7
22,tcp,ftp,SF,126,575,0,0,0,2,0,1,0,0,0,0,0,0,0,0,1,0,1,1,0.0,0.0,0.0,0.0,1.0,0.0,0.0,8,1,0.12,0.38,0.12,0.0,0.0,0.0,0.0,0.0,named,3
992,udp,other,SF,146,105,0,0,0,0,0,0,0,0,0,0,0,0,0,0,0,0,1,1,0.0,0.0,0.0,0.0,1.0,0.0,0.0,9,4,0.44,0.44,1.0,0.0,0.0,0.0,0.0,0.0,snmpgetattack,0
0,tcp,other,REJ,0,0,0,0,0,0,0,0,0,0,0,0,0,0,0,0,0,0,444,1,0.04,0.0,0.93,1.0,0.0,1.0,0.0,255,1,0.0,1.0,0.0,0.0,0.03,0.0,0.96,1.0,saint,18
0,tcp,other,REJ,0,0,0,0,0,0,0,0,0,0,0,0,0,0,0,0,0,0,510,1,0.04,0.0,0.96,1.0,0.0,1.0,0.0,255,1,0.0,1.0,0.0,0.0,0.02,0.0,0.98,1.0,saint,20
10,tcp,ftp_data,SF,256000,0,0,0,0,0,0,0,0,0,0,0,0,0,0,0,0,0,1,1,0.0,0.0,0.0,0.0,1.0,0.0,0.0,255,51,0.2,0.03,0.2,0.0,0.29,0.0,0.02,0.0,rootkit,7
0,tcp,ftp_data,SF,12,0,0,0,0,0,0,0,0,0,0,0,0,0,0,0,0,0,1,1,0.0,0.0,0.0,0.0,1.0,0.0,0.0,3,19,1.0,0.0,1.0,0.21,0.0,0.0,0.0,0.0,warezmaster,15
0,tcp,telnet,SF,122,174,0,0,0,0,1,0,0,0,0,0,0,0,0,0,0,0,1,1,0.0,0.0,0.0,0.0,1.0,0.0,0.0,255,30,0.12,0.02,0.0,0.0,0.0,0.0,0.0,0.03,guess_passwd,10
0,tcp,imap4,RSTO,0,44,0,0,0,0,0,0,0,0,0,0,0,0,0,0,0,0,4,3,0.0,0.0,0.75,1.0,0.25,0.75,1.0,255,54,0.21,0.02,0.0,0.0,0.0,0.0,0.78,0.98,mscan,14
30,tcp,telnet,SF,137,1403,0,0,0,0,0,1,0,0,0,0,1,0,0,0,0,0,1,1,0.0,0.0,0.0,0.0,1.0,0.0,0.0,235,17,0.07,0.03,0.0,0.0,0.0,0.0,0.0,0.0,buffer_overflow,1
0,tcp,private,REJ,0,0,0,0,0,0,0,0,0,0,0,0,0,0,0,0,0,0,2,1,0.0,0.0,1.0,1.0,0.5,1.0,0.0,255,1,0.0,0.82,0.78,0.0,0.0,0.0,0.78,1.0,portsweep,18
0,tcp,courier,REJ,0,0,0,0,0,0,0,0,0,0,0,0,0,0,0,0,0,0,146,20,0.0,0.0,1.0,1.0,0.14,0.05,0.0,255,20,0.08,0.06,0.0,0.0,0.0,0.0,1.0,1.0,neptune,18
0,tcp,http,SF,54540,8314,0,0,0,2,0,1,1,0,0,0,0,0,0,0,0,0,5,37,0.0,0.0,0.0,0.0,1.0,0.0,0.05,255,255,1.0,0.0,0.0,0.0,0.0,0.0,0.05,0.05,back,11
0,tcp,ftp_data,SF,12,0,0,0,0,0,0,0,0,0,0,0,0,0,0,0,0,0,1,1,0.0,0.0,0.0,0.0,1.0,0.0,0.0,7,37,1.0,0.0,1.0,0.14,0.0,0.0,0.0,0.0,warezmaster,12
0,tcp,telnet,SF,122,174,0,0,0,0,1,0,0,0,0,0,0,0,0,0,0,0,1,1,0.0,0.0,0.0,0.0,1.0,0.0,0.0,255,248,0.97,0.01,0.0,0.0,0.0,0.0,0.02,0.02,guess_passwd,16
0,tcp,http_443,REJ,0,0,0,0,0,0,0,0,0,0,0,0,0,0,0,0,0,0,2,1,0.0,0.0,1.0,1.0,0.5,1.0,0.0,255,1,0.0,0.87,0.85,0.0,0.0,0.0,0.86,1.0,portsweep,15
1,tcp,pop_3,RSTO,0,36,0,0,0,0,0,1,0,0,0,0,0,0,0,0,0,0,3,2,0.0,0.0,1.0,1.0,0.33,1.0,1.0,111,60,0.24,0.05,0.01,0.03,0.0,0.0,0.89,1.0,mscan,13
0,tcp,other,REJ,0,0,0,0,0,0,0,0,0,0,0,0,0,0,0,0,0,0,1,1,0.0,0.0,1.0,1.0,1.0,0.0,0.0,81,5,0.06,0.04,0.01,0.0,0.0,0.0,0.06,1.0,httptunnel,12
0,tcp,http,SF,54540,8314,0,0,0,2,0,1,1,0,0,0,0,0,0,0,0,0,4,4,0.0,0.0,0.0,0.0,1.0,0.0,0.0,255,238,0.93,0.01,0.0,0.0,0.0,0.0,0.02,0.02,back,12
62,tcp,telnet,SF,2615,4233,0,0,0,5,0,1,2,1,0,0,0,0,0,0,0,0,1,1,0.0,0.0,0.0,0.0,1.0,0.0,0.0,255,1,0.0,0.07,0.0,0.0,1.0,0.0,0.0,0.0,buffer_overflow,3
0,icmp,eco_i,SF,18,0,0,0,0,0,0,0,0,0,0,0,0,0,0,0,0,0,1,1,0.0,0.0,0.0,0.0,1.0,0.0,0.0,1,5,1.0,0.0,1.0,1.0,0.0,0.0,0.0,0.0,ipsweep,17
0,tcp,ftp_data,SF,0,3249,0,0,0,0,0,0,0,0,0,0,0,0,0,0,0,0,1,1,0.0,0.0,0.0,0.0,1.0,0.0,0.0,1,11,1.0,0.0,1.0,0.27,0.0,0.0,0.0,0.0,ps,14
0,tcp,finger,S0,0,0,1,0,0,0,0,0,0,0,0,0,0,0,0,0,0,0,1,2,1.0,1.0,0.0,0.0,1.0,0.0,1.0,1,3,1.0,0.0,1.0,1.0,1.0,1.0,0.0,0.0,land,20
282,tcp,ftp,SF,158,595,0,0,0,2,0,1,0,0,0,0,0,0,0,0,0,1,1,1,0.0,0.0,0.0,0.0,1.0,0.0,0.0,255,11,0.04,0.02,0.0,0.0,0.79,0.0,0.02,0.0,warezmaster,15
0,icmp,eco_i,SF,20,0,0,0,0,0,0,0,0,0,0,0,0,0,0,0,0,0,1,72,0.0,0.0,0.0,0.0,1.0,0.0,1.0,1,255,1.0,0.0,1.0,0.25,0.0,0.0,0.0,0.0,saint,15
0,tcp,telnet,S0,0,0,0,0,0,0,0,0,0,0,0,0,0,0,0,0,0,0,103,103,1.0,1.0,0.0,0.0,1.0,0.0,0.0,255,255,1.0,0.0,0.0,0.0,1.0,1.0,0.0,0.0,neptune,18
0,tcp,private,REJ,0,0,0,0,0,0,0,0,0,0,0,0,0,0,0,0,0,0,2,1,0.0,0.0,1.0,1.0,0.5,1.0,0.0,255,1,0.0,0.97,0.96,0.0,0.0,0.0,0.96,1.0,portsweep,18
1,tcp,smtp,SF,2599,293,0,0,0,0,0,1,0,0,0,0,0,0,0,0,0,0,2,2,0.0,0.0,0.0,0.0,1.0,0.0,0.0,255,101,0.4,0.14,0.0,0.0,0.0,0.0,0.59,0.0,mailbomb,11
0,tcp,iso_tsap,REJ,0,0,0,0,0,0,0,0,0,0,0,0,0,0,0,0,0,0,243,17,0.0,0.0,1.0,1.0,0.07,0.06,0.0,255,17,0.07,0.07,0.0,0.0,0.0,0.0,1.0,1.0,neptune,18
0,udp,private,SF,0,0,0,0,0,0,0,0,0,0,0,0,0,0,0,0,0,0,1,1,0.0,0.0,0.0,0.0,1.0,0.0,0.0,130,1,0.01,0.03,0.01,0.0,0.77,0.0,0.0,0.0,udpstorm,17
1,tcp,smtp,SF,2599,293,0,0,0,0,0,1,0,0,0,0,0,0,0,0,0,0,3,3,0.0,0.0,0.0,0.0,1.0,0.0,0.0,255,92,0.36,0.14,0.0,0.0,0.0,0.0,0.62,0.0,mailbomb,11
0,tcp,telnet,RSTO,0,15,0,0,0,0,0,0,0,0,0,0,0,0,0,0,0,0,1,6,0.0,0.0,1.0,0.33,1.0,0.0,0.67,49,95,0.33,0.1,0.02,0.02,0.0,0.07,0.9,0.61,mscan,12
4,tcp,pop_3,SF,28,93,0,0,0,0,0,1,0,0,0,0,0,0,0,0,0,0,1,1,0.0,0.0,0.0,0.0,1.0,0.0,0.0,46,45,0.96,0.04,0.02,0.04,0.0,0.0,0.0,0.0,guess_passwd,6
0,tcp,http,S0,0,0,0,0,0,0,0,0,0,0,0,0,0,0,0,0,0,0,40,40,1.0,1.0,0.0,0.0,1.0,0.0,0.0,255,255,1.0,0.0,0.0,0.0,0.23,0.23,0.7,0.7,apache2,17
0,tcp,daytime,RSTO,0,0,0,0,0,0,0,0,0,0,0,0,0,0,0,0,0,0,227,20,0.0,0.0,1.0,1.0,0.09,0.07,0.0,255,20,0.08,0.08,0.0,0.0,0.0,0.0,1.0,1.0,neptune,19
4,tcp,pop_3,SF,32,93,0,0,0,0,0,1,0,0,0,0,0,0,0,0,0,0,1,1,0.0,0.0,0.0,0.0,1.0,0.0,0.0,255,132,0.52,0.02,0.0,0.0,0.0,0.0,0.17,0.01,guess_passwd,17
0,tcp,private,REJ,0,0,0,0,0,0,0,0,0,0,0,0,0,0,0,0,0,0,113,1,0.0,0.0,1.0,1.0,0.01,0.55,0.0,118,1,0.01,0.53,0.96,0.0,0.0,0.0,0.96,1.0,portsweep,17
0,tcp,other,REJ,0,0,0,0,0,0,0,0,0,0,0,0,0,0,0,0,0,0,431,2,0.05,0.0,0.95,1.0,0.0,1.0,1.0,255,1,0.0,1.0,0.0,0.0,0.07,0.0,0.93,1.0,saint,15
5,tcp,pop_3,SF,26,93,0,0,0,0,0,1,0,0,0,0,0,0,0,0,0,0,1,1,0.0,0.0,0.0,0.0,1.0,0.0,0.0,255,230,0.9,0.02,0.0,0.0,0.0,0.0,0.06,0.0,guess_passwd,16
7216,tcp,telnet,SF,0,44,0,0,0,0,0,0,0,0,0,0,0,0,0,0,0,0,1,1,0.0,0.0,0.0,0.0,1.0,0.0,0.0,255,228,0.89,0.11,0.0,0.0,0.49,0.54,0.11,0.01,processtable,18
0,tcp,ftp_data,SF,208,0,0,0,0,0,0,0,0,0,0,0,0,0,0,0,0,0,1,1,0.0,0.0,0.0,0.0,1.0,0.0,0.0,74,12,0.16,0.05,0.16,0.0,0.0,0.0,0.03,0.0,normal,20
0,tcp,telnet,SF,124,174,0,0,0,0,1,0,0,0,0,0,0,0,0,0,0,0,1,1,0.0,0.0,0.0,0.0,1.0,0.0,0.0,255,234,0.92,0.02,0.0,0.0,0.0,0.0,0.02,0.03,guess_passwd,15
0,tcp,echo,RSTO,0,0,0,0,0,0,0,0,0,0,0,0,0,0,0,0,0,0,269,20,0.0,0.0,1.0,1.0,0.07,0.06,0.0,255,20,0.08,0.07,0.0,0.0,0.0,0.0,1.0,1.0,neptune,19
0,icmp,ecr_i,SF,1032,0,0,0,0,0,0,0,0,0,0,0,0,0,0,0,0,0,511,511,0.0,0.0,0.0,0.0,1.0,0.0,0.0,102,101,0.99,0.02,0.99,0.0,0.0,0.0,0.0,0.0,smurf,18
7402,tcp,telnet,SF,0,44,0,0,0,0,0,0,0,0,0,0,0,0,0,0,0,0,1,1,0.0,0.0,0.0,0.0,1.0,0.0,0.0,255,214,0.84,0.02,0.0,0.0,0.27,0.32,0.01,0.01,processtable,15
0,tcp,netbios_dgm,S0,0,0,0,0,0,0,0,0,0,0,0,0,0,0,0,0,0,0,140,12,1.0,1.0,0.0,0.0,0.09,0.06,0.0,255,12,0.05,0.05,0.0,0.0,1.0,1.0,0.0,0.0,neptune,20
0,tcp,http,SF,54540,8314,0,0,0,2,0,1,1,0,0,0,0,0,0,0,0,0,3,9,0.0,0.0,0.0,0.0,1.0,0.0,0.22,255,250,0.98,0.01,0.0,0.0,0.0,0.0,0.06,0.06,back,14
0,udp,private,SF,105,147,0,0,0,0,0,0,0,0,0,0,0,0,0,0,0,0,2,2,0.0,0.0,0.0,0.0,1.0,0.0,0.0,255,253,0.99,0.01,0.02,0.0,0.0,0.0,0.0,0.0,snmpgetattack,2
0,tcp,private,SH,0,0,0,0,0,0,0,0,0,0,0,0,0,0,0,0,0,0,1,1,1.0,1.0,0.0,0.0,1.0,0.0,0.0,80,1,0.01,1.0,1.0,0.0,1.0,1.0,0.0,0.0,nmap,19
0,tcp,http,SF,19822,174,0,0,0,0,0,1,0,0,0,0,0,0,0,0,0,0,17,17,0.0,0.0,0.0,0.0,1.0,0.0,0.0,255,255,1.0,0.0,0.0,0.0,0.0,0.0,0.0,0.0,normal,20
0,tcp,other,REJ,0,0,0,0,0,0,0,0,0,0,0,0,0,0,0,0,0,0,1,1,0.0,0.0,1.0,1.0,1.0,0.0,0.0,255,13,0.05,0.01,0.0,0.0,0.0,0.0,0.04,0.85,httptunnel,16
0,tcp,other,REJ,0,0,0,0,0,0,0,0,0,0,0,0,0,0,0,0,0,0,1,1,0.0,0.0,1.0,1.0,1.0,0.0,0.0,255,14,0.05,0.02,0.0,0.0,0.0,0.0,0.05,1.0,httptunnel,17
7,tcp,pop_3,SF,31,93,0,0,0,0,0,1,0,0,0,0,0,0,0,0,0,0,1,1,0.0,0.0,0.0,0.0,1.0,0.0,0.0,190,171,0.9,0.02,0.01,0.0,0.0,0.0,0.05,0.0,guess_passwd,11
0,tcp,ftp_data,SF,0,5020,0,0,0,0,0,0,0,0,0,0,0,0,0,0,0,0,3,3,0.0,0.0,0.0,0.0,1.0,0.0,0.0,3,9,1.0,0.0,1.0,0.22,0.0,0.0,0.0,0.0,buffer_overflow,14
0,tcp,other,REJ,0,0,0,0,0,0,0,0,0,0,0,0,0,0,0,0,0,0,444,1,0.04,0.0,0.95,1.0,0.0,1.0,0.0,255,1,0.0,1.0,0.0,0.0,0.04,0.0,0.96,1.0,saint,18
0,tcp,private,REJ,0,0,0,0,0,0,0,0,0,0,0,0,0,0,0,0,0,0,510,1,0.03,0.0,0.95,1.0,0.0,1.0,0.0,255,1,0.0,1.0,0.0,0.0,0.02,0.0,0.96,1.0,satan,20
0,icmp,ecr_i,SF,1032,0,0,0,0,0,0,0,0,0,0,0,0,0,0,0,0,0,31,31,0.0,0.0,0.0,0.0,1.0,0.0,0.0,255,255,1.0,0.0,1.0,0.0,0.0,0.0,0.0,0.0,smurf,18
3,tcp,pop_3,SF,30,93,0,0,0,0,0,1,0,0,0,0,0,0,0,0,0,0,1,1,0.0,0.0,0.0,0.0,1.0,0.0,0.0,255,217,0.85,0.04,0.0,0.0,0.0,0.0,0.0,0.0,guess_passwd,17
895,tcp,http,RSTR,57184,1,0,0,0,0,0,1,0,0,0,0,0,0,0,0,0,0,23,23,0.22,0.22,0.78,0.78,1.0,0.0,0.0,255,255,1.0,0.0,0.0,0.0,0.03,0.03,0.65,0.65,apache2,17
0,icmp,ecr_i,SF,1480,0,0,1,0,0,0,0,0,0,0,0,0,0,0,0,0,0,1,3,0.0,0.0,0.0,0.0,1.0,0.0,0.67,1,31,1.0,0.0,1.0,0.52,0.0,0.0,0.0,0.0,pod,16
0,tcp,http,SF,54540,8314,0,0,0,2,0,1,1,0,0,0,0,0,0,0,0,0,3,3,0.0,0.0,0.0,0.0,1.0,0.0,0.0,255,231,0.91,0.01,0.0,0.0,0.0,0.0,0.02,0.02,back,12
0,tcp,other,REJ,0,0,0,0,0,0,0,0,0,0,0,0,0,0,0,0,0,0,398,1,0.17,0.0,0.83,1.0,0.0,1.0,0.0,255,1,0.0,0.91,0.0,0.0,0.19,0.0,0.81,1.0,satan,17
0,tcp,private,SH,0,0,0,0,0,0,0,0,0,0,0,0,0,0,0,0,0,0,1,1,1.0,1.0,0.0,0.0,1.0,0.0,0.0,29,1,0.03,1.0,1.0,0.0,1.0,1.0,0.0,0.0,nmap,18
0,tcp,private,REJ,0,0,0,0,0,0,0,0,0,0,0,0,0,0,0,0,0,0,95,1,0.02,0.0,0.98,1.0,0.01,0.86,0.0,104,1,0.01,0.8,0.91,0.0,0.02,0.0,0.89,1.0,portsweep,14
0,udp,private,SF,105,146,0,0,0,0,0,0,0,0,0,0,0,0,0,0,0,0,1,1,0.0,0.0,0.0,0.0,1.0,0.0,0.0,111,110,0.99,0.02,0.01,0.0,0.0,0.0,0.0,0.0,snmpgetattack,1
283,tcp,ftp,SF,162,597,0,0,0,2,0,1,0,0,0,0,0,0,0,0,0,1,1,1,0.0,0.0,0.0,0.0,1.0,0.0,0.0,255,30,0.12,0.03,0.0,0.0,0.4,0.0,0.02,0.0,warezmaster,15
900,tcp,domain,RSTO,1562,0,0,0,0,0,0,0,0,0,0,0,0,0,0,0,0,0,1,1,0.0,0.0,1.0,1.0,1.0,0.0,0.0,8,3,0.38,0.25,0.12,0.0,0.0,0.0,0.25,0.67,named,10
0,udp,other,SF,23,0,0,0,0,0,0,0,0,0,0,0,0,0,0,0,0,0,1,1,0.0,0.0,0.0,0.0,1.0,0.0,0.0,255,1,0.0,0.03,0.0,0.0,0.0,0.0,0.0,0.0,multihop,9
2054,tcp,http,RSTR,74024,0,0,0,0,0,0,1,0,0,0,0,0,0,0,0,0,0,10,10,0.0,0.0,1.0,1.0,1.0,0.0,0.0,255,244,0.96,0.01,0.0,0.0,0.02,0.02,0.43,0.45,apache2,15
0,tcp,private,REJ,0,0,0,0,0,0,0,0,0,0,0,0,0,0,0,0,0,0,2,1,0.0,0.0,1.0,1.0,0.5,1.0,0.0,255,1,0.0,0.65,0.49,0.0,0.0,0.0,0.49,1.0,portsweep,18
0,tcp,X11,S1,1256,11240,0,0,0,0,0,0,0,0,0,0,0,0,0,0,0,0,1,1,1.0,1.0,0.0,0.0,1.0,0.0,0.0,255,1,0.0,0.02,0.0,0.0,0.0,1.0,0.0,0.0,xsnoop,12
54,tcp,ftp,SF,148,643,0,0,0,2,0,1,0,0,0,0,0,0,0,0,0,0,1,1,0.0,0.0,0.0,0.0,1.0,0.0,0.0,192,1,0.01,0.04,0.01,0.0,0.0,0.0,0.0,0.0,rootkit,5
0,udp,private,SF,105,146,0,0,0,0,0,0,0,0,0,0,0,0,0,0,0,0,1,1,0.0,0.0,0.0,0.0,1.0,0.0,0.0,255,249,0.98,0.01,0.0,0.0,0.0,0.0,0.0,0.0,snmpgetattack,0
1,tcp,smtp,SF,2599,293,0,0,0,0,0,1,0,0,0,0,0,0,0,0,0,0,3,2,0.0,0.0,0.33,0.0,0.67,0.67,0.0,255,58,0.23,0.15,0.0,0.0,0.0,0.0,0.76,0.0,mailbomb,12
0,udp,private,SF,45,45,0,0,0,0,0,0,0,0,0,0,0,0,0,0,0,0,1,1,0.0,0.0,0.0,0.0,1.0,0.0,0.0,255,254,1.0,0.01,0.01,0.0,0.0,0.0,0.0,0.0,snmpguess,12
0,udp,private,SF,40,0,0,0,0,0,0,0,0,0,0,0,0,0,0,0,0,0,3,3,0.0,0.0,0.0,0.0,1.0,0.0,0.0,255,254,1.0,0.01,0.01,0.0,0.0,0.0,0.0,0.0,snmpguess,16
1,tcp,smtp,SF,2599,293,0,0,0,0,0,1,0,0,0,0,0,0,0,0,0,0,3,3,0.0,0.0,0.0,0.0,1.0,0.0,0.0,255,36,0.14,0.16,0.0,0.0,0.0,0.0,0.84,0.0,mailbomb,12
0,tcp,ftp_data,SF,12,0,0,0,0,0,0,0,0,0,0,0,0,0,0,0,0,0,2,2,0.0,0.0,0.0,0.0,1.0,0.0,0.0,2,10,1.0,0.0,1.0,0.2,0.0,0.0,0.0,0.0,warezmaster,15
0,tcp,other,RSTR,0,0,0,0,0,0,0,0,0,0,0,0,0,0,0,0,0,0,1,1,0.0,0.0,1.0,1.0,1.0,0.0,0.0,255,1,0.0,0.12,0.1,0.0,0.0,0.0,0.99,1.0,portsweep,18
11,tcp,telnet,SF,151,2482,0,0,0,1,0,1,0,0,0,0,0,0,0,0,0,1,4,1,0.0,0.0,0.0,0.0,0.25,0.5,0.0,255,2,0.01,0.02,0.0,0.0,0.0,0.0,0.0,0.0,multihop,3
0,icmp,eco_i,SF,18,0,0,0,0,0,0,0,0,0,0,0,0,0,0,0,0,0,1,1,0.0,0.0,0.0,0.0,1.0,0.0,0.0,1,11,1.0,0.0,1.0,1.0,0.0,0.0,0.0,0.0,ipsweep,17
0,icmp,eco_i,SF,20,0,0,0,0,0,0,0,0,0,0,0,0,0,0,0,0,0,1,66,0.0,0.0,0.0,0.0,1.0,0.0,1.0,4,208,1.0,0.0,1.0,0.25,0.0,0.0,0.0,0.0,saint,15
0,tcp,other,REJ,0,0,0,0,0,0,0,0,0,0,0,0,0,0,0,0,0,0,1,1,0.0,0.0,1.0,1.0,1.0,0.0,0.0,255,20,0.08,0.01,0.0,0.0,0.0,0.0,0.07,0.9,httptunnel,15
0,tcp,imap4,RSTO,0,44,0,0,0,0,0,0,0,0,0,0,0,0,0,0,0,0,2,8,0.0,0.0,1.0,0.88,0.5,1.0,1.0,226,59,0.23,0.02,0.0,0.03,0.0,0.0,0.89,0.97,mscan,14
0,tcp,pop_3,RSTO,0,137,0,0,0,0,0,1,0,0,0,0,0,0,0,0,0,0,2,4,0.0,0.0,0.5,0.75,0.5,1.0,1.0,255,18,0.07,0.02,0.0,0.0,0.0,0.0,0.2,1.0,mscan,13
23,tcp,ftp,SF,146,650,0,0,0,2,1,1,0,0,0,0,0,0,0,0,1,0,1,1,0.0,0.0,0.0,0.0,1.0,0.0,0.0,3,1,0.33,0.67,0.33,0.0,0.0,0.0,0.0,0.0,ps,7
1,tcp,telnet,RSTO,122,177,0,0,0,0,1,0,0,0,0,0,0,0,0,0,0,0,1,1,0.0,0.0,1.0,1.0,1.0,0.0,0.0,255,8,0.03,0.01,0.0,0.0,0.0,0.0,0.02,0.62,guess_passwd,13
2078,tcp,http,RSTR,72564,0,0,0,0,0,0,1,0,0,0,0,0,0,0,0,0,0,10,10,0.0,0.0,1.0,1.0,1.0,0.0,0.0,255,237,0.93,0.01,0.0,0.0,0.0,0.0,0.18,0.19,apache2,14
0,udp,private,SF,47,0,0,0,0,0,0,0,0,0,0,0,0,0,0,0,0,0,3,3,0.0,0.0,0.0,0.0,1.0,0.0,0.0,255,255,1.0,0.0,0.02,0.0,0.0,0.0,0.0,0.0,snmpguess,16
7987,tcp,telnet,SF,0,44,0,0,0,0,0,0,0,0,0,0,0,0,0,0,0,0,1,1,0.0,0.0,0.0,0.0,1.0,0.0,0.0,255,105,0.41,0.02,0.0,0.0,0.57,0.38,0.01,0.01,processtable,17
0,tcp,other,S0,0,0,0,0,0,0,0,0,0,0,0,0,0,0,0,0,0,0,351,1,0.15,1.0,0.82,0.0,0.0,1.0,0.0,255,1,0.0,0.97,0.0,0.0,0.16,1.0,0.81,0.0,satan,18
0,tcp,telnet,S3,0,44,0,0,0,0,0,0,0,0,0,0,0,0,0,0,0,0,1,1,1.0,1.0,0.0,0.0,1.0,0.0,0.0,255,144,0.56,0.03,0.0,0.0,0.27,0.48,0.11,0.09,processtable,18
0,tcp,private,SH,0,0,0,0,0,0,0,0,0,0,0,0,0,0,0,0,0,0,1,1,1.0,1.0,0.0,0.0,1.0,0.0,0.0,19,1,0.05,1.0,1.0,0.0,1.0,1.0,0.0,0.0,nmap,17
0,tcp,http,SF,54540,8314,0,0,0,2,0,1,1,0,0,0,0,0,0,0,0,0,4,20,0.0,0.0,0.0,0.0,1.0,0.0,0.15,255,254,1.0,0.01,0.0,0.0,0.0,0.0,0.07,0.07,back,13
0,icmp,ecr_i,SF,18,0,0,0,0,0,0,0,0,0,0,0,0,0,0,0,0,0,1,1,0.0,0.0,0.0,0.0,1.0,0.0,0.0,205,2,0.01,0.03,0.01,0.0,0.0,0.0,0.0,0.0,ipsweep,8
281,tcp,ftp,SF,160,597,0,0,0,2,0,1,0,0,0,0,0,0,0,0,0,1,1,1,0.0,0.0,0.0,0.0,1.0,0.0,0.0,255,105,0.41,0.03,0.0,0.0,0.0,0.0,0.0,0.0,warezmaster,14
0,icmp,eco_i,SF,18,0,0,0,0,0,0,0,0,0,0,0,0,0,0,0,0,0,1,1,0.0,0.0,0.0,0.0,1.0,0.0,0.0,1,51,1.0,0.0,1.0,1.0,0.0,0.0,0.0,0.0,ipsweep,18
0,tcp,other,S0,0,0,0,0,0,0,0,0,0,0,0,0,0,0,0,0,0,0,458,1,0.14,1.0,0.86,0.0,0.0,1.0,0.0,255,1,0.0,0.91,0.0,0.0,0.13,1.0,0.87,0.0,satan,19
0,icmp,ecr_i,SF,1480,0,0,1,0,0,0,0,0,0,0,0,0,0,0,0,0,0,1,3,0.0,0.0,0.0,0.0,1.0,0.0,0.67,1,35,1.0,0.0,1.0,0.51,0.0,0.0,0.0,0.0,pod,17
1,tcp,smtp,SF,2599,293,0,0,0,0,0,1,0,0,0,0,0,0,0,0,0,0,2,2,0.0,0.0,0.0,0.0,1.0,0.0,0.0,255,169,0.66,0.13,0.0,0.0,0.0,0.0,0.33,0.0,mailbomb,11
0,udp,private,SF,28,0,0,1,0,0,0,0,0,0,0,0,0,0,0,0,0,0,1,1,0.0,0.0,0.0,0.0,1.0,0.0,0.0,255,1,0.0,0.02,0.0,0.0,0.21,0.0,0.51,0.0,teardrop,18
0,tcp,private,REJ,0,0,0,0,0,0,0,0,0,0,0,0,0,0,0,0,0,0,2,1,0.0,0.0,1.0,1.0,0.5,1.0,0.0,255,1,0.0,0.83,0.81,0.0,0.0,0.0,0.81,1.0,portsweep,18
0,udp,private,SF,1,1,0,0,0,0,0,0,0,0,0,0,0,0,0,0,0,0,144,1,0.0,0.0,0.0,0.0,0.01,0.98,0.0,255,1,0.0,0.99,1.0,0.0,0.0,0.0,0.0,0.0,satan,18
2,tcp,smtp,SF,4485,1125,0,0,0,0,0,1,0,0,0,1,0,0,1,0,0,0,1,1,0.0,0.0,0.0,0.0,1.0,0.0,0.0,255,1,0.0,0.01,0.0,0.0,0.0,0.0,0.0,0.0,sendmail,0
0,tcp,other,REJ,0,0,0,0,0,0,0,0,0,0,0,0,0,0,0,0,0,0,511,1,0.13,0.0,0.87,1.0,0.0,1.0,0.0,255,1,0.0,0.94,0.0,0.0,0.13,0.0,0.87,1.0,satan,20
0,udp,private,SF,105,145,0,0,0,0,0,0,0,0,0,0,0,0,0,0,0,0,1,1,0.0,0.0,0.0,0.0,1.0,0.0,0.0,255,254,1.0,0.01,0.0,0.0,0.0,0.0,0.0,0.0,snmpgetattack,7
0,tcp,auth,REJ,0,0,0,0,0,0,0,0,0,0,0,0,0,0,0,0,0,0,217,3,0.0,0.0,1.0,1.0,0.01,0.07,0.0,255,3,0.01,0.08,0.0,0.0,0.0,0.0,1.0,1.0,neptune,18
0,icmp,ecr_i,SF,508,0,0,0,0,0,0,0,0,0,0,0,0,0,0,0,0,0,210,210,0.0,0.0,0.0,0.0,1.0,0.0,0.0,255,255,1.0,0.0,1.0,0.0,0.0,0.0,0.0,0.0,smurf,18
0,icmp,ecr_i,SF,1480,0,0,1,0,0,0,0,0,0,0,0,0,0,0,0,0,0,1,3,0.0,0.0,0.0,0.0,1.0,0.0,0.67,1,27,1.0,0.0,1.0,0.52,0.0,0.0,0.0,0.0,pod,17
0,tcp,netbios_dgm,RSTR,0,0,0,0,0,0,0,0,0,0,0,0,0,0,0,0,0,0,1,1,0.0,0.0,1.0,1.0,1.0,0.0,0.0,255,1,0.0,0.57,0.54,0.0,0.0,0.0,0.9,1.0,portsweep,17
0,tcp,ftp,SF,26,157,0,0,0,0,1,0,0,0,0,0,0,0,0,0,0,1,1,1,0.0,0.0,0.0,0.0,1.0,0.0,0.0,66,36,0.55,0.06,0.02,0.0,0.0,0.0,0.0,0.0,guess_passwd,7
0,udp,other,SF,516,0,0,0,0,0,0,0,0,0,0,0,0,0,0,0,0,0,1,1,0.0,0.0,0.0,0.0,1.0,0.0,0.0,3,1,0.33,0.67,0.33,0.0,0.0,0.0,0.0,0.0,multihop,0
0,tcp,imap4,S0,0,0,0,0,0,0,0,0,0,0,0,0,0,0,0,0,0,0,1,1,1.0,1.0,0.0,0.0,1.0,0.0,0.0,98,86,0.34,0.03,0.01,0.02,1.0,1.0,0.0,0.0,mscan,18
0,icmp,ecr_i,SF,1480,0,0,1,0,0,0,0,0,0,0,0,0,0,0,0,0,0,1,1,0.0,0.0,0.0,0.0,1.0,0.0,0.0,2,1,0.5,1.0,0.5,0.0,0.5,0.0,0.0,0.0,pod,12
0,tcp,private,RSTR,0,0,0,0,0,0,0,0,0,0,0,0,0,0,0,0,0,0,1,1,0.0,0.0,1.0,1.0,1.0,0.0,0.0,255,1,0.0,0.51,0.48,0.0,0.0,0.0,0.9,1.0,portsweep,18
317,tcp,X11,SF,62825648,90476,0,0,0,0,0,0,0,0,0,0,0,0,0,0,0,0,1,1,0.0,0.0,0.0,0.0,1.0,0.0,0.0,152,1,0.01,0.05,0.01,0.0,0.0,0.0,0.0,0.0,xlock,4
0,tcp,private,RSTR,0,0,0,0,0,0,0,0,0,0,0,0,0,0,0,0,0,0,1,1,0.0,0.0,1.0,1.0,1.0,0.0,0.0,255,1,0.0,0.65,0.63,0.0,0.0,0.0,0.93,1.0,portsweep,18
2,tcp,telnet,SF,24,306,0,0,0,0,0,0,0,0,0,0,0,0,0,0,0,0,2,6,0.0,0.0,0.5,0.67,1.0,0.0,0.5,143,90,0.32,0.03,0.01,0.02,0.02,0.01,0.9,0.63,mscan,7
1,tcp,smtp,SF,2599,293,0,0,0,0,0,1,0,0,0,0,0,0,0,0,0,0,4,3,0.0,0.0,0.25,0.0,0.75,0.5,0.0,255,179,0.7,0.13,0.0,0.0,0.0,0.0,0.29,0.0,mailbomb,11
0,tcp,imap4,S0,0,0,0,0,0,0,0,0,0,0,0,0,0,0,0,0,0,0,1,2,1.0,1.0,0.0,0.0,1.0,0.0,1.0,86,86,0.34,0.03,0.01,0.03,1.0,1.0,0.0,0.0,mscan,18
0,tcp,http,SF,54540,8314,0,0,0,2,0,1,1,0,0,0,0,0,0,0,0,0,3,3,0.0,0.0,0.33,0.33,1.0,0.0,0.0,255,254,1.0,0.01,0.0,0.0,0.0,0.0,0.05,0.05,back,16
280,tcp,ftp_data,SF,283618,0,0,0,0,0,0,0,0,0,0,0,0,0,0,0,0,0,2,2,0.0,0.0,0.0,0.0,1.0,0.0,0.0,6,16,1.0,0.0,1.0,0.12,0.0,0.0,0.0,0.0,warezmaster,17
2,tcp,smtp,SF,4485,1124,0,0,0,0,0,1,0,0,0,1,0,0,1,0,0,0,1,1,0.0,0.0,0.0,0.0,1.0,0.0,0.0,255,9,0.04,0.01,0.0,0.0,0.0,0.0,0.0,0.0,sendmail,0
0,tcp,telnet,S0,0,0,0,0,0,0,0,0,0,0,0,0,0,0,0,0,0,0,39,13,1.0,1.0,0.0,0.0,0.33,0.08,0.0,255,69,0.27,0.02,0.0,0.0,0.96,0.96,0.0,0.01,neptune,18
0,icmp,eco_i,SF,20,0,0,0,0,0,0,0,0,0,0,0,0,0,0,0,0,0,1,73,0.0,0.0,0.0,0.0,1.0,0.0,1.0,4,255,1.0,0.0,1.0,0.25,0.0,0.0,0.0,0.0,saint,15
0,udp,domain_u,SF,46,46,0,0,0,0,0,0,0,0,0,0,0,0,0,0,0,0,158,158,0.0,0.0,0.0,0.0,1.0,0.0,0.0,255,255,1.0,0.0,0.0,0.0,0.0,0.0,0.0,0.0,normal,18
0,tcp,http,SF,54540,8314,0,0,0,2,0,1,1,0,0,0,0,0,0,0,0,0,5,5,0.0,0.0,0.0,0.0,1.0,0.0,0.0,255,255,1.0,0.0,0.0,0.0,0.0,0.0,0.05,0.05,back,16
0,tcp,telnet,S0,0,0,0,0,0,0,0,0,0,0,0,0,0,0,0,0,0,0,1,9,1.0,0.11,0.0,0.44,1.0,0.0,0.56,10,77,0.4,0.3,0.1,0.03,1.0,0.05,0.0,0.64,mscan,13
0,tcp,private,SH,0,0,0,0,0,0,0,0,0,0,0,0,0,0,0,0,0,0,1,1,1.0,1.0,0.0,0.0,1.0,0.0,0.0,65,1,0.02,1.0,1.0,0.0,1.0,1.0,0.0,0.0,nmap,18
0,tcp,private,SH,0,0,0,0,0,0,0,0,0,0,0,0,0,0,0,0,0,0,1,1,1.0,1.0,0.0,0.0,1.0,0.0,0.0,36,1,0.03,1.0,1.0,0.0,1.0,1.0,0.0,0.0,nmap,18
0,tcp,other,S0,0,0,0,0,0,0,0,0,0,0,0,0,0,0,0,0,0,0,428,1,0.16,1.0,0.84,0.0,0.0,1.0,0.0,255,1,0.0,0.96,0.0,0.0,0.13,1.0,0.86,0.0,satan,19
0,tcp,http,SF,54540,8314,0,0,0,2,0,1,1,0,0,0,0,0,0,0,0,0,5,5,0.0,0.0,0.0,0.0,1.0,0.0,0.0,255,255,1.0,0.0,0.0,0.0,0.0,0.0,0.03,0.03,back,16
1,tcp,telnet,SF,191,10965,0,0,0,0,0,1,0,1,0,3,0,0,0,0,0,0,1,1,0.0,0.0,0.0,0.0,1.0,0.0,0.0,255,1,0.0,0.02,0.0,0.0,0.0,0.0,0.0,0.0,sendmail,2
282,tcp,ftp,SF,158,597,0,0,0,2,0,1,0,0,0,0,0,0,0,0,0,1,1,1,0.0,0.0,0.0,0.0,1.0,0.0,0.0,255,14,0.05,0.76,0.0,0.0,0.0,0.0,0.75,0.0,warezmaster,12
0,tcp,private,RSTR,0,0,0,0,0,0,0,0,0,0,0,0,0,0,0,0,0,0,1,1,0.0,0.0,1.0,1.0,1.0,0.0,0.0,255,1,0.0,0.86,0.84,0.0,0.0,0.0,0.83,1.0,portsweep,18
0,tcp,telnet,S0,0,0,0,0,0,0,0,0,0,0,0,0,0,0,0,0,0,0,123,123,1.0,1.0,0.0,0.0,1.0,0.0,0.0,255,255,1.0,0.0,0.0,0.0,1.0,1.0,0.0,0.0,neptune,18
0,icmp,ecr_i,SF,1032,0,0,0,0,0,0,0,0,0,0,0,0,0,0,0,0,0,30,30,0.0,0.0,0.0,0.0,1.0,0.0,0.0,255,255,1.0,0.0,1.0,0.0,0.0,0.0,0.0,0.0,smurf,18
0,icmp,ecr_i,SF,1032,0,0,0,0,0,0,0,0,0,0,0,0,0,0,0,0,0,510,510,0.0,0.0,0.0,0.0,1.0,0.0,0.0,255,187,0.73,0.01,0.73,0.0,0.0,0.0,0.0,0.0,smurf,20
0,icmp,ecr_i,SF,1032,0,0,0,0,0,0,0,0,0,0,0,0,0,0,0,0,0,21,21,0.0,0.0,0.0,0.0,1.0,0.0,0.0,255,255,1.0,0.0,1.0,0.0,0.0,0.0,0.0,0.0,smurf,19
807,tcp,http,RSTR,29824,0,0,0,0,0,0,1,0,0,0,0,0,0,0,0,0,0,44,44,0.02,0.02,0.98,0.98,1.0,0.0,0.0,255,253,0.99,0.01,0.0,0.0,0.01,0.01,0.68,0.68,apache2,15
5,tcp,pop_3,SF,0,0,0,0,0,0,0,0,0,0,0,0,0,0,0,0,0,0,1,1,0.0,0.0,0.0,0.0,1.0,0.0,0.0,201,51,0.2,0.02,0.0,0.04,0.0,0.0,0.16,0.22,mscan,7
0,tcp,ftp_data,SF,195,0,0,0,0,0,0,0,0,0,0,0,0,0,0,0,0,0,1,1,0.0,0.0,0.0,0.0,1.0,0.0,0.0,19,32,0.47,0.16,0.47,0.06,0.0,0.0,0.05,0.0,rootkit,0
0,tcp,private,SH,0,0,0,0,0,0,0,0,0,0,0,0,0,0,0,0,0,0,1,1,1.0,1.0,0.0,0.0,1.0,0.0,0.0,186,1,0.01,1.0,0.99,0.0,0.99,1.0,0.0,0.0,nmap,18
798,tcp,http,RSTR,74024,0,0,0,0,0,0,1,0,0,0,0,0,0,0,0,0,0,87,87,0.02,0.02,0.98,0.98,1.0,0.0,0.0,255,253,0.99,0.01,0.0,0.0,0.01,0.01,0.47,0.47,apache2,14
0,tcp,telnet,SF,120,188,0,0,0,0,1,0,0,0,0,0,0,0,0,0,0,0,2,2,0.0,0.0,0.0,0.0,1.0,0.0,0.0,255,93,0.36,0.02,0.0,0.0,0.0,0.0,0.01,0.03,guess_passwd,11
5,tcp,pop_3,SF,0,0,0,0,0,0,0,0,0,0,0,0,0,0,0,0,0,0,3,1,0.0,0.0,0.33,0.0,0.33,1.0,0.0,255,51,0.2,0.02,0.0,0.0,0.0,0.0,0.17,0.0,mscan,15
0,tcp,private,SH,0,0,0,0,0,0,0,0,0,0,0,0,0,0,0,0,0,0,1,1,1.0,1.0,0.0,0.0,1.0,0.0,0.0,125,1,0.01,1.0,1.0,0.0,1.0,1.0,0.0,0.0,nmap,20
0,icmp,eco_i,SF,8,0,0,0,0,0,0,0,0,0,0,0,0,0,0,0,0,0,1,27,0.0,0.0,0.0,0.0,1.0,0.0,1.0,2,20,1.0,0.0,1.0,0.5,0.0,0.0,0.0,0.0,ipsweep,15
0,tcp,other,REJ,0,0,0,0,0,0,0,0,0,0,0,0,0,0,0,0,0,0,511,1,0.14,0.0,0.86,1.0,0.0,1.0,0.0,255,1,0.0,0.99,0.0,0.0,0.12,0.0,0.88,1.0,satan,20
1,tcp,imap4,RSTO,0,44,0,0,0,0,0,0,0,0,0,0,0,0,0,0,0,0,2,5,0.0,0.0,1.0,1.0,0.5,1.0,1.0,255,55,0.22,0.02,0.0,0.0,0.0,0.0,0.8,0.98,mscan,13
0,icmp,ecr_i,SF,1480,0,0,1,0,0,0,0,0,0,0,0,0,0,0,0,0,0,1,3,0.0,0.0,0.0,0.0,1.0,0.0,0.67,1,11,1.0,0.0,1.0,0.55,0.0,0.0,0.0,0.0,pod,15
0,tcp,finger,S0,0,0,0,0,0,0,0,0,0,0,0,0,0,0,0,0,0,0,44,12,1.0,1.0,0.0,0.0,0.27,0.09,0.0,255,59,0.23,0.02,0.01,0.0,0.97,1.0,0.0,0.0,neptune,19
0,tcp,ftp_data,SF,12,0,0,0,0,0,0,0,0,0,0,0,0,0,0,0,0,0,1,1,0.0,0.0,0.0,0.0,1.0,0.0,0.0,3,29,1.0,0.0,1.0,0.14,0.0,0.0,0.0,0.0,warezmaster,14
0,icmp,ecr_i,SF,1480,0,0,1,0,0,0,0,0,0,0,0,0,0,0,0,0,0,1,3,0.0,0.0,0.0,0.0,1.0,0.0,0.67,1,255,1.0,0.0,1.0,0.01,0.0,0.0,0.0,0.0,pod,15
0,icmp,ecr_i,SF,1480,0,0,1,0,0,0,0,0,0,0,0,0,0,0,0,0,0,1,3,0.0,0.0,0.0,0.0,1.0,0.0,0.67,1,25,1.0,0.0,1.0,0.52,0.0,0.0,0.0,0.0,pod,17
0,tcp,ftp_data,SF,10946,0,0,0,0,0,0,0,0,0,0,0,0,0,0,0,0,0,1,2,0.0,0.0,0.0,0.0,1.0,0.0,1.0,3,1,0.33,0.67,0.33,0.0,0.0,0.0,0.0,0.0,xterm,0
9,tcp,telnet,SF,4209,7872,0,0,0,0,0,1,0,0,0,0,0,0,0,0,0,0,1,1,0.0,0.0,0.0,0.0,1.0,0.0,0.0,71,1,0.01,0.07,0.01,0.0,0.0,0.0,0.0,0.0,worm,0
4,tcp,pop_3,SF,32,93,0,0,0,0,0,1,0,0,0,0,0,0,0,0,0,0,1,1,0.0,0.0,0.0,0.0,1.0,0.0,0.0,255,140,0.55,0.02,0.0,0.0,0.0,0.0,0.17,0.02,guess_passwd,13
0,udp,private,SF,45,0,0,0,0,0,0,0,0,0,0,0,0,0,0,0,0,0,3,3,0.0,0.0,0.0,0.0,1.0,0.0,0.0,255,254,1.0,0.01,0.0,0.0,0.0,0.0,0.0,0.0,snmpguess,16
0,tcp,other,REJ,0,0,0,0,0,0,0,0,0,0,0,0,0,0,0,0,0,0,1,1,0.0,0.0,1.0,1.0,1.0,0.0,0.0,255,19,0.07,0.01,0.0,0.0,0.0,0.0,0.07,0.89,httptunnel,15
0,tcp,other,REJ,0,0,0,0,0,0,0,0,0,0,0,0,0,0,0,0,0,0,463,1,0.07,0.0,0.93,1.0,0.0,1.0,0.0,255,1,0.0,1.0,0.0,0.0,0.07,0.0,0.93,1.0,satan,19
1,tcp,smtp,SF,2599,293,0,0,0,0,0,1,0,0,0,0,0,0,0,0,0,0,2,2,0.0,0.0,0.0,0.0,1.0,0.0,0.0,255,30,0.12,0.16,0.0,0.0,0.0,0.0,0.86,0.0,mailbomb,12
3,tcp,telnet,SF,191,12615,0,0,0,0,0,1,0,1,0,3,0,0,0,0,0,0,1,1,0.0,0.0,0.0,0.0,1.0,0.0,0.0,255,7,0.03,0.02,0.0,0.0,0.01,0.14,0.01,0.43,sendmail,8
0,tcp,http,S0,0,0,0,0,0,0,0,0,0,0,0,0,0,0,0,0,0,0,79,79,1.0,1.0,0.0,0.0,1.0,0.0,0.0,255,255,1.0,0.0,0.0,0.0,0.38,0.38,0.62,0.62,apache2,17
0,tcp,netbios_ns,S0,0,0,0,0,0,0,0,0,0,0,0,0,0,0,0,0,0,0,141,5,1.0,1.0,0.0,0.0,0.04,0.09,0.0,255,5,0.02,0.09,0.0,0.0,1.0,1.0,0.0,0.0,neptune,20
0,tcp,finger,S0,0,0,1,0,0,0,0,0,0,0,0,0,0,0,0,0,0,0,1,2,1.0,1.0,0.0,0.0,1.0,0.0,1.0,1,1,1.0,0.0,1.0,0.0,1.0,1.0,0.0,0.0,land,19
0,tcp,private,RSTR,0,0,0,0,0,0,0,0,0,0,0,0,0,0,0,0,0,0,1,1,0.0,0.0,1.0,1.0,1.0,0.0,0.0,255,1,0.0,0.72,0.71,0.0,0.0,0.0,0.72,1.0,portsweep,18
0,tcp,private,SH,0,0,0,0,0,0,0,0,0,0,0,0,0,0,0,0,0,0,1,1,1.0,1.0,0.0,0.0,1.0,0.0,0.0,112,1,0.01,1.0,1.0,0.0,1.0,1.0,0.0,0.0,nmap,18
0,udp,private,SF,41,0,0,0,0,0,0,0,0,0,0,0,0,0,0,0,0,0,4,4,0.0,0.0,0.0,0.0,1.0,0.0,0.0,255,254,1.0,0.01,0.0,0.0,0.0,0.0,0.0,0.0,snmpguess,16
0,icmp,eco_i,SF,20,0,0,0,0,0,0,0,0,0,0,0,0,0,0,0,0,0,1,60,0.0,0.0,0.0,0.0,1.0,0.0,1.0,3,183,1.0,0.0,1.0,0.25,0.0,0.0,0.0,0.0,saint,16
242,tcp,telnet,SF,504,27200,0,0,1,2,0,1,165,1,0,173,3,0,2,0,0,0,1,1,0.0,0.0,0.0,0.0,1.0,0.0,0.0,2,2,1.0,0.0,0.5,0.0,0.0,0.0,0.0,0.0,xterm,0
0,tcp,other,REJ,0,0,0,0,0,0,0,0,0,0,0,0,0,0,0,0,0,0,1,1,0.0,0.0,1.0,1.0,1.0,0.0,0.0,255,15,0.06,0.01,0.0,0.0,0.0,0.0,0.04,0.6,httptunnel,15
0,tcp,telnet,SF,120,174,0,0,0,0,1,0,0,0,0,0,0,0,0,0,0,0,1,1,0.0,0.0,0.0,0.0,1.0,0.0,0.0,255,239,0.94,0.02,0.0,0.0,0.0,0.0,0.02,0.03,guess_passwd,15
0,tcp,other,REJ,0,0,0,0,0,0,0,0,0,0,0,0,0,0,0,0,0,0,431,1,0.06,0.0,0.94,1.0,0.0,1.0,0.0,255,1,0.0,1.0,0.01,0.0,0.06,0.0,0.94,1.0,saint,18
0,tcp,http,SF,54540,8314,0,0,0,2,0,1,1,0,0,0,0,0,0,0,0,0,3,4,0.0,0.0,0.0,0.0,1.0,0.0,0.5,255,251,0.98,0.01,0.0,0.0,0.0,0.0,0.0,0.0,back,13
1,tcp,telnet,SF,117,1357,0,0,0,0,0,1,0,0,0,0,0,0,0,0,0,0,1,1,0.0,0.0,0.0,0.0,1.0,0.0,0.0,26,2,0.08,0.12,0.04,0.0,0.0,0.0,0.0,0.0,ps,3
0,tcp,private,RSTR,0,0,0,0,0,0,0,0,0,0,0,0,0,0,0,0,0,0,1,1,0.0,0.0,1.0,1.0,1.0,0.0,0.0,149,1,0.01,0.66,0.65,0.0,0.0,0.0,0.66,1.0,portsweep,15
0,tcp,ctf,REJ,0,0,0,0,0,0,0,0,0,0,0,0,0,0,0,0,0,0,205,12,0.0,0.0,1.0,1.0,0.06,0.06,0.0,255,12,0.05,0.06,0.0,0.0,0.0,0.0,1.0,1.0,neptune,19
0,tcp,private,REJ,0,0,0,0,0,0,0,0,0,0,0,0,0,0,0,0,0,0,2,1,0.0,0.0,1.0,1.0,0.5,1.0,0.0,255,1,0.0,0.77,0.7,0.0,0.0,0.0,0.71,1.0,portsweep,18
788,tcp,http,RSTR,1024,0,0,0,0,0,0,1,0,0,0,0,0,0,0,0,0,0,52,52,0.12,0.12,0.88,0.88,1.0,0.0,0.0,255,254,1.0,0.01,0.0,0.0,0.03,0.03,0.73,0.73,apache2,14
1,tcp,smtp,SF,2599,293,0,0,0,0,0,1,0,0,0,0,0,0,0,0,0,0,3,3,0.0,0.0,0.0,0.0,1.0,0.0,0.0,255,227,0.89,0.11,0.0,0.0,0.0,0.0,0.1,0.0,mailbomb,14
0,tcp,private,REJ,0,0,0,0,0,0,0,0,0,0,0,0,0,0,0,0,0,0,3,1,0.0,0.0,0.67,1.0,0.33,1.0,0.0,255,1,0.0,0.98,0.97,0.0,0.01,0.0,0.96,1.0,portsweep,18
0,udp,private,SF,105,147,0,0,0,0,0,0,0,0,0,0,0,0,0,0,0,0,1,1,0.0,0.0,0.0,0.0,1.0,0.0,0.0,185,183,0.99,0.01,0.01,0.0,0.0,0.0,0.0,0.0,snmpgetattack,1
218,tcp,X11,SF,181832,24172,0,0,0,0,0,0,0,0,0,0,0,0,0,0,0,0,1,1,0.0,0.0,0.0,0.0,1.0,0.0,0.0,170,2,0.01,0.04,0.01,0.0,0.0,0.0,0.0,0.0,xlock,1
0,tcp,smtp,REJ,0,0,0,0,0,0,0,0,0,0,0,0,0,0,0,0,0,0,1,1,0.0,0.0,1.0,1.0,1.0,0.0,0.0,255,3,0.01,0.95,0.0,0.0,0.14,0.0,0.86,1.0,normal,11
0,udp,other,SF,146,146,0,0,0,0,0,0,0,0,0,0,0,0,0,0,0,0,1,1,0.0,0.0,0.0,0.0,1.0,0.0,0.0,47,21,0.45,0.09,1.0,0.0,0.0,0.0,0.0,0.0,snmpgetattack,0
1,tcp,smtp,SF,2599,293,0,0,0,0,0,1,0,0,0,0,0,0,0,0,0,0,4,3,0.0,0.0,0.25,0.0,0.75,0.5,0.0,255,88,0.35,0.14,0.0,0.0,0.0,0.0,0.64,0.0,mailbomb,12
0,tcp,sunrpc,REJ,0,0,0,0,0,0,0,0,0,0,0,0,0,0,0,0,0,0,1,3,0.0,0.0,1.0,1.0,1.0,0.0,1.0,255,24,0.09,0.03,0.0,0.0,0.0,0.0,0.42,1.0,mscan,13
0,tcp,other,REJ,0,0,0,0,0,0,0,0,0,0,0,0,0,0,0,0,0,0,511,1,0.04,0.0,0.96,1.0,0.0,1.0,0.0,255,1,0.0,1.0,0.0,0.0,0.05,0.0,0.95,1.0,saint,20
0,tcp,other,REJ,0,0,0,0,0,0,0,0,0,0,0,0,0,0,0,0,0,0,1,1,0.0,0.0,1.0,1.0,1.0,0.0,0.0,255,49,0.19,0.02,0.0,0.0,0.0,0.0,0.17,0.84,httptunnel,15
0,tcp,other,REJ,0,0,0,0,0,0,0,0,0,0,0,0,0,0,0,0,0,0,1,1,0.0,0.0,1.0,1.0,1.0,0.0,0.0,255,31,0.12,0.02,0.0,0.0,0.0,0.0,0.1,0.74,httptunnel,15
0,icmp,ecr_i,SF,1032,0,0,0,0,0,0,0,0,0,0,0,0,0,0,0,0,0,293,293,0.0,0.0,0.0,0.0,1.0,0.0,0.0,255,255,1.0,0.0,1.0,0.0,0.0,0.0,0.0,0.0,smurf,19
0,icmp,ecr_i,SF,1032,0,0,0,0,0,0,0,0,0,0,0,0,0,0,0,0,0,387,387,0.0,0.0,0.0,0.0,1.0,0.0,0.0,255,255,1.0,0.0,1.0,0.0,0.0,0.0,0.0,0.0,smurf,19
0,tcp,http,SF,54540,8314,0,0,0,2,0,1,1,0,0,0,0,0,0,0,0,0,4,5,0.0,0.0,0.0,0.0,1.0,0.0,0.4,255,243,0.95,0.01,0.0,0.0,0.0,0.0,0.06,0.06,back,11
0,tcp,other,REJ,0,0,0,0,0,0,0,0,0,0,0,0,0,0,0,0,0,0,487,1,0.03,0.0,0.97,1.0,0.0,1.0,0.0,255,1,0.0,1.0,0.0,0.0,0.02,0.0,0.98,1.0,saint,20
0,tcp,http,SF,54540,8314,0,0,0,2,0,1,1,0,0,0,0,0,0,0,0,0,3,3,0.0,0.0,0.33,0.33,1.0,0.0,0.0,255,242,0.95,0.01,0.0,0.0,0.0,0.0,0.06,0.06,back,13
0,udp,private,SF,46,0,0,0,0,0,0,0,0,0,0,0,0,0,0,0,0,0,3,3,0.0,0.0,0.0,0.0,1.0,0.0,0.0,255,255,1.0,0.0,0.01,0.0,0.0,0.0,0.0,0.0,snmpguess,17
0,icmp,eco_i,SF,8,0,0,0,0,0,0,0,0,0,0,0,0,0,0,0,0,0,1,44,0.0,0.0,0.0,0.0,1.0,0.0,1.0,2,79,1.0,0.0,1.0,0.51,0.0,0.0,0.0,0.0,ipsweep,17
0,icmp,ecr_i,SF,1480,0,0,1,0,0,0,0,0,0,0,0,0,0,0,0,0,0,1,3,0.0,0.0,0.0,0.0,1.0,0.0,0.67,2,15,0.5,1.0,0.5,0.53,0.0,0.0,0.0,0.0,pod,14
0,tcp,http,SF,54540,8314,0,0,0,2,0,1,1,0,0,0,0,0,0,0,0,0,4,16,0.0,0.0,0.0,0.0,1.0,0.0,0.12,255,255,1.0,0.0,0.0,0.0,0.01,0.01,0.05,0.05,back,12
0,tcp,sunrpc,REJ,0,0,0,0,0,0,0,0,0,0,0,0,0,0,0,0,0,0,1,3,0.0,0.0,1.0,1.0,1.0,0.0,1.0,255,7,0.03,0.03,0.0,0.0,0.0,0.0,0.19,1.0,mscan,13
0,icmp,eco_i,SF,20,0,0,0,0,0,0,0,0,0,0,0,0,0,0,0,0,0,1,57,0.0,0.0,0.0,0.0,1.0,0.0,1.0,2,178,1.0,0.0,1.0,0.25,0.0,0.0,0.0,0.0,saint,15
4,tcp,pop_3,SF,32,93,0,0,0,0,0,1,0,0,0,0,0,0,0,0,0,0,1,1,0.0,0.0,0.0,0.0,1.0,0.0,0.0,255,141,0.55,0.02,0.0,0.0,0.0,0.0,0.16,0.0,guess_passwd,16
0,tcp,http,SF,54540,8314,0,0,0,2,0,1,1,0,0,0,0,0,0,0,0,0,3,3,0.0,0.0,0.0,0.0,1.0,0.0,0.0,255,254,1.0,0.01,0.0,0.0,0.0,0.0,0.01,0.01,back,16
0,udp,private,SF,105,147,0,0,0,0,0,0,0,0,0,0,0,0,0,0,0,0,2,2,0.0,0.0,0.0,0.0,1.0,0.0,0.0,255,254,1.0,0.01,0.0,0.0,0.0,0.0,0.0,0.0,snmpgetattack,9
89,tcp,telnet,SF,3750,27510,0,0,2,3,0,1,23,1,0,0,0,0,0,0,0,0,1,1,0.0,0.0,0.0,0.0,1.0,0.0,0.0,4,90,0.5,0.5,0.25,0.03,0.0,0.01,0.0,0.62,xterm,1
8212,tcp,telnet,SF,0,15,0,0,0,0,0,0,0,0,0,0,0,0,0,0,0,0,1,1,0.0,0.0,0.0,0.0,1.0,0.0,0.0,255,65,0.25,0.02,0.0,0.0,0.76,0.78,0.01,0.03,processtable,18
0,tcp,private,SH,0,0,0,0,0,0,0,0,0,0,0,0,0,0,0,0,0,0,1,1,1.0,1.0,0.0,0.0,1.0,0.0,0.0,39,1,0.03,1.0,1.0,0.0,1.0,1.0,0.0,0.0,nmap,18
0,tcp,telnet,S0,0,0,0,0,0,0,0,0,0,0,0,0,0,0,0,0,0,0,1,14,1.0,0.36,0.0,0.36,1.0,0.0,0.71,38,87,0.37,0.08,0.03,0.03,1.0,1.0,0.0,0.0,mscan,18
0,icmp,tim_i,SF,564,0,0,0,0,0,0,0,0,0,0,0,0,0,0,0,0,0,3,2,0.0,0.0,0.0,0.0,0.67,0.67,0.0,225,2,0.01,0.03,0.01,0.0,0.0,0.0,0.0,0.0,pod,1
4,tcp,pop_3,SF,28,93,0,0,0,0,0,1,0,0,0,0,0,0,0,0,0,0,1,1,0.0,0.0,0.0,0.0,1.0,0.0,0.0,133,117,0.87,0.02,0.01,0.02,0.0,0.0,0.08,0.0,guess_passwd,8
0,icmp,eco_i,SF,18,0,0,0,0,0,0,0,0,0,0,0,0,0,0,0,0,0,1,1,0.0,0.0,0.0,0.0,1.0,0.0,0.0,1,217,1.0,0.0,1.0,1.0,0.0,0.0,0.0,0.0,ipsweep,15
0,tcp,other,REJ,0,0,0,0,0,0,0,0,0,0,0,0,0,0,0,0,0,0,1,1,0.0,0.0,1.0,1.0,1.0,0.0,0.0,123,21,0.17,0.06,0.01,0.0,0.0,0.0,0.12,0.71,httptunnel,11
0,tcp,domain,SF,1562,0,0,0,0,0,0,0,0,0,0,0,0,0,0,0,0,0,1,1,0.0,0.0,0.0,0.0,1.0,0.0,0.0,5,1,0.2,0.4,0.2,0.0,0.0,0.0,0.0,0.0,named,3
282,tcp,ftp,SF,158,597,0,0,0,2,0,1,0,0,0,0,0,0,0,0,0,1,1,1,0.0,0.0,0.0,0.0,1.0,0.0,0.0,255,16,0.06,0.88,0.0,0.0,0.0,0.0,0.86,0.0,warezmaster,12
0,tcp,private,SH,0,0,0,0,0,0,0,0,0,0,0,0,0,0,0,0,0,0,1,1,1.0,1.0,0.0,0.0,1.0,0.0,0.0,87,1,0.01,1.0,1.0,0.0,1.0,1.0,0.0,0.0,nmap,18
0,tcp,http,SF,54540,8314,0,0,0,2,0,1,1,0,0,0,0,0,0,0,0,0,4,4,0.0,0.0,0.0,0.0,1.0,0.0,0.0,255,251,0.98,0.01,0.0,0.0,0.0,0.0,0.01,0.01,back,16
0,udp,private,SF,105,146,0,0,0,0,0,0,0,0,0,0,0,0,0,0,0,0,1,1,0.0,0.0,0.0,0.0,1.0,0.0,0.0,255,254,1.0,0.01,0.02,0.0,0.0,0.0,0.0,0.0,normal,14
0,udp,private,SF,47,0,0,0,0,0,0,0,0,0,0,0,0,0,0,0,0,0,4,4,0.0,0.0,0.0,0.0,1.0,0.0,0.0,255,253,0.99,0.01,0.01,0.0,0.0,0.0,0.0,0.0,snmpguess,15
7220,tcp,telnet,SF,0,44,0,0,0,0,0,0,0,0,0,0,0,0,0,0,0,0,1,1,0.0,0.0,0.0,0.0,1.0,0.0,0.0,255,253,0.99,0.01,0.0,0.0,0.27,0.27,0.01,0.0,processtable,14
0,tcp,private,REJ,0,0,0,0,0,0,0,0,0,0,0,0,0,0,0,0,0,0,2,1,0.0,0.0,1.0,1.0,0.5,1.0,0.0,255,1,0.0,0.75,0.65,0.0,0.0,0.0,0.65,1.0,portsweep,18
0,tcp,name,S0,0,0,0,0,0,0,0,0,0,0,0,0,0,0,0,0,0,0,251,5,1.0,1.0,0.0,0.0,0.02,0.06,0.0,255,5,0.02,0.07,0.0,0.0,1.0,1.0,0.0,0.0,neptune,20
0,udp,private,SF,105,147,0,0,0,0,0,0,0,0,0,0,0,0,0,0,0,0,3,3,0.0,0.0,0.0,0.0,1.0,0.0,0.0,255,255,1.0,0.0,0.0,0.0,0.0,0.0,0.0,0.0,normal,19
7,tcp,other,REJ,0,0,0,0,0,0,0,0,0,0,0,0,0,0,0,0,0,0,436,1,0.05,0.0,0.95,1.0,0.0,1.0,0.0,255,1,0.0,1.0,0.0,0.0,0.05,0.0,0.95,1.0,saint,17
0,udp,private,SF,105,147,0,0,0,0,0,0,0,0,0,0,0,0,0,0,0,0,1,1,0.0,0.0,0.0,0.0,1.0,0.0,0.0,86,85,0.99,0.02,0.01,0.0,0.0,0.0,0.0,0.0,snmpgetattack,1
0,tcp,ftp_data,SF,12,0,0,0,0,0,0,0,0,0,0,0,0,0,0,0,0,0,1,1,0.0,0.0,0.0,0.0,1.0,0.0,0.0,127,27,0.21,0.06,0.21,0.0,0.0,0.0,0.0,0.0,warezmaster,4
2224,tcp,telnet,SF,3548,37496,0,0,0,0,1,1,15,0,0,3,4,0,1,0,0,0,1,1,0.0,0.0,0.0,0.0,1.0,0.0,0.0,255,164,0.64,0.02,0.0,0.0,0.59,0.91,0.02,0.01,buffer_overflow,12
0,tcp,telnet,S3,0,44,0,0,0,0,0,0,0,0,0,0,0,0,0,0,0,0,1,1,1.0,1.0,0.0,0.0,1.0,0.0,0.0,255,66,0.26,0.66,0.0,0.0,0.16,0.62,0.64,0.0,processtable,18
8176,tcp,telnet,SF,0,15,0,0,0,0,0,0,0,0,0,0,0,0,0,0,0,0,1,3,0.0,0.0,0.0,0.33,1.0,0.0,0.67,255,47,0.18,0.04,0.0,0.0,0.0,0.02,0.09,0.26,processtable,7
0,tcp,http,SF,54540,8314,0,0,0,2,0,1,1,0,0,0,0,0,0,0,0,0,5,5,0.0,0.0,0.0,0.0,1.0,0.0,0.0,255,238,0.93,0.01,0.0,0.0,0.0,0.0,0.02,0.02,back,12
0,tcp,domain,REJ,0,0,0,0,0,0,0,0,0,0,0,0,0,0,0,0,0,0,1,1,0.0,0.0,1.0,1.0,1.0,0.0,0.0,1,1,1.0,0.0,1.0,0.0,0.0,0.0,1.0,1.0,named,4
0,tcp,private,REJ,0,0,0,0,0,0,0,0,0,0,0,0,0,0,0,0,0,0,2,1,0.0,0.0,1.0,1.0,0.5,1.0,0.0,255,1,0.0,1.0,0.99,0.0,0.0,0.0,0.99,1.0,portsweep,18
0,udp,private,SF,105,147,0,0,0,0,0,0,0,0,0,0,0,0,0,0,0,0,1,1,0.0,0.0,0.0,0.0,1.0,0.0,0.0,255,255,1.0,0.0,0.01,0.0,0.0,0.0,0.0,0.0,snmpgetattack,4
0,tcp,http,S0,0,0,0,0,0,0,0,0,0,0,0,0,0,0,0,0,0,0,113,113,1.0,1.0,0.0,0.0,1.0,0.0,0.0,255,255,1.0,0.0,0.0,0.0,0.66,0.66,0.31,0.31,apache2,18
0,tcp,private,SH,0,0,0,0,0,0,0,0,0,0,0,0,0,0,0,0,0,0,1,1,1.0,1.0,0.0,0.0,1.0,0.0,0.0,167,1,0.01,1.0,1.0,0.0,1.0,1.0,0.0,0.0,nmap,18
0,tcp,telnet,S3,0,44,0,0,0,0,0,0,0,0,0,0,0,0,0,0,0,0,1,1,1.0,1.0,0.0,0.0,1.0,0.0,0.0,255,87,0.34,0.03,0.0,0.0,0.03,0.09,0.11,0.15,processtable,18
0,tcp,telnet,S3,0,44,0,0,0,0,0,0,0,0,0,0,0,0,0,0,0,0,1,1,1.0,1.0,0.0,0.0,1.0,0.0,0.0,255,85,0.33,0.59,0.0,0.0,0.24,0.71,0.58,0.0,processtable,19
0,tcp,http,SF,54540,8314,0,0,0,2,0,1,1,0,0,0,0,0,0,0,0,0,1,1,0.0,0.0,0.0,0.0,1.0,0.0,0.0,255,250,0.98,0.01,0.0,0.0,0.0,0.0,0.0,0.0,back,14
0,udp,private,SF,105,0,0,0,0,0,0,0,0,0,0,0,0,0,0,0,0,0,5,5,0.0,0.0,0.0,0.0,1.0,0.0,0.0,255,255,1.0,0.0,0.01,0.0,0.0,0.0,0.0,0.0,normal,19
0,udp,private,SF,45,0,0,0,0,0,0,0,0,0,0,0,0,0,0,0,0,0,4,4,0.0,0.0,0.0,0.0,1.0,0.0,0.0,255,253,0.99,0.01,0.01,0.0,0.0,0.0,0.0,0.0,snmpguess,15
43,tcp,telnet,SF,260,2611,0,0,0,0,0,1,0,1,0,2,2,1,0,0,0,0,1,1,0.0,0.0,0.0,0.0,1.0,0.0,0.0,255,13,0.05,0.02,0.0,0.0,0.0,0.0,0.03,0.62,perl,3
0,tcp,http,SF,54540,8314,0,0,0,2,0,1,1,0,0,0,0,0,0,0,0,0,6,6,0.0,0.0,0.0,0.0,1.0,0.0,0.0,255,239,0.94,0.01,0.0,0.0,0.0,0.0,0.02,0.02,back,12
0,tcp,smtp,REJ,0,0,0,0,0,0,0,0,0,0,0,0,0,0,0,0,0,0,1,1,0.0,0.0,1.0,1.0,1.0,0.0,0.0,200,84,0.27,0.03,0.0,0.02,0.0,0.0,0.01,0.02,normal,17
1,tcp,smtp,SF,2599,293,0,0,0,0,0,1,0,0,0,0,0,0,0,0,0,0,2,2,0.0,0.0,0.0,0.0,1.0,0.0,0.0,255,190,0.75,0.13,0.0,0.0,0.0,0.0,0.24,0.0,mailbomb,11
0,icmp,eco_i,SF,8,0,0,0,0,0,0,0,0,0,0,0,0,0,0,0,0,0,1,1,0.0,0.0,0.0,0.0,1.0,0.0,0.0,2,148,1.0,0.0,1.0,0.5,0.0,0.0,0.0,0.0,ipsweep,15
0,tcp,http,SF,263,1490,0,0,0,0,0,1,0,0,0,0,0,0,0,0,0,0,1,1,0.0,0.0,0.0,0.0,1.0,0.0,0.0,255,229,0.9,0.01,0.0,0.0,0.0,0.0,0.03,0.0,normal,18
0,tcp,telnet,S3,0,44,0,0,0,0,0,0,0,0,0,0,0,0,0,0,0,0,1,1,1.0,1.0,0.0,0.0,1.0,0.0,0.0,255,90,0.35,0.03,0.0,0.0,0.04,0.12,0.11,0.14,processtable,17
7290,tcp,telnet,SF,0,44,0,0,0,0,0,0,0,0,0,0,0,0,0,0,0,0,1,1,0.0,0.0,0.0,0.0,1.0,0.0,0.0,255,229,0.9,0.11,0.0,0.0,0.5,0.55,0.11,0.01,processtable,18
0,tcp,other,S0,0,0,0,0,0,0,0,0,0,0,0,0,0,0,0,0,0,0,478,1,0.16,1.0,0.83,0.0,0.0,1.0,0.0,255,1,0.0,0.17,0.0,0.0,0.02,1.0,0.17,0.0,satan,20
0,tcp,http,S0,0,0,0,0,0,0,0,0,0,0,0,0,0,0,0,0,0,0,35,35,0.83,0.83,0.14,0.14,1.0,0.0,0.0,255,255,1.0,0.0,0.0,0.0,0.16,0.16,0.7,0.7,apache2,18
1,tcp,smtp,SF,2599,293,0,0,0,0,0,1,0,0,0,0,0,0,0,0,0,0,2,2,0.0,0.0,0.0,0.0,1.0,0.0,0.0,255,114,0.45,0.15,0.0,0.0,0.0,0.0,0.54,0.0,mailbomb,11
0,udp,private,SF,49,0,0,0,0,0,0,0,0,0,0,0,0,0,0,0,0,0,3,3,0.0,0.0,0.0,0.0,1.0,0.0,0.0,255,255,1.0,0.0,0.01,0.0,0.0,0.0,0.0,0.0,snmpguess,17
0,tcp,private,REJ,0,0,0,0,0,0,0,0,0,0,0,0,0,0,0,0,0,0,444,1,0.04,0.0,0.93,1.0,0.0,1.0,0.0,255,1,0.0,1.0,0.0,0.0,0.06,0.0,0.89,1.0,saint,18
8088,tcp,telnet,SF,0,15,0,0,0,0,0,0,0,0,0,0,0,0,0,0,0,0,1,1,0.0,0.0,0.0,0.0,1.0,0.0,0.0,255,67,0.26,0.03,0.0,0.0,0.0,0.01,0.11,0.19,processtable,8
4,tcp,pop_3,SF,32,93,0,0,0,0,0,1,0,0,0,0,0,0,0,0,0,0,1,1,0.0,0.0,0.0,0.0,1.0,0.0,0.0,255,240,0.94,0.01,0.0,0.0,0.0,0.0,0.04,0.0,guess_passwd,17
0,tcp,http,SF,54540,8314,0,0,0,2,0,1,1,0,0,0,0,0,0,0,0,0,3,8,0.0,0.0,0.0,0.0,1.0,0.0,0.38,255,254,1.0,0.01,0.0,0.0,0.0,0.0,0.07,0.07,back,16
2067,tcp,http,RSTR,72564,0,0,0,0,0,0,1,0,0,0,0,0,0,0,0,0,0,9,9,0.0,0.0,1.0,1.0,1.0,0.0,0.0,255,244,0.96,0.01,0.0,0.0,0.02,0.02,0.5,0.52,apache2,15
0,udp,private,SF,50,47,0,0,0,0,0,0,0,0,0,0,0,0,0,0,0,0,505,505,0.0,0.0,0.0,0.0,1.0,0.0,0.0,255,255,1.0,0.0,1.0,0.0,0.0,0.0,0.0,0.0,normal,15
0,tcp,private,SH,0,0,0,0,0,0,0,0,0,0,0,0,0,0,0,0,0,0,1,1,1.0,1.0,0.0,0.0,1.0,0.0,0.0,76,1,0.01,1.0,1.0,0.0,1.0,1.0,0.0,0.0,nmap,19
2061,tcp,http,RSTR,72564,0,0,0,0,0,0,1,0,0,0,0,0,0,0,0,0,0,11,11,0.0,0.0,1.0,1.0,1.0,0.0,0.0,255,243,0.95,0.01,0.0,0.0,0.02,0.02,0.29,0.3,apache2,14
91,tcp,imap4,RSTO,1352,291,0,0,0,0,0,0,0,0,0,0,0,0,0,0,0,0,1,1,0.0,0.0,1.0,1.0,1.0,0.0,0.0,255,1,0.0,0.02,0.0,0.0,0.0,0.0,0.0,1.0,imap,11
0,udp,private,SF,46,0,0,0,0,0,0,0,0,0,0,0,0,0,0,0,0,0,2,2,0.0,0.0,0.0,0.0,1.0,0.0,0.0,255,255,1.0,0.0,0.02,0.0,0.0,0.0,0.0,0.0,snmpguess,16
0,tcp,telnet,REJ,0,0,0,0,0,0,0,0,0,0,0,0,0,0,0,0,0,0,3,32,0.0,0.12,1.0,0.81,0.33,1.0,0.94,10,87,0.3,0.5,0.1,0.03,0.0,0.0,0.6,0.66,mscan,14
0,udp,private,SF,105,146,0,0,0,0,0,0,0,0,0,0,0,0,0,0,0,0,2,1,0.0,0.0,0.0,0.0,0.5,1.0,0.0,255,253,0.99,0.01,0.0,0.0,0.0,0.0,0.0,0.0,snmpgetattack,2
8165,tcp,telnet,SF,0,15,0,0,0,0,0,0,0,0,0,0,0,0,0,0,0,0,1,1,0.0,0.0,0.0,0.0,1.0,0.0,0.0,255,20,0.08,0.81,0.0,0.0,0.0,0.0,0.8,0.0,processtable,12
31,tcp,telnet,SF,198,1608,0,0,0,1,0,1,1,0,0,1,2,1,0,0,0,0,1,1,0.0,0.0,0.0,0.0,1.0,0.0,0.0,29,3,0.1,0.1,0.03,0.0,0.0,0.0,0.0,0.0,ps,0
0,tcp,private,REJ,0,0,0,0,0,0,0,0,0,0,0,0,0,0,0,0,0,0,510,1,0.01,0.0,0.97,1.0,0.0,1.0,0.0,255,1,0.0,1.0,0.0,0.0,0.02,0.0,0.98,1.0,satan,20
0,icmp,tim_i,SF,564,0,0,0,0,0,0,0,0,0,0,0,0,0,0,0,0,0,1,1,0.0,0.0,0.0,0.0,1.0,0.0,0.0,224,1,0.0,0.03,0.0,0.0,0.0,0.0,0.0,0.0,pod,2
0,icmp,eco_i,SF,8,0,0,0,0,0,0,0,0,0,0,0,0,0,0,0,0,0,1,31,0.0,0.0,0.0,0.0,1.0,0.0,1.0,1,48,1.0,0.0,1.0,0.52,0.0,0.0,0.0,0.0,ipsweep,15
1,tcp,smtp,SF,2599,293,0,0,0,0,0,1,0,0,0,0,0,0,0,0,0,0,3,3,0.0,0.0,0.0,0.0,1.0,0.0,0.0,255,40,0.16,0.16,0.0,0.0,0.0,0.0,0.82,0.0,mailbomb,13
0,tcp,auth,SF,10,35,0,0,0,0,0,0,0,0,0,0,0,0,0,0,0,0,1,1,0.0,0.0,0.0,0.0,1.0,0.0,0.0,50,1,0.02,0.1,0.02,0.0,0.0,0.0,0.0,0.0,sendmail,0
0,icmp,eco_i,SF,18,0,0,0,0,0,0,0,0,0,0,0,0,0,0,0,0,0,1,1,0.0,0.0,0.0,0.0,1.0,0.0,0.0,1,56,1.0,0.0,1.0,1.0,0.0,0.0,0.0,0.0,ipsweep,18
4,tcp,pop_3,SF,27,93,0,0,0,0,0,1,0,0,0,0,0,0,0,0,0,0,1,1,0.0,0.0,0.0,0.0,1.0,0.0,0.0,67,65,0.96,0.03,0.01,0.03,0.0,0.0,0.0,0.0,guess_passwd,6
72,tcp,telnet,SF,2783,15142,0,0,0,10,0,1,2,1,0,0,0,0,0,0,0,0,1,1,0.0,0.0,0.0,0.0,1.0,0.0,0.0,255,56,0.22,0.15,0.0,0.0,0.0,0.0,0.98,0.98,buffer_overflow,4
0,udp,private,SF,46,0,0,0,0,0,0,0,0,0,0,0,0,0,0,0,0,0,6,6,0.0,0.0,0.0,0.0,1.0,0.0,0.0,255,255,1.0,0.0,0.0,0.0,0.0,0.0,0.0,0.0,snmpguess,15
0,tcp,private,SH,0,0,0,0,0,0,0,0,0,0,0,0,0,0,0,0,0,0,1,1,1.0,1.0,0.0,0.0,1.0,0.0,0.0,60,1,0.02,1.0,1.0,0.0,1.0,1.0,0.0,0.0,nmap,18
0,icmp,ecr_i,SF,1480,0,0,1,0,0,0,0,0,0,0,0,0,0,0,0,0,0,1,3,0.0,0.0,0.0,0.0,1.0,0.0,0.67,90,23,0.01,1.0,0.01,0.52,0.99,0.0,0.0,0.0,pod,15
0,tcp,http,SF,306,1075,0,0,0,0,0,1,0,0,0,0,0,0,0,0,0,0,5,25,0.0,0.0,0.0,0.0,1.0,0.0,0.12,255,253,0.99,0.01,0.0,0.0,0.21,0.21,0.55,0.55,normal,16
0,tcp,http,S0,0,0,0,0,0,0,0,0,0,0,0,0,0,0,0,0,0,0,64,64,1.0,1.0,0.0,0.0,1.0,0.0,0.0,255,255,1.0,0.0,0.0,0.0,0.82,0.82,0.15,0.15,apache2,19
6,tcp,telnet,SF,154,300,0,0,0,0,4,0,0,0,0,0,0,0,0,0,0,0,1,1,0.0,0.0,0.0,0.0,1.0,0.0,0.0,255,1,0.0,0.02,0.0,0.0,0.0,0.0,0.0,0.0,sendmail,3
0,tcp,private,RSTR,0,0,0,0,0,0,0,0,0,0,0,0,0,0,0,0,0,0,1,1,0.0,0.0,1.0,1.0,1.0,0.0,0.0,255,1,0.0,0.85,0.84,0.0,0.0,0.0,0.9,1.0,portsweep,18
7408,tcp,telnet,SF,0,44,0,0,0,0,0,0,0,0,0,0,0,0,0,0,0,0,1,1,0.0,0.0,0.0,0.0,1.0,0.0,0.0,255,222,0.87,0.02,0.0,0.0,0.33,0.38,0.12,0.06,processtable,18
6,tcp,ftp,SF,50,199,0,0,0,0,0,1,0,0,0,0,0,0,0,0,0,0,1,1,0.0,0.0,0.0,0.0,1.0,0.0,0.0,25,19,0.76,0.12,0.04,0.0,0.0,0.0,0.0,0.0,ps,5
1,tcp,smtp,SF,2599,293,0,0,0,0,0,1,0,0,0,0,0,0,0,0,0,0,2,2,0.0,0.0,0.0,0.0,1.0,0.0,0.0,255,21,0.08,0.16,0.0,0.0,0.0,0.0,0.9,0.0,mailbomb,12
281,tcp,ftp_data,SF,283618,0,0,0,0,0,0,0,0,0,0,0,0,0,0,0,0,0,1,1,0.0,0.0,0.0,0.0,1.0,0.0,0.0,3,3,1.0,0.0,1.0,0.0,0.0,0.0,0.0,0.0,warezmaster,19
20,tcp,ftp,SF,74,320,0,0,0,1,0,1,0,0,0,0,1,0,1,0,0,1,1,1,0.0,0.0,0.0,0.0,1.0,0.0,0.0,255,23,0.09,0.02,0.0,0.0,0.53,0.0,0.02,0.0,ftp_write,12
67,tcp,telnet,SF,212,3098,0,0,0,2,0,1,3,0,0,4,0,0,0,0,0,1,1,1,0.0,0.0,0.0,0.0,1.0,0.0,0.0,255,1,0.0,0.01,0.0,0.0,0.0,0.0,0.0,0.0,multihop,0
0,icmp,eco_i,SF,20,0,0,0,0,0,0,0,0,0,0,0,0,0,0,0,0,0,1,68,0.0,0.0,0.0,0.0,1.0,0.0,1.0,4,134,1.0,0.0,1.0,0.26,0.0,0.0,0.0,0.0,saint,16
0,tcp,smtp,SF,0,83,0,0,0,0,0,1,0,0,0,0,0,0,0,0,0,0,1,1,0.0,0.0,0.0,0.0,1.0,0.0,0.0,148,200,0.78,0.03,0.01,0.01,0.0,0.0,0.01,0.01,normal,18
0,tcp,sunrpc,REJ,0,0,0,0,0,0,0,0,0,0,0,0,0,0,0,0,0,0,5,4,0.0,0.0,0.8,1.0,0.2,0.8,1.0,255,37,0.15,0.03,0.0,0.0,0.0,0.0,0.69,1.0,mscan,14
0,tcp,netbios_dgm,REJ,0,0,0,0,0,0,0,0,0,0,0,0,0,0,0,0,0,0,238,1,0.0,0.0,1.0,1.0,0.0,0.07,0.0,255,1,0.0,0.06,0.0,0.0,0.0,0.0,1.0,1.0,neptune,19
0,tcp,ftp_data,SF,12,0,0,0,0,0,0,0,0,0,0,0,0,0,0,0,0,0,1,1,0.0,0.0,0.0,0.0,1.0,0.0,0.0,3,27,1.0,0.0,1.0,0.19,0.0,0.04,0.0,0.0,warezmaster,15
0,icmp,eco_i,SF,18,0,0,0,0,0,0,0,0,0,0,0,0,0,0,0,0,0,1,1,0.0,0.0,0.0,0.0,1.0,0.0,0.0,1,47,1.0,0.0,1.0,1.0,0.0,0.0,0.0,0.0,ipsweep,18
2075,tcp,http,RSTR,72564,0,0,0,0,0,0,1,0,0,0,0,0,0,0,0,0,0,10,10,0.0,0.0,1.0,1.0,1.0,0.0,0.0,255,232,0.91,0.02,0.0,0.0,0.0,0.0,0.09,0.1,apache2,15
0,icmp,ecr_i,SF,1480,0,0,1,0,0,0,0,0,0,0,0,0,0,0,0,0,0,1,3,0.0,0.0,0.0,0.0,1.0,0.0,0.67,1,9,1.0,0.0,1.0,0.56,0.0,0.0,0.0,0.0,pod,15
0,tcp,http,S0,0,0,0,0,0,0,0,0,0,0,0,0,0,0,0,0,0,0,9,9,1.0,1.0,0.0,0.0,1.0,0.0,0.0,255,245,0.96,0.01,0.0,0.0,0.12,0.12,0.56,0.59,apache2,12
0,tcp,telnet,S3,0,44,0,0,0,0,0,0,0,0,0,0,0,0,0,0,0,0,1,1,1.0,1.0,0.0,0.0,1.0,0.0,0.0,255,131,0.51,0.03,0.0,0.0,0.22,0.42,0.11,0.1,processtable,19
0,tcp,other,REJ,0,0,0,0,0,0,0,0,0,0,0,0,0,0,0,0,0,0,491,1,0.09,0.0,0.9,1.0,0.0,1.0,0.0,255,1,0.0,1.0,0.0,0.0,0.08,0.0,0.92,1.0,saint,19
0,tcp,ssh,S0,0,0,0,0,0,0,0,0,0,0,0,0,0,0,0,0,0,0,179,16,1.0,1.0,0.0,0.0,0.09,0.08,0.0,255,16,0.06,0.09,0.0,0.0,1.0,1.0,0.0,0.0,neptune,19
0,tcp,telnet,S3,0,44,0,0,0,0,0,0,0,0,0,0,0,0,0,0,0,0,1,1,1.0,1.0,0.0,0.0,1.0,0.0,0.0,255,137,0.54,0.02,0.0,0.0,0.53,0.46,0.01,0.01,processtable,18
0,udp,private,SF,45,0,0,0,0,0,0,0,0,0,0,0,0,0,0,0,0,0,4,4,0.0,0.0,0.0,0.0,1.0,0.0,0.0,255,254,1.0,0.01,0.02,0.0,0.0,0.0,0.0,0.0,snmpguess,16
0,tcp,telnet,REJ,0,0,0,0,0,0,0,0,0,0,0,0,0,0,0,0,0,0,1,6,0.0,0.17,1.0,0.5,1.0,0.0,0.67,96,89,0.33,0.05,0.01,0.02,0.0,0.11,0.89,0.58,mscan,13
0,icmp,eco_i,SF,20,0,0,0,0,0,0,0,0,0,0,0,0,0,0,0,0,0,1,56,0.0,0.0,0.0,0.0,1.0,0.0,1.0,4,164,1.0,0.0,1.0,0.25,0.0,0.0,0.0,0.0,saint,15
7513,tcp,telnet,SF,0,44,0,0,0,0,0,0,0,0,0,0,0,0,0,0,0,0,1,1,0.0,0.0,0.0,0.0,1.0,0.0,0.0,255,198,0.78,0.03,0.0,0.0,0.33,0.43,0.12,0.07,processtable,18
0,icmp,eco_i,SF,20,0,0,0,0,0,0,0,0,0,0,0,0,0,0,0,0,0,1,55,0.0,0.0,0.0,0.0,1.0,0.0,1.0,1,101,1.0,0.0,1.0,0.26,0.0,0.0,0.0,0.0,saint,15
0,tcp,name,REJ,0,0,0,0,0,0,0,0,0,0,0,0,0,0,0,0,0,0,237,10,0.0,0.0,1.0,1.0,0.04,0.06,0.0,255,10,0.04,0.07,0.0,0.0,0.0,0.0,1.0,1.0,neptune,19
0,tcp,private,REJ,0,0,0,0,0,0,0,0,0,0,0,0,0,0,0,0,0,0,2,1,0.0,0.0,1.0,1.0,0.5,1.0,0.0,255,1,0.0,0.43,0.09,0.0,0.0,0.0,0.1,1.0,portsweep,20
0,udp,private,SF,48,0,0,0,0,0,0,0,0,0,0,0,0,0,0,0,0,0,4,4,0.0,0.0,0.0,0.0,1.0,0.0,0.0,255,255,1.0,0.0,0.0,0.0,0.0,0.0,0.0,0.0,snmpguess,17
0,icmp,ecr_i,SF,1032,0,0,0,0,0,0,0,0,0,0,0,0,0,0,0,0,0,511,511,0.0,0.0,0.0,0.0,1.0,0.0,0.0,255,227,0.89,0.02,0.89,0.0,0.0,0.0,0.0,0.0,smurf,17
805,tcp,http,RSTR,77344,1,0,0,0,0,0,1,0,0,0,0,0,0,0,0,0,0,54,54,0.11,0.11,0.89,0.89,1.0,0.0,0.0,255,254,1.0,0.01,0.0,0.0,0.03,0.03,0.74,0.74,apache2,15
4,tcp,pop_3,SF,27,93,0,0,0,0,0,1,0,0,0,0,0,0,0,0,0,0,1,1,0.0,0.0,0.0,0.0,1.0,0.0,0.0,255,219,0.86,0.02,0.0,0.0,0.0,0.0,0.03,0.0,guess_passwd,17
0,tcp,other,REJ,0,0,0,0,0,0,0,0,0,0,0,0,0,0,0,0,0,0,1,1,0.0,0.0,1.0,1.0,1.0,0.0,0.0,255,4,0.02,0.01,0.0,0.0,0.0,0.0,0.02,1.0,httptunnel,18
7285,tcp,telnet,SF,0,44,0,0,0,0,0,0,0,0,0,0,0,0,0,0,0,0,1,1,0.0,0.0,0.0,0.0,1.0,0.0,0.0,255,238,0.93,0.02,0.0,0.0,0.27,0.29,0.01,0.0,processtable,14
0,udp,private,SF,44,0,0,0,0,0,0,0,0,0,0,0,0,0,0,0,0,0,4,4,0.0,0.0,0.0,0.0,1.0,0.0,0.0,255,254,1.0,0.01,0.02,0.0,0.0,0.0,0.0,0.0,snmpguess,16
0,udp,private,SF,105,146,0,0,0,0,0,0,0,0,0,0,0,0,0,0,0,0,1,1,0.0,0.0,0.0,0.0,1.0,0.0,0.0,255,253,0.99,0.01,0.0,0.0,0.0,0.0,0.0,0.0,snmpgetattack,8
0,udp,private,SF,105,146,0,0,0,0,0,0,0,0,0,0,0,0,0,0,0,0,2,2,0.0,0.0,0.0,0.0,1.0,0.0,0.0,29,28,0.97,0.07,0.03,0.0,0.0,0.0,0.0,0.0,snmpgetattack,0
7518,tcp,telnet,SF,0,44,0,0,0,0,0,0,0,0,0,0,0,0,0,0,0,0,1,1,0.0,0.0,0.0,0.0,1.0,0.0,0.0,255,178,0.7,0.28,0.0,0.0,0.5,0.71,0.28,0.01,processtable,18
469,tcp,X11,SF,1360,17984,0,0,0,0,0,0,0,0,0,0,0,0,0,0,0,0,1,1,0.0,0.0,0.0,0.0,1.0,0.0,0.0,255,1,0.0,0.03,0.0,0.0,0.0,0.0,0.0,0.0,xsnoop,0
0,tcp,bgp,S0,0,0,0,0,0,0,0,0,0,0,0,0,0,0,0,0,0,0,167,14,1.0,1.0,0.0,0.0,0.08,0.1,0.0,255,14,0.05,0.1,0.0,0.0,1.0,1.0,0.0,0.0,neptune,18
3,tcp,pop_3,SF,26,93,0,0,0,0,0,1,0,0,0,0,0,0,0,0,0,0,1,1,0.0,0.0,0.0,0.0,1.0,0.0,0.0,253,234,0.92,0.01,0.0,0.0,0.0,0.0,0.04,0.0,guess_passwd,15
0,udp,private,SF,53,50,0,0,0,0,0,0,0,0,0,0,0,0,0,0,0,0,505,505,0.0,0.0,0.0,0.0,1.0,0.0,0.0,255,255,1.0,0.0,0.82,0.0,0.0,0.0,0.0,0.0,normal,17
0,udp,private,SF,1,1,0,0,0,0,0,0,0,0,0,0,0,0,0,0,0,0,58,1,0.0,0.0,0.0,0.0,0.02,0.57,0.0,255,1,0.0,0.57,0.99,0.0,0.0,0.0,0.01,0.0,satan,18
0,udp,private,SF,105,147,0,0,0,0,0,0,0,0,0,0,0,0,0,0,0,0,1,1,0.0,0.0,0.0,0.0,1.0,0.0,0.0,255,254,1.0,0.01,0.02,0.0,0.0,0.0,0.0,0.0,normal,17
35,tcp,ftp,SF,96,533,0,0,0,1,0,1,0,0,0,0,0,0,0,0,0,0,1,1,0.0,0.0,0.0,0.0,1.0,0.0,0.0,221,3,0.01,0.03,0.0,0.0,0.0,0.0,0.0,0.0,rootkit,4
0,tcp,other,REJ,0,0,0,0,0,0,0,0,0,0,0,0,0,0,0,0,0,0,480,1,0.04,0.0,0.96,1.0,0.0,1.0,0.0,255,1,0.0,1.0,0.0,0.0,0.05,0.0,0.95,1.0,satan,20
0,icmp,eco_i,SF,8,0,0,0,0,0,0,0,0,0,0,0,0,0,0,0,0,0,1,44,0.0,0.0,0.0,0.0,1.0,0.0,1.0,2,54,1.0,0.0,1.0,0.5,0.0,0.0,0.0,0.0,ipsweep,16
0,icmp,ecr_i,SF,1480,0,0,1,0,0,0,0,0,0,0,0,0,0,0,0,0,0,9,9,0.0,0.0,0.0,0.0,1.0,0.0,0.0,255,9,0.04,0.02,0.04,0.0,0.0,0.0,0.0,0.0,normal,4
280,tcp,ftp_data,SF,283618,0,0,0,0,0,0,0,0,0,0,0,0,0,0,0,0,0,2,2,0.0,0.0,0.0,0.0,1.0,0.0,0.0,4,19,1.0,0.0,1.0,0.26,0.0,0.0,0.0,0.0,warezmaster,17
0,icmp,tim_i,SF,564,0,0,0,0,0,0,0,0,0,0,0,0,0,0,0,0,0,1,1,0.0,0.0,0.0,0.0,1.0,0.0,0.0,3,3,1.0,0.0,1.0,0.0,0.0,0.0,0.0,0.0,pod,7
0,udp,private,SF,0,0,0,0,0,0,0,0,0,0,0,0,0,0,0,0,0,0,1,1,0.0,0.0,0.0,0.0,1.0,0.0,0.0,4,1,0.25,0.5,0.25,0.0,0.0,0.0,0.0,0.0,udpstorm,9
0,icmp,ecr_i,SF,508,0,0,0,0,0,0,0,0,0,0,0,0,0,0,0,0,0,155,155,0.0,0.0,0.0,0.0,1.0,0.0,0.0,255,255,1.0,0.0,1.0,0.0,0.0,0.0,0.0,0.0,smurf,18
0,tcp,private,SH,0,0,0,0,0,0,0,0,0,0,0,0,0,0,0,0,0,0,1,1,1.0,1.0,0.0,0.0,1.0,0.0,0.0,47,1,0.02,1.0,1.0,0.0,1.0,1.0,0.0,0.0,nmap,19
283,tcp,ftp,SF,162,597,0,0,0,2,0,1,0,0,0,0,0,0,0,0,0,1,1,1,0.0,0.0,0.0,0.0,1.0,0.0,0.0,255,96,0.38,0.03,0.0,0.0,0.02,0.0,0.01,0.0,warezmaster,13
0,tcp,private,RSTR,0,0,0,0,0,0,0,0,0,0,0,0,0,0,0,0,0,0,1,1,0.0,0.0,1.0,1.0,1.0,0.0,0.0,255,1,0.0,0.91,0.89,0.0,0.0,0.0,0.89,1.0,portsweep,18
8224,tcp,telnet,SF,0,15,0,0,0,0,0,0,0,0,0,0,0,0,0,0,0,0,1,1,0.0,0.0,0.0,0.0,1.0,0.0,0.0,255,62,0.24,0.02,0.0,0.0,0.77,0.82,0.01,0.03,processtable,18
0,tcp,http,S0,0,0,0,0,0,0,0,0,0,0,0,0,0,0,0,0,0,0,104,104,1.0,1.0,0.0,0.0,1.0,0.0,0.0,255,255,1.0,0.0,0.0,0.0,0.54,0.54,0.44,0.44,apache2,17
0,tcp,ftp_data,SF,0,5928,0,0,0,0,0,0,0,0,0,0,0,0,0,0,0,0,2,2,0.0,0.0,0.0,0.0,1.0,0.0,0.0,2,8,1.0,0.0,1.0,0.25,0.0,0.0,0.0,0.0,buffer_overflow,14
0,icmp,eco_i,SF,18,0,0,0,0,0,0,0,0,0,0,0,0,0,0,0,0,0,1,1,0.0,0.0,0.0,0.0,1.0,0.0,0.0,1,118,1.0,0.0,1.0,1.0,0.0,0.0,0.0,0.0,ipsweep,17
0,tcp,other,REJ,0,0,0,0,0,0,0,0,0,0,0,0,0,0,0,0,0,0,1,1,0.0,0.0,1.0,1.0,1.0,0.0,0.0,116,15,0.13,0.06,0.01,0.0,0.0,0.0,0.08,0.6,httptunnel,11
0,icmp,ecr_i,SF,1032,0,0,0,0,0,0,0,0,0,0,0,0,0,0,0,0,0,230,230,0.0,0.0,0.0,0.0,1.0,0.0,0.0,255,255,1.0,0.0,1.0,0.0,0.0,0.0,0.0,0.0,smurf,20
0,tcp,auth,SF,9,34,0,0,0,0,0,0,0,0,0,0,0,0,0,0,0,0,1,1,0.0,0.0,0.0,0.0,1.0,0.0,0.0,1,1,1.0,0.0,1.0,0.0,0.0,0.0,0.0,0.0,sendmail,4
0,tcp,other,REJ,0,0,0,0,0,0,0,0,0,0,0,0,0,0,0,0,0,0,511,1,0.17,0.0,0.83,1.0,0.0,1.0,0.0,255,1,0.0,0.93,0.0,0.0,0.18,0.0,0.82,1.0,satan,20
0,tcp,private,REJ,0,0,0,0,0,0,0,0,0,0,0,0,0,0,0,0,0,0,508,1,0.0,0.0,0.99,1.0,0.0,0.97,0.0,255,1,0.0,0.95,0.0,0.0,0.0,0.0,1.0,1.0,satan,18
134,tcp,IRC,SF,342,1011,0,0,0,0,0,0,0,0,0,0,0,0,0,0,0,0,1,1,0.0,0.0,0.0,0.0,1.0,0.0,0.0,39,17,0.44,0.05,0.03,0.0,0.03,0.06,0.33,0.76,xlock,0
4,tcp,pop_3,SF,28,93,0,0,0,0,0,1,0,0,0,0,0,0,0,0,0,0,1,1,0.0,0.0,0.0,0.0,1.0,0.0,0.0,159,141,0.88,0.02,0.01,0.01,0.0,0.0,0.06,0.0,guess_passwd,10
0,tcp,http,SF,54540,8314,0,0,0,2,0,1,1,0,0,0,0,0,0,0,0,0,3,15,0.0,0.0,0.0,0.0,1.0,0.0,0.27,255,253,0.99,0.01,0.0,0.0,0.0,0.0,0.01,0.01,back,14
9,tcp,smtp,SF,4485,631,0,0,0,0,0,1,0,1,0,2,0,0,1,0,0,0,1,1,0.0,0.0,0.0,0.0,1.0,0.0,0.0,41,151,0.2,0.12,0.02,0.01,0.0,0.0,0.0,0.0,sendmail,0
280,tcp,ftp_data,SF,283618,0,0,0,0,0,0,0,0,0,0,0,0,0,0,0,0,0,2,3,0.0,0.0,0.0,0.0,1.0,0.0,0.67,2,2,1.0,0.0,1.0,0.0,0.0,0.0,0.0,0.0,warezmaster,16
0,udp,private,SF,45,0,0,0,0,0,0,0,0,0,0,0,0,0,0,0,0,0,3,3,0.0,0.0,0.0,0.0,1.0,0.0,0.0,255,253,0.99,0.01,0.01,0.0,0.0,0.0,0.0,0.0,snmpguess,14
0,tcp,private,SH,0,0,0,0,0,0,0,0,0,0,0,0,0,0,0,0,0,0,1,1,1.0,1.0,0.0,0.0,1.0,0.0,0.0,178,1,0.01,1.0,1.0,0.0,1.0,1.0,0.0,0.0,nmap,18
0,tcp,ftp,SF,26,157,0,0,0,0,1,0,0,0,0,0,0,0,0,0,0,1,1,1,0.0,0.0,0.0,0.0,1.0,0.0,0.0,49,23,0.47,0.08,0.02,0.0,0.0,0.0,0.0,0.0,guess_passwd,7
0,icmp,eco_i,SF,8,0,0,0,0,0,0,0,0,0,0,0,0,0,0,0,0,0,1,24,0.0,0.0,0.0,0.0,1.0,0.0,1.0,2,120,1.0,0.0,1.0,0.5,0.0,0.0,0.0,0.0,ipsweep,15
0,tcp,ldap,S0,0,0,0,0,0,0,0,0,0,0,0,0,0,0,0,0,0,0,36,3,1.0,1.0,0.0,0.0,0.08,0.22,0.0,255,3,0.01,0.18,0.0,0.0,1.0,1.0,0.0,0.0,neptune,18
1,tcp,smtp,SF,2599,293,0,0,0,0,0,1,0,0,0,0,0,0,0,0,0,0,3,3,0.0,0.0,0.0,0.0,1.0,0.0,0.0,255,84,0.33,0.14,0.0,0.0,0.0,0.0,0.65,0.0,mailbomb,11
0,udp,private,SF,105,146,0,0,0,0,0,0,0,0,0,0,0,0,0,0,0,0,1,1,0.0,0.0,0.0,0.0,1.0,0.0,0.0,122,121,0.99,0.02,0.01,0.0,0.0,0.0,0.0,0.0,snmpgetattack,1
0,tcp,http,S0,0,0,0,0,0,0,0,0,0,0,0,0,0,0,0,0,0,0,70,70,1.0,1.0,0.0,0.0,1.0,0.0,0.0,255,255,1.0,0.0,0.0,0.0,0.84,0.84,0.13,0.13,apache2,18
0,tcp,private,RSTR,0,0,0,0,0,0,0,0,0,0,0,0,0,0,0,0,0,0,1,1,0.0,0.0,1.0,1.0,1.0,0.0,0.0,255,1,0.0,0.82,0.8,0.0,0.0,0.0,0.82,1.0,portsweep,18
282,tcp,ftp,SF,159,597,0,0,0,2,0,1,0,0,0,0,0,0,0,0,0,1,1,1,0.0,0.0,0.0,0.0,1.0,0.0,0.0,17,15,0.88,0.12,0.06,0.0,0.0,0.0,0.0,0.0,warezmaster,10
0,udp,private,SF,48,0,0,0,0,0,0,0,0,0,0,0,0,0,0,0,0,0,5,5,0.0,0.0,0.0,0.0,1.0,0.0,0.0,255,255,1.0,0.0,0.0,0.0,0.0,0.0,0.0,0.0,snmpguess,16
0,tcp,bgp,REJ,0,0,0,0,0,0,0,0,0,0,0,0,0,0,0,0,0,0,222,2,0.0,0.0,1.0,1.0,0.01,0.06,0.0,255,2,0.01,0.06,0.0,0.0,0.0,0.0,1.0,1.0,neptune,20
1,tcp,smtp,SF,2599,293,0,0,0,0,0,1,0,0,0,0,0,0,0,0,0,0,3,3,0.0,0.0,0.0,0.0,1.0,0.0,0.0,255,104,0.41,0.14,0.0,0.0,0.0,0.0,0.58,0.0,mailbomb,11
2054,tcp,http,RSTR,72564,0,0,0,0,0,0,1,0,0,0,0,0,0,0,0,0,0,13,13,0.0,0.0,1.0,1.0,1.0,0.0,0.0,255,244,0.96,0.01,0.0,0.0,0.02,0.02,0.44,0.46,apache2,15
277,tcp,X11,SF,61712,36604,0,0,0,0,0,0,0,0,0,0,0,0,0,0,0,0,1,1,0.0,0.0,0.0,0.0,1.0,0.0,0.0,7,1,0.14,0.29,0.14,0.0,0.0,0.0,0.0,0.0,named,1
4,tcp,pop_3,SF,28,93,0,0,0,0,0,1,0,0,0,0,0,0,0,0,0,0,1,1,0.0,0.0,0.0,0.0,1.0,0.0,0.0,255,248,0.97,0.01,0.01,0.0,0.0,0.0,0.0,0.0,guess_passwd,18
0,tcp,http,S0,0,0,0,0,0,0,0,0,0,0,0,0,0,0,0,0,0,0,60,60,1.0,1.0,0.0,0.0,1.0,0.0,0.0,255,255,1.0,0.0,0.0,0.0,0.31,0.31,0.68,0.68,apache2,16
0,tcp,telnet,S0,0,0,0,0,0,0,0,0,0,0,0,0,0,0,0,0,0,0,110,110,1.0,1.0,0.0,0.0,1.0,0.0,0.0,225,161,0.72,0.08,0.0,0.0,0.68,0.94,0.02,0.0,neptune,18
0,udp,domain_u,SF,43,127,0,0,0,0,0,0,0,0,0,0,0,0,0,0,0,0,100,180,0.0,0.0,0.0,0.0,0.99,0.02,0.01,255,254,1.0,0.01,0.0,0.0,0.0,0.0,0.0,0.0,normal,18
0,icmp,ecr_i,SF,1008,0,0,0,0,0,0,0,0,0,0,0,0,0,0,0,0,0,436,436,0.0,0.0,0.0,0.0,1.0,0.0,0.0,255,255,1.0,0.0,1.0,0.0,0.0,0.0,0.0,0.0,smurf,18
0,icmp,ecr_i,SF,1032,0,0,0,0,0,0,0,0,0,0,0,0,0,0,0,0,0,226,226,0.0,0.0,0.0,0.0,1.0,0.0,0.0,255,255,1.0,0.0,1.0,0.0,0.0,0.0,0.0,0.0,smurf,20
0,udp,private,SF,105,146,0,0,0,0,0,0,0,0,0,0,0,0,0,0,0,0,2,2,0.0,0.0,0.0,0.0,1.0,0.0,0.0,255,254,1.0,0.01,0.01,0.0,0.0,0.0,0.0,0.0,snmpgetattack,4
0,tcp,other,REJ,0,0,0,0,0,0,0,0,0,0,0,0,0,0,0,0,0,0,411,1,0.15,0.0,0.83,1.0,0.0,1.0,0.0,255,1,0.0,0.96,0.0,0.0,0.1,0.0,0.89,1.0,satan,17
0,tcp,ftp_data,SF,12,0,0,0,0,0,0,0,0,0,0,0,0,0,0,0,0,0,1,1,0.0,0.0,0.0,0.0,1.0,0.0,0.0,112,13,0.04,0.02,0.04,0.15,0.0,0.0,0.0,0.0,warezmaster,5
0,icmp,eco_i,SF,18,0,0,0,0,0,0,0,0,0,0,0,0,0,0,0,0,0,1,1,0.0,0.0,0.0,0.0,1.0,0.0,0.0,1,111,1.0,0.0,1.0,1.0,0.0,0.0,0.0,0.0,ipsweep,15
7382,tcp,telnet,SF,0,44,0,0,0,0,0,0,0,0,0,0,0,0,0,0,0,0,1,1,0.0,0.0,0.0,0.0,1.0,0.0,0.0,255,211,0.83,0.18,0.0,0.0,0.5,0.6,0.17,0.01,processtable,18
0,tcp,other,SF,267,0,0,0,0,0,0,0,0,0,0,0,0,0,0,0,0,0,1,1,0.0,0.0,0.0,0.0,1.0,0.0,0.0,255,11,0.04,0.01,0.0,0.0,0.0,0.0,0.04,0.91,httptunnel,5
0,tcp,http,S0,0,0,0,0,0,0,0,0,0,0,0,0,0,0,0,0,0,0,91,91,1.0,1.0,0.0,0.0,1.0,0.0,0.0,255,255,1.0,0.0,0.0,0.0,0.49,0.49,0.49,0.49,apache2,17
0,tcp,telnet,S0,0,0,0,0,0,0,0,0,0,0,0,0,0,0,0,0,0,0,1,7,1.0,0.14,0.0,0.43,1.0,0.0,0.57,124,86,0.34,0.02,0.01,0.02,1.0,1.0,0.0,0.0,mscan,18
283,tcp,ftp,SF,156,591,0,0,0,2,0,1,0,0,0,0,0,0,0,0,0,1,1,1,0.0,0.0,0.0,0.0,1.0,0.0,0.0,255,100,0.39,0.03,0.0,0.0,0.02,0.0,0.01,0.0,warezmaster,14
0,tcp,other,REJ,0,0,0,0,0,0,0,0,0,0,0,0,0,0,0,0,0,0,1,1,0.0,0.0,1.0,1.0,1.0,0.0,0.0,255,12,0.05,0.02,0.0,0.0,0.0,0.0,0.05,1.0,httptunnel,17
899,tcp,http,RSTR,59424,0,0,0,0,0,0,1,0,0,0,0,0,0,0,0,0,0,92,92,0.01,0.01,0.98,0.98,1.0,0.0,0.0,255,255,1.0,0.0,0.0,0.0,0.0,0.0,0.35,0.35,apache2,15
0,tcp,private,REJ,0,0,0,0,0,0,0,0,0,0,0,0,0,0,0,0,0,0,2,1,0.0,0.0,1.0,1.0,0.5,1.0,0.0,255,1,0.0,0.49,0.22,0.0,0.0,0.0,0.22,1.0,portsweep,18
69,tcp,telnet,SF,331,2762,0,0,0,0,0,1,0,0,0,0,3,2,0,0,0,0,1,1,0.0,0.0,0.0,0.0,1.0,0.0,0.0,255,1,0.0,0.01,0.0,0.0,0.0,0.0,0.0,0.0,multihop,0
0,udp,private,SF,105,146,0,0,0,0,0,0,0,0,0,0,0,0,0,0,0,0,1,1,0.0,0.0,0.0,0.0,1.0,0.0,0.0,255,254,1.0,0.01,0.0,0.0,0.0,0.0,0.0,0.0,snmpgetattack,6
226,tcp,telnet,SF,507,60530,0,0,0,0,0,1,1,0,0,1,0,0,0,0,0,0,1,1,0.0,0.0,0.0,0.0,1.0,0.0,0.0,255,2,0.01,0.02,0.0,0.0,0.0,0.0,0.0,0.0,xlock,0
0,icmp,ecr_i,SF,1480,0,0,1,0,0,0,0,0,0,0,0,0,0,0,0,0,0,1,3,0.0,0.0,0.0,0.0,1.0,0.0,0.67,3,21,0.33,1.0,0.33,0.52,0.0,0.0,0.0,0.0,pod,15
9645,tcp,telnet,SF,107,4678,0,0,0,0,0,1,2,0,0,0,0,0,0,0,0,0,1,1,0.0,0.0,0.0,0.0,1.0,0.0,0.0,125,19,0.15,0.05,0.01,0.0,0.0,0.0,0.0,0.0,normal,20
0,udp,private,SF,105,146,0,0,0,0,0,0,0,0,0,0,0,0,0,0,0,0,1,1,0.0,0.0,0.0,0.0,1.0,0.0,0.0,249,248,1.0,0.01,0.0,0.0,0.0,0.0,0.0,0.0,snmpgetattack,3
0,udp,private,SF,105,146,0,0,0,0,0,0,0,0,0,0,0,0,0,0,0,0,3,2,0.0,0.0,0.0,0.0,0.67,0.67,0.0,255,254,1.0,0.01,0.0,0.0,0.0,0.0,0.0,0.0,snmpgetattack,0
0,udp,private,SF,49,0,0,0,0,0,0,0,0,0,0,0,0,0,0,0,0,0,5,5,0.0,0.0,0.0,0.0,1.0,0.0,0.0,255,255,1.0,0.0,0.01,0.0,0.0,0.0,0.0,0.0,snmpguess,15
0,tcp,telnet,S3,0,44,0,0,0,0,0,0,0,0,0,0,0,0,0,0,0,0,1,1,1.0,1.0,0.0,0.0,1.0,0.0,0.0,255,146,0.57,0.39,0.0,0.0,0.46,0.81,0.38,0.01,processtable,18
0,tcp,ftp,SF,26,157,0,0,0,0,1,0,0,0,0,0,0,0,0,0,0,1,1,1,0.0,0.0,0.0,0.0,1.0,0.0,0.0,192,91,0.47,0.03,0.01,0.0,0.0,0.0,0.0,0.0,guess_passwd,7
0,tcp,private,REJ,0,0,0,0,0,0,0,0,0,0,0,0,0,0,0,0,0,0,234,1,0.11,0.0,0.89,1.0,0.0,1.0,0.0,255,1,0.0,0.88,0.0,0.0,0.1,0.0,0.76,1.0,satan,20
7238,tcp,telnet,SF,0,44,0,0,0,0,0,0,0,0,0,0,0,0,0,0,0,0,1,1,0.0,0.0,0.0,0.0,1.0,0.0,0.0,255,229,0.9,0.1,0.0,0.0,0.5,0.55,0.1,0.01,processtable,18
0,udp,private,SF,105,105,0,0,0,0,0,0,0,0,0,0,0,0,0,0,0,0,2,1,0.0,0.0,0.0,0.0,0.5,1.0,0.0,255,253,0.99,0.01,0.0,0.0,0.0,0.0,0.0,0.0,snmpgetattack,1
0,udp,private,SF,1,1,0,0,0,0,0,0,0,0,0,0,0,0,0,0,0,0,12,2,0.0,0.0,0.0,0.0,0.17,0.42,0.0,255,2,0.01,0.29,1.0,0.0,0.0,0.0,0.0,0.0,saint,20
0,tcp,other,REJ,0,0,0,0,0,0,0,0,0,0,0,0,0,0,0,0,0,0,482,1,0.05,0.0,0.95,1.0,0.0,1.0,0.0,255,1,0.0,1.0,0.0,0.0,0.04,0.0,0.96,1.0,saint,20
0,tcp,telnet,SF,125,188,0,0,0,0,1,0,0,0,0,0,0,0,0,0,0,0,2,2,0.0,0.0,0.0,0.0,1.0,0.0,0.0,255,129,0.51,0.02,0.0,0.0,0.0,0.0,0.02,0.03,guess_passwd,15
0,udp,private,SF,50,0,0,0,0,0,0,0,0,0,0,0,0,0,0,0,0,0,2,2,0.0,0.0,0.0,0.0,1.0,0.0,0.0,255,255,1.0,0.0,0.01,0.0,0.0,0.0,0.0,0.0,snmpguess,17
0,tcp,uucp_path,REJ,0,0,0,0,0,0,0,0,0,0,0,0,0,0,0,0,0,0,221,19,0.0,0.0,1.0,1.0,0.09,0.08,0.0,255,19,0.07,0.08,0.0,0.0,0.0,0.0,1.0,1.0,neptune,18
0,udp,private,SF,105,146,0,0,0,0,0,0,0,0,0,0,0,0,0,0,0,0,1,1,0.0,0.0,0.0,0.0,1.0,0.0,0.0,97,96,0.99,0.02,0.01,0.0,0.0,0.0,0.0,0.0,snmpgetattack,1
0,tcp,http,SF,54540,8314,0,0,0,2,0,1,1,0,0,0,0,0,0,0,0,0,3,11,0.0,0.0,0.33,0.09,1.0,0.0,0.36,255,255,1.0,0.0,0.0,0.0,0.0,0.0,0.07,0.07,back,15
0,tcp,private,SH,0,0,0,0,0,0,0,0,0,0,0,0,0,0,0,0,0,0,1,1,1.0,1.0,0.0,0.0,1.0,0.0,0.0,105,1,0.01,1.0,1.0,0.0,1.0,1.0,0.0,0.0,nmap,18
0,udp,private,SF,40,0,0,0,0,0,0,0,0,0,0,0,0,0,0,0,0,0,4,4,0.0,0.0,0.0,0.0,1.0,0.0,0.0,255,255,1.0,0.0,0.01,0.0,0.0,0.0,0.0,0.0,snmpguess,17
2077,tcp,http,RSTR,72564,0,0,0,0,0,0,1,0,0,0,0,0,0,0,0,0,0,11,11,0.0,0.0,1.0,1.0,1.0,0.0,0.0,255,231,0.91,0.02,0.0,0.0,0.0,0.0,0.06,0.06,apache2,16
4,tcp,pop_3,SF,32,93,0,0,0,0,0,1,0,0,0,0,0,0,0,0,0,0,1,1,0.0,0.0,0.0,0.0,1.0,0.0,0.0,129,114,0.88,0.02,0.01,0.02,0.0,0.0,0.08,0.0,guess_passwd,7
0,tcp,sunrpc,REJ,0,0,0,0,0,0,0,0,0,0,0,0,0,0,0,0,0,0,1,16,0.0,0.0,1.0,1.0,1.0,0.0,1.0,85,50,0.15,0.06,0.01,0.04,0.02,0.0,0.85,1.0,mscan,13
0,tcp,other,REJ,0,0,0,0,0,0,0,0,0,0,0,0,0,0,0,0,0,0,1,1,0.0,0.0,1.0,1.0,1.0,0.0,0.0,255,46,0.18,0.02,0.0,0.0,0.0,0.0,0.16,0.83,httptunnel,15
280,tcp,ftp_data,SF,283618,0,0,0,0,0,0,0,0,0,0,0,0,0,0,0,0,0,2,2,0.0,0.0,0.0,0.0,1.0,0.0,0.0,6,14,1.0,0.0,1.0,0.21,0.0,0.0,0.0,0.0,warezmaster,18
0,tcp,http,S0,0,0,0,0,0,0,0,0,0,0,0,0,0,0,0,0,0,0,68,68,1.0,1.0,0.0,0.0,1.0,0.0,0.0,255,255,1.0,0.0,0.0,0.0,0.4,0.4,0.6,0.6,apache2,16
0,icmp,ecr_i,SF,520,0,0,0,0,0,0,0,0,0,0,0,0,0,0,0,0,0,383,383,0.0,0.0,0.0,0.0,1.0,0.0,0.0,255,255,1.0,0.0,1.0,0.0,0.0,0.0,0.0,0.0,smurf,18
0,udp,private,SF,105,147,0,0,0,0,0,0,0,0,0,0,0,0,0,0,0,0,1,1,0.0,0.0,0.0,0.0,1.0,0.0,0.0,212,210,0.99,0.01,0.0,0.0,0.0,0.0,0.0,0.0,snmpgetattack,0
0,tcp,telnet,S0,0,0,0,0,0,0,0,0,0,0,0,0,0,0,0,0,0,0,1,4,1.0,0.25,0.0,0.5,1.0,0.0,0.75,136,85,0.34,0.02,0.01,0.02,1.0,0.54,0.0,0.22,mscan,17
0,tcp,other,REJ,0,0,0,0,0,0,0,0,0,0,0,0,0,0,0,0,0,0,1,1,0.0,0.0,1.0,1.0,1.0,0.0,0.0,255,17,0.07,0.01,0.0,0.0,0.0,0.0,0.06,0.88,httptunnel,15
0,tcp,private,REJ,0,0,0,0,0,0,0,0,0,0,0,0,0,0,0,0,0,0,444,1,0.05,0.0,0.92,1.0,0.0,1.0,0.0,255,1,0.0,1.0,0.0,0.0,0.06,0.0,0.9,1.0,saint,18
0,udp,private,SF,50,0,0,0,0,0,0,0,0,0,0,0,0,0,0,0,0,0,5,5,0.0,0.0,0.0,0.0,1.0,0.0,0.0,255,253,0.99,0.01,0.01,0.0,0.0,0.0,0.0,0.0,snmpguess,13
0,tcp,other,REJ,0,0,0,0,0,0,0,0,0,0,0,0,0,0,0,0,0,0,491,1,0.1,0.0,0.9,1.0,0.0,1.0,0.0,255,1,0.0,1.0,0.0,0.0,0.07,0.0,0.93,1.0,saint,19
281,tcp,ftp,SF,155,591,0,0,0,2,0,1,0,0,0,0,0,0,0,0,0,1,1,1,0.0,0.0,0.0,0.0,1.0,0.0,0.0,255,126,0.49,0.03,0.0,0.0,0.0,0.0,0.0,0.0,warezmaster,14
0,udp,domain_u,SF,44,139,0,0,0,0,0,0,0,0,0,0,0,0,0,0,0,0,142,222,0.0,0.0,0.0,0.0,0.99,0.01,0.01,255,254,1.0,0.01,0.0,0.0,0.0,0.0,0.0,0.0,normal,18
1,tcp,smtp,SF,2599,293,0,0,0,0,0,1,0,0,0,0,0,0,0,0,0,0,2,2,0.0,0.0,0.0,0.0,1.0,0.0,0.0,255,168,0.66,0.13,0.0,0.0,0.0,0.0,0.33,0.0,mailbomb,11
1179,udp,other,SF,146,105,0,0,0,0,0,0,0,0,0,0,0,0,0,0,0,0,1,1,0.0,0.0,0.0,0.0,1.0,0.0,0.0,33,14,0.42,0.12,1.0,0.0,0.0,0.0,0.0,0.0,snmpgetattack,0
0,tcp,other,REJ,0,0,0,0,0,0,0,0,0,0,0,0,0,0,0,0,0,0,1,1,0.0,0.0,1.0,1.0,1.0,0.0,0.0,255,28,0.11,0.02,0.0,0.0,0.0,0.0,0.09,0.75,httptunnel,16
0,tcp,telnet,SF,124,174,0,0,0,0,1,0,0,0,0,0,0,0,0,0,0,0,1,1,0.0,0.0,0.0,0.0,1.0,0.0,0.0,255,2,0.01,0.02,0.0,0.0,0.0,0.0,0.0,0.0,guess_passwd,6
899,tcp,domain,RSTO,1562,0,0,0,0,0,0,0,0,0,0,0,0,0,0,0,0,0,1,1,0.0,0.0,1.0,1.0,1.0,0.0,0.0,2,2,1.0,0.0,0.5,0.0,0.0,0.0,1.0,1.0,named,6
0,udp,private,SF,46,43,0,0,0,0,0,0,0,0,0,0,0,0,0,0,0,0,87,87,0.0,0.0,0.0,0.0,1.0,0.0,0.0,255,255,1.0,0.0,0.33,0.0,0.0,0.0,0.0,0.0,normal,16
73,tcp,telnet,SF,3222,4004,0,0,2,1,0,1,1,1,0,0,0,0,0,0,0,0,1,1,0.0,0.0,0.0,0.0,1.0,0.0,0.0,9,6,0.67,0.33,0.11,0.0,0.0,0.0,0.0,0.0,xterm,1
280,tcp,ftp_data,SF,283618,0,0,0,0,0,0,0,0,0,0,0,0,0,0,0,0,0,1,1,0.0,0.0,0.0,0.0,1.0,0.0,0.0,5,5,1.0,0.0,1.0,0.0,0.0,0.0,0.0,0.0,warezmaster,19
0,tcp,private,SH,0,0,0,0,0,0,0,0,0,0,0,0,0,0,0,0,0,0,1,1,1.0,1.0,0.0,0.0,1.0,0.0,0.0,118,1,0.01,1.0,1.0,0.0,1.0,1.0,0.0,0.0,nmap,18
0,tcp,other,REJ,0,0,0,0,0,0,0,0,0,0,0,0,0,0,0,0,0,0,460,1,0.0,0.0,1.0,1.0,0.0,1.0,0.0,255,1,0.0,1.0,0.0,0.0,0.0,0.0,1.0,1.0,satan,18
0,tcp,exec,S0,0,0,0,0,0,0,0,0,0,0,0,0,0,0,0,0,0,0,43,6,1.0,1.0,0.0,0.0,0.14,0.19,0.0,255,6,0.02,0.15,0.0,0.0,1.0,1.0,0.0,0.0,neptune,18
0,udp,private,SF,42,42,0,0,0,0,0,0,0,0,0,0,0,0,0,0,0,0,2,2,0.0,0.0,0.0,0.0,1.0,0.0,0.0,255,255,1.0,0.0,0.01,0.0,0.0,0.0,0.0,0.0,snmpguess,13
16,tcp,pop_3,RSTR,27,93,0,0,0,0,0,1,0,0,0,0,0,0,0,0,0,0,1,1,0.0,0.0,1.0,1.0,1.0,0.0,0.0,255,213,0.84,0.02,0.0,0.0,0.0,0.0,0.04,0.0,guess_passwd,12
7,tcp,imap4,RSTO,0,44,0,0,0,0,0,0,0,0,0,0,0,0,0,0,0,0,2,8,0.0,0.0,1.0,1.0,0.5,1.0,1.0,255,20,0.08,0.03,0.0,0.0,0.0,0.0,0.25,0.95,mscan,13
0,tcp,other,REJ,0,0,0,0,0,0,0,0,0,0,0,0,0,0,0,0,0,0,494,1,0.09,0.0,0.91,1.0,0.0,1.0,0.0,255,1,0.0,1.0,0.0,0.0,0.17,0.0,0.83,1.0,satan,19
282,tcp,ftp,SF,158,597,0,0,0,2,0,1,0,0,0,0,0,0,0,0,0,1,1,1,0.0,0.0,0.0,0.0,1.0,0.0,0.0,215,11,0.05,0.68,0.0,0.0,0.0,0.0,0.69,0.09,warezmaster,9
0,tcp,other,RSTR,0,0,0,0,0,0,0,0,0,0,0,0,0,0,0,0,0,0,1,1,0.0,0.0,1.0,1.0,1.0,0.0,0.0,255,1,0.0,0.28,0.27,0.0,0.0,0.0,0.27,1.0,normal,3
41,tcp,ftp,SF,168,596,0,0,0,3,0,1,0,0,0,0,0,0,0,0,1,0,1,1,0.0,0.0,0.0,0.0,1.0,0.0,0.0,1,1,1.0,0.0,1.0,0.0,0.0,0.0,0.0,0.0,multihop,7
5,tcp,pop_3,SF,26,93,0,0,0,0,0,1,0,0,0,0,0,0,0,0,0,0,1,1,0.0,0.0,0.0,0.0,1.0,0.0,0.0,144,127,0.88,0.02,0.01,0.02,0.0,0.0,0.07,0.0,guess_passwd,9
0,udp,domain_u,SF,45,110,0,0,0,0,0,0,0,0,0,0,0,0,0,0,0,0,4,7,0.0,0.0,0.0,0.0,0.75,0.5,0.29,255,211,0.83,0.01,0.0,0.0,0.0,0.0,0.07,0.0,normal,18
0,tcp,ftp,SF,26,157,0,0,0,0,1,0,0,0,0,0,0,0,0,0,0,1,1,1,0.0,0.0,0.0,0.0,1.0,0.0,0.0,211,102,0.48,0.03,0.0,0.0,0.0,0.0,0.0,0.0,guess_passwd,7
0,tcp,private,RSTR,0,0,0,0,0,0,0,0,0,0,0,0,0,0,0,0,0,0,1,1,0.0,0.0,1.0,1.0,1.0,0.0,0.0,255,1,0.0,0.52,0.51,0.0,0.07,0.0,0.51,1.0,portsweep,18
2,tcp,telnet,SF,191,10914,0,0,0,0,0,1,0,1,0,3,0,0,0,0,0,0,1,1,0.0,0.0,0.0,0.0,1.0,0.0,0.0,42,3,0.07,0.12,0.02,0.0,0.0,0.0,0.0,0.0,sendmail,1
4,tcp,pop_3,SF,32,93,0,0,0,0,0,1,0,0,0,0,0,0,0,0,0,0,1,1,0.0,0.0,0.0,0.0,1.0,0.0,0.0,38,38,0.97,0.05,0.03,0.05,0.0,0.0,0.0,0.0,guess_passwd,6
0,icmp,eco_i,SF,20,0,0,0,0,0,0,0,0,0,0,0,0,0,0,0,0,0,1,61,0.0,0.0,0.0,0.0,1.0,0.0,1.0,1,30,1.0,0.0,1.0,0.3,0.0,0.0,0.0,0.0,saint,15
0,icmp,eco_i,SF,18,0,0,0,0,0,0,0,0,0,0,0,0,0,0,0,0,0,1,1,0.0,0.0,0.0,0.0,1.0,0.0,0.0,1,62,1.0,0.0,1.0,1.0,0.0,0.0,0.0,0.0,ipsweep,18
0,icmp,eco_i,SF,18,0,0,0,0,0,0,0,0,0,0,0,0,0,0,0,0,0,1,1,0.0,0.0,0.0,0.0,1.0,0.0,0.0,1,4,1.0,0.0,1.0,1.0,0.0,0.0,0.0,0.0,ipsweep,17
0,udp,private,SF,48,0,0,0,0,0,0,0,0,0,0,0,0,0,0,0,0,0,4,4,0.0,0.0,0.0,0.0,1.0,0.0,0.0,255,253,0.99,0.01,0.01,0.0,0.0,0.0,0.0,0.0,snmpguess,15
0,tcp,sunrpc,REJ,0,0,0,0,0,0,0,0,0,0,0,0,0,0,0,0,0,0,4,13,0.0,0.0,1.0,1.0,0.25,1.0,1.0,26,48,0.15,0.19,0.04,0.04,0.0,0.0,0.77,1.0,mscan,14
69,tcp,telnet,SF,2458,223095,0,0,0,6,0,1,36,1,0,31,0,0,0,0,0,0,1,1,0.0,0.0,0.0,0.0,1.0,0.0,0.0,120,28,0.23,0.03,0.01,0.0,0.0,0.0,0.0,0.0,buffer_overflow,0
5,tcp,pop_3,SF,32,93,0,0,0,0,0,1,0,0,0,0,0,0,0,0,0,0,1,1,0.0,0.0,0.0,0.0,1.0,0.0,0.0,255,237,0.93,0.02,0.0,0.0,0.0,0.0,0.03,0.0,guess_passwd,17
31,tcp,telnet,SF,197,1644,0,0,0,1,0,1,1,0,0,1,2,1,0,0,0,0,1,1,0.0,0.0,0.0,0.0,1.0,0.0,0.0,255,172,0.67,0.02,0.0,0.0,0.63,0.94,0.02,0.0,ps,13
0,tcp,other,REJ,0,0,0,0,0,0,0,0,0,0,0,0,0,0,0,0,0,0,1,1,0.0,0.0,1.0,1.0,1.0,0.0,0.0,255,8,0.03,0.01,0.0,0.0,0.0,0.0,0.03,1.0,httptunnel,18
199,tcp,X11,SF,56124,17588,0,0,0,0,0,0,0,0,0,0,0,0,0,0,0,0,1,1,0.0,0.0,0.0,0.0,1.0,0.0,0.0,255,1,0.0,0.01,0.0,0.0,0.0,0.0,0.0,0.0,xlock,1
282,tcp,ftp,SF,160,597,0,0,0,2,0,1,0,0,0,0,0,0,0,0,0,1,1,1,0.0,0.0,0.0,0.0,1.0,0.0,0.0,132,47,0.36,0.05,0.01,0.0,0.0,0.0,0.0,0.0,warezmaster,12
1,tcp,smtp,SF,2599,293,0,0,0,0,0,1,0,0,0,0,0,0,0,0,0,0,2,2,0.0,0.0,0.0,0.0,1.0,0.0,0.0,255,18,0.07,0.16,0.0,0.0,0.0,0.0,0.91,0.0,mailbomb,13
988,tcp,telnet,SF,1773,32209,0,0,0,4,0,1,57,1,0,51,7,5,0,0,0,0,1,1,0.0,0.0,0.0,0.0,1.0,0.0,0.0,255,104,0.41,0.03,0.0,0.0,0.33,0.77,0.02,0.01,rootkit,8
0,tcp,other,REJ,0,0,0,0,0,0,0,0,0,0,0,0,0,0,0,0,0,0,1,1,0.0,0.0,1.0,1.0,1.0,0.0,0.0,255,4,0.02,0.02,0.0,0.0,0.0,0.0,0.02,1.0,httptunnel,18
0,udp,private,SF,55,55,0,0,0,0,0,0,0,0,0,0,0,0,0,0,0,0,510,510,0.0,0.0,0.0,0.0,1.0,0.0,0.0,255,255,1.0,0.0,0.86,0.0,0.0,0.0,0.0,0.0,normal,17
2070,tcp,http,RSTR,56504,0,0,0,0,0,0,1,0,0,0,0,0,0,0,0,0,0,9,9,0.0,0.0,1.0,1.0,1.0,0.0,0.0,255,243,0.95,0.01,0.0,0.0,0.02,0.02,0.28,0.3,apache2,15
0,tcp,http,SF,54540,8314,0,0,0,2,0,1,1,0,0,0,0,0,0,0,0,0,4,4,0.0,0.0,0.0,0.0,1.0,0.0,0.0,255,254,1.0,0.01,0.0,0.0,0.0,0.0,0.07,0.07,back,16
0,icmp,ecr_i,SF,1480,0,0,1,0,0,0,0,0,0,0,0,0,0,0,0,0,0,1,3,0.0,0.0,0.0,0.0,1.0,0.0,0.67,1,15,1.0,0.0,1.0,0.53,0.0,0.0,0.0,0.0,pod,15
282,tcp,ftp,SF,162,601,0,0,0,2,0,1,0,0,0,0,0,0,0,0,0,1,1,1,0.0,0.0,0.0,0.0,1.0,0.0,0.0,255,50,0.2,0.03,0.0,0.0,0.16,0.0,0.02,0.0,warezmaster,11
0,tcp,other,REJ,0,0,0,0,0,0,0,0,0,0,0,0,0,0,0,0,0,0,511,1,0.07,0.0,0.93,1.0,0.0,1.0,0.0,255,1,0.0,1.0,0.0,0.0,0.08,0.0,0.92,1.0,satan,20
0,udp,private,SF,46,0,0,0,0,0,0,0,0,0,0,0,0,0,0,0,0,0,3,3,0.0,0.0,0.0,0.0,1.0,0.0,0.0,255,255,1.0,0.0,0.0,0.0,0.0,0.0,0.0,0.0,snmpguess,17
0,tcp,sunrpc,REJ,0,0,0,0,0,0,0,0,0,0,0,0,0,0,0,0,0,0,5,3,0.0,0.0,0.8,1.0,0.2,0.8,1.0,255,24,0.09,0.03,0.0,0.0,0.0,0.0,0.49,1.0,mscan,14
0,udp,private,SF,56,53,0,0,0,0,0,0,0,0,0,0,0,0,0,0,0,0,333,333,0.0,0.0,0.0,0.0,1.0,0.0,0.0,255,255,1.0,0.0,0.99,0.0,0.0,0.0,0.0,0.0,normal,17
0,udp,private,SF,42,0,0,0,0,0,0,0,0,0,0,0,0,0,0,0,0,0,1,1,0.0,0.0,0.0,0.0,1.0,0.0,0.0,255,254,1.0,0.01,0.01,0.0,0.0,0.0,0.0,0.0,snmpguess,12
0,icmp,eco_i,SF,18,0,0,0,0,0,0,0,0,0,0,0,0,0,0,0,0,0,1,1,0.0,0.0,0.0,0.0,1.0,0.0,0.0,1,193,1.0,0.0,1.0,1.0,0.0,0.0,0.0,0.0,ipsweep,16
0,udp,private,SF,54,50,0,0,0,0,0,0,0,0,0,0,0,0,0,0,0,0,511,511,0.0,0.0,0.0,0.0,1.0,0.0,0.0,255,255,1.0,0.0,0.83,0.0,0.0,0.0,0.0,0.0,normal,17
0,icmp,ecr_i,SF,1480,0,0,1,0,0,0,0,0,0,0,0,0,0,0,0,0,0,1,3,0.0,0.0,0.0,0.0,1.0,0.0,0.67,2,5,0.5,1.0,0.5,0.6,0.5,0.0,0.0,0.0,pod,15
0,tcp,private,REJ,0,0,0,0,0,0,0,0,0,0,0,0,0,0,0,0,0,0,304,1,0.08,0.0,0.91,1.0,0.0,1.0,0.0,255,1,0.0,1.0,0.0,0.0,0.1,0.0,0.9,1.0,satan,18
0,tcp,http,SF,230,25991,0,0,0,0,0,1,0,0,0,0,0,0,0,0,0,0,2,31,0.0,0.0,0.0,0.0,1.0,0.0,0.06,8,243,1.0,0.0,0.12,0.07,0.0,0.0,0.0,0.0,normal,20
0,udp,domain_u,SF,45,131,0,0,0,0,0,0,0,0,0,0,0,0,0,0,0,0,123,203,0.0,0.0,0.0,0.0,1.0,0.0,0.01,255,254,1.0,0.01,0.0,0.0,0.0,0.0,0.0,0.0,normal,18
280,tcp,ftp_data,SF,283618,0,0,0,0,0,0,0,0,0,0,0,0,0,0,0,0,0,1,1,0.0,0.0,0.0,0.0,1.0,0.0,0.0,13,1,0.08,0.15,0.08,0.0,0.0,0.0,0.0,0.0,warezmaster,3
0,udp,private,SF,28,0,0,3,0,0,0,0,0,0,0,0,0,0,0,0,0,0,56,56,0.0,0.0,0.0,0.0,1.0,0.0,0.0,255,56,0.22,0.02,0.22,0.0,0.19,0.0,0.31,0.0,teardrop,18
0,tcp,telnet,S3,0,44,0,0,0,0,0,0,0,0,0,0,0,0,0,0,0,0,1,1,1.0,1.0,0.0,0.0,1.0,0.0,0.0,255,132,0.52,0.02,0.0,0.0,0.53,0.44,0.01,0.01,processtable,19
0,udp,private,SF,55,49,0,0,0,0,0,0,0,0,0,0,0,0,0,0,0,0,511,511,0.0,0.0,0.0,0.0,1.0,0.0,0.0,255,255,1.0,0.0,0.83,0.0,0.0,0.0,0.0,0.0,normal,17
0,icmp,ecr_i,SF,508,0,0,0,0,0,0,0,0,0,0,0,0,0,0,0,0,0,442,442,0.0,0.0,0.0,0.0,1.0,0.0,0.0,255,255,1.0,0.0,1.0,0.0,0.0,0.0,0.0,0.0,smurf,18
0,tcp,private,SH,0,0,0,0,0,0,0,0,0,0,0,0,0,0,0,0,0,0,1,1,1.0,1.0,0.0,0.0,1.0,0.0,0.0,189,1,0.01,1.0,1.0,0.0,1.0,1.0,0.0,0.0,nmap,18
0,icmp,ecr_i,SF,1480,0,0,1,0,0,0,0,0,0,0,0,0,0,0,0,0,0,1,3,0.0,0.0,0.0,0.0,1.0,0.0,0.67,3,31,0.33,0.67,1.0,0.52,0.0,0.0,0.0,0.0,pod,16
0,tcp,private,SH,0,0,0,0,0,0,0,0,0,0,0,0,0,0,0,0,0,0,1,1,1.0,1.0,0.0,0.0,1.0,0.0,0.0,62,1,0.02,1.0,1.0,0.0,1.0,1.0,0.0,0.0,nmap,18
0,udp,private,SF,105,146,0,0,0,0,0,0,0,0,0,0,0,0,0,0,0,0,1,1,0.0,0.0,0.0,0.0,1.0,0.0,0.0,255,252,0.99,0.01,0.0,0.0,0.0,0.0,0.0,0.0,snmpgetattack,6
0,tcp,ftp_data,REJ,0,0,0,0,0,0,0,0,0,0,0,0,0,0,0,0,0,0,233,2,0.0,0.0,1.0,1.0,0.01,0.06,0.0,255,2,0.01,0.07,0.0,0.0,0.0,0.0,0.99,1.0,neptune,18
0,udp,private,SF,105,146,0,0,0,0,0,0,0,0,0,0,0,0,0,0,0,0,2,1,0.0,0.0,0.0,0.0,0.5,1.0,0.0,218,217,1.0,0.01,0.0,0.0,0.0,0.0,0.0,0.0,snmpgetattack,1
0,tcp,time,S0,0,0,0,0,0,0,0,0,0,0,0,0,0,0,0,0,0,0,145,1,1.0,1.0,0.0,0.0,0.01,0.1,0.0,255,1,0.0,0.09,0.0,0.0,1.0,1.0,0.0,0.0,neptune,18
0,tcp,http,RSTR,0,0,0,0,0,0,0,0,0,0,0,0,0,0,0,0,0,0,1,1,0.0,0.0,1.0,1.0,1.0,0.0,0.0,255,1,0.0,0.35,0.31,0.0,0.0,0.0,0.9,1.0,portsweep,10
0,udp,private,SF,28,0,0,1,0,0,0,0,0,0,0,0,0,0,0,0,0,0,1,1,0.0,0.0,0.0,0.0,1.0,0.0,0.0,21,1,0.05,0.14,0.05,0.0,0.0,0.0,0.0,0.0,teardrop,9
0,tcp,ftp_data,SF,505,0,0,0,0,0,0,0,0,0,0,0,0,0,0,0,0,0,2,2,0.0,0.0,0.0,0.0,1.0,0.0,0.0,4,2,0.5,0.5,0.5,0.0,0.0,0.0,0.5,0.0,named,1
0,tcp,http,SF,54540,8314,0,0,0,2,0,1,1,0,0,0,0,0,0,0,0,0,5,5,0.0,0.0,0.0,0.0,1.0,0.0,0.0,255,254,1.0,0.01,0.0,0.0,0.0,0.0,0.04,0.04,back,16
0,icmp,ecr_i,SF,1032,0,0,0,0,0,0,0,0,0,0,0,0,0,0,0,0,0,3,3,0.0,0.0,0.0,0.0,1.0,0.0,0.0,255,255,1.0,0.0,1.0,0.0,0.0,0.0,0.0,0.0,smurf,18
0,tcp,private,SH,0,0,0,0,0,0,0,0,0,0,0,0,0,0,0,0,0,0,1,1,1.0,1.0,0.0,0.0,1.0,0.0,0.0,52,1,0.02,1.0,1.0,0.0,1.0,1.0,0.0,0.0,nmap,18
0,tcp,private,REJ,0,0,0,0,0,0,0,0,0,0,0,0,0,0,0,0,0,0,93,1,0.0,0.0,1.0,1.0,0.01,0.56,0.0,97,1,0.01,0.54,0.96,0.0,0.0,0.0,0.96,1.0,portsweep,14
0,icmp,eco_i,SF,20,0,0,0,0,0,0,0,0,0,0,0,0,0,0,0,0,0,1,55,0.0,0.0,0.0,0.0,1.0,0.0,1.0,3,103,1.0,0.0,1.0,0.25,0.0,0.0,0.0,0.0,saint,15
0,tcp,other,REJ,0,0,0,0,0,0,0,0,0,0,0,0,0,0,0,0,0,0,462,1,0.04,0.0,0.96,1.0,0.0,1.0,0.0,255,1,0.0,1.0,0.0,0.0,0.04,0.0,0.96,1.0,saint,19
0,icmp,ecr_i,SF,508,0,0,0,0,0,0,0,0,0,0,0,0,0,0,0,0,0,511,511,0.0,0.0,0.0,0.0,1.0,0.0,0.0,255,162,0.64,0.02,0.64,0.0,0.0,0.0,0.33,0.0,smurf,18
0,tcp,other,REJ,0,0,0,0,0,0,0,0,0,0,0,0,0,0,0,0,0,0,2,1,0.0,0.0,0.5,1.0,0.5,1.0,0.0,255,20,0.08,0.02,0.0,0.0,0.0,0.0,0.08,1.0,httptunnel,18
1,tcp,smtp,SF,2599,293,0,0,0,0,0,1,0,0,0,0,0,0,0,0,0,0,3,3,0.0,0.0,0.0,0.0,1.0,0.0,0.0,255,43,0.17,0.16,0.0,0.0,0.0,0.0,0.81,0.0,mailbomb,13
8228,tcp,telnet,SF,0,15,0,0,0,0,0,0,0,0,0,0,0,0,0,0,0,0,1,1,0.0,0.0,0.0,0.0,1.0,0.0,0.0,255,33,0.13,0.04,0.0,0.0,0.0,0.03,0.08,0.3,processtable,7
0,tcp,other,REJ,0,0,0,0,0,0,0,0,0,0,0,0,0,0,0,0,0,0,487,1,0.04,0.0,0.96,1.0,0.0,1.0,0.0,255,1,0.0,1.0,0.0,0.0,0.04,0.0,0.96,1.0,saint,20
1,tcp,pop_3,RSTO,0,36,0,0,0,0,0,1,0,0,0,0,0,0,0,0,0,0,3,2,0.0,0.0,1.0,1.0,0.33,1.0,1.0,55,43,0.25,0.09,0.02,0.05,0.02,0.0,0.84,0.98,mscan,12
0,tcp,private,REJ,0,0,0,0,0,0,0,0,0,0,0,0,0,0,0,0,0,0,2,1,0.0,0.0,1.0,1.0,0.5,1.0,0.0,255,1,0.0,0.79,0.74,0.0,0.0,0.0,0.75,1.0,portsweep,18
0,udp,private,SF,46,0,0,0,0,0,0,0,0,0,0,0,0,0,0,0,0,0,4,4,0.0,0.0,0.0,0.0,1.0,0.0,0.0,255,255,1.0,0.0,0.01,0.0,0.0,0.0,0.0,0.0,snmpguess,17
0,icmp,ecr_i,SF,1032,0,0,0,0,0,0,0,0,0,0,0,0,0,0,0,0,0,510,510,0.0,0.0,0.0,0.0,1.0,0.0,0.0,255,157,0.62,0.02,0.62,0.0,0.0,0.0,0.0,0.0,smurf,18
0,udp,private,SF,1,0,0,0,0,0,0,0,0,0,0,0,0,0,0,0,0,0,495,12,0.0,0.0,0.0,0.0,0.02,0.98,0.0,255,12,0.05,0.95,1.0,0.0,0.0,0.0,0.0,0.0,normal,5
0,udp,private,SF,1,4,0,0,0,0,0,0,0,0,0,0,0,0,0,0,0,0,66,8,0.0,0.0,0.0,0.0,0.12,0.35,0.0,255,8,0.03,0.62,0.53,0.0,0.0,0.0,0.47,0.0,normal,5
0,udp,private,SF,1,1,0,0,0,0,0,0,0,0,0,0,0,0,0,0,0,0,58,1,0.0,0.0,0.0,0.0,0.02,1.0,0.0,255,1,0.0,0.64,0.97,0.0,0.0,0.0,0.03,0.0,satan,17
0,tcp,private,RSTR,0,0,0,0,0,0,0,0,0,0,0,0,0,0,0,0,0,0,1,1,0.0,0.0,1.0,1.0,1.0,0.0,0.0,74,1,0.01,0.78,0.78,0.0,0.0,0.0,0.78,1.0,portsweep,15
0,icmp,ecr_i,SF,1480,0,0,1,0,0,0,0,0,0,0,0,0,0,0,0,0,0,1,3,0.0,0.0,0.0,0.0,1.0,0.0,0.67,1,33,1.0,0.0,1.0,0.52,0.0,0.0,0.0,0.0,pod,17
4,tcp,http,SF,54540,8314,0,0,0,2,0,1,1,0,0,0,0,0,0,0,0,0,3,3,0.0,0.0,0.33,0.33,1.0,0.0,0.0,255,255,1.0,0.0,0.0,0.0,0.01,0.01,0.05,0.05,back,16
0,tcp,telnet,S3,0,44,0,0,0,0,0,0,0,0,0,0,0,0,0,0,0,0,1,1,1.0,1.0,0.0,0.0,1.0,0.0,0.0,255,144,0.56,0.03,0.0,0.0,0.27,0.49,0.11,0.09,processtable,18
0,tcp,telnet,S1,0,0,0,0,0,0,0,0,0,0,0,0,0,0,0,0,0,0,4,8,0.25,0.25,0.75,0.38,0.5,0.75,0.62,31,87,0.32,0.16,0.03,0.02,0.03,0.01,0.84,0.68,mscan,9
0,tcp,telnet,S0,0,0,0,0,0,0,0,0,0,0,0,0,0,0,0,0,0,0,130,130,1.0,1.0,0.0,0.0,1.0,0.0,0.0,255,226,0.89,0.06,0.0,0.0,0.87,0.98,0.02,0.0,neptune,18
0,udp,private,SF,105,0,0,0,0,0,0,0,0,0,0,0,0,0,0,0,0,0,1,1,0.0,0.0,0.0,0.0,1.0,0.0,0.0,255,254,1.0,0.01,0.0,0.0,0.0,0.0,0.0,0.0,snmpgetattack,1
0,udp,private,SF,105,146,0,0,0,0,0,0,0,0,0,0,0,0,0,0,0,0,2,2,0.0,0.0,0.0,0.0,1.0,0.0,0.0,255,253,0.99,0.01,0.0,0.0,0.0,0.0,0.0,0.0,snmpgetattack,5
0,udp,private,SF,1,1,0,0,0,0,0,0,0,0,0,0,0,0,0,0,0,0,22,1,0.0,0.0,0.0,0.0,0.05,0.64,0.0,255,1,0.0,0.49,0.87,0.0,0.0,0.0,0.13,0.0,satan,19
8003,tcp,telnet,SF,0,44,0,0,0,0,0,0,0,0,0,0,0,0,0,0,0,0,1,1,0.0,0.0,0.0,0.0,1.0,0.0,0.0,255,102,0.4,0.02,0.0,0.0,0.58,0.4,0.01,0.01,processtable,17
0,tcp,telnet,SF,121,174,0,0,0,0,1,0,0,0,0,0,0,0,0,0,0,0,1,1,0.0,0.0,0.0,0.0,1.0,0.0,0.0,255,23,0.09,0.02,0.0,0.0,0.0,0.0,0.0,0.04,guess_passwd,9
58,tcp,telnet,SF,2615,4233,0,0,0,5,0,1,2,1,0,0,0,0,0,0,0,0,1,1,0.0,0.0,0.0,0.0,1.0,0.0,0.0,10,2,0.2,0.2,0.1,0.0,0.0,0.0,0.0,0.0,buffer_overflow,1
0,icmp,ecr_i,SF,508,0,0,0,0,0,0,0,0,0,0,0,0,0,0,0,0,0,511,511,0.0,0.0,0.0,0.0,1.0,0.0,0.0,247,124,0.5,0.02,0.5,0.0,0.0,0.0,0.45,0.0,smurf,18
909,tcp,http,RSTR,1024,0,0,0,0,0,0,1,0,0,0,0,0,0,0,0,0,0,78,78,0.0,0.0,1.0,1.0,1.0,0.0,0.0,255,255,1.0,0.0,0.0,0.0,0.0,0.0,0.41,0.41,apache2,12
0,icmp,ecr_i,SF,1032,0,0,0,0,0,0,0,0,0,0,0,0,0,0,0,0,0,511,511,0.0,0.0,0.0,0.0,1.0,0.0,0.0,255,179,0.7,0.01,0.7,0.0,0.0,0.0,0.0,0.0,smurf,19
0,tcp,other,REJ,0,0,0,0,0,0,0,0,0,0,0,0,0,0,0,0,0,0,1,1,0.0,0.0,1.0,1.0,1.0,0.0,0.0,255,8,0.03,0.02,0.0,0.0,0.0,0.0,0.03,1.0,httptunnel,18
1,tcp,smtp,SF,2599,293,0,0,0,0,0,1,0,0,0,0,0,0,0,0,0,0,2,2,0.0,0.0,0.0,0.0,1.0,0.0,0.0,255,53,0.21,0.16,0.0,0.0,0.0,0.0,0.77,0.0,mailbomb,12
0,icmp,eco_i,SF,8,0,0,0,0,0,0,0,0,0,0,0,0,0,0,0,0,0,1,3,0.0,0.0,0.0,0.0,1.0,0.0,1.0,1,32,1.0,0.0,1.0,0.53,0.0,0.0,0.0,0.0,ipsweep,16
2,tcp,telnet,SF,24,1192,0,0,0,0,0,0,0,0,0,0,0,0,0,0,0,0,1,3,0.0,0.0,0.0,0.33,1.0,0.0,0.67,152,96,0.36,0.03,0.01,0.02,0.05,0.08,0.86,0.57,mscan,6
1,tcp,smtp,SF,2599,293,0,0,0,0,0,1,0,0,0,0,0,0,0,0,0,0,2,2,0.0,0.0,0.0,0.0,1.0,0.0,0.0,255,70,0.27,0.14,0.0,0.0,0.0,0.0,0.71,0.0,mailbomb,12
0,tcp,private,SH,0,0,0,0,0,0,0,0,0,0,0,0,0,0,0,0,0,0,1,1,1.0,1.0,0.0,0.0,1.0,0.0,0.0,84,1,0.01,1.0,1.0,0.0,1.0,1.0,0.0,0.0,nmap,18
0,udp,private,SF,49,49,0,0,0,0,0,0,0,0,0,0,0,0,0,0,0,0,2,2,0.0,0.0,0.0,0.0,1.0,0.0,0.0,255,255,1.0,0.0,0.01,0.0,0.0,0.0,0.0,0.0,snmpguess,15
0,udp,private,SF,105,147,0,0,0,0,0,0,0,0,0,0,0,0,0,0,0,0,1,1,0.0,0.0,0.0,0.0,1.0,0.0,0.0,214,212,0.99,0.01,0.0,0.0,0.0,0.0,0.0,0.0,snmpgetattack,0
3,tcp,link,RSTR,0,0,0,0,0,0,0,0,0,0,0,0,0,0,0,0,0,0,153,2,0.0,0.0,1.0,1.0,0.01,0.54,0.0,160,2,0.01,0.52,0.96,0.0,0.0,0.0,0.96,1.0,normal,3
0,udp,private,SF,42,0,0,0,0,0,0,0,0,0,0,0,0,0,0,0,0,0,3,3,0.0,0.0,0.0,0.0,1.0,0.0,0.0,255,253,0.99,0.01,0.01,0.0,0.0,0.0,0.0,0.0,snmpguess,14
0,tcp,private,REJ,0,0,0,0,0,0,0,0,0,0,0,0,0,0,0,0,0,0,232,8,0.0,0.0,1.0,1.0,0.03,0.07,0.0,118,8,0.07,0.1,0.01,0.0,0.0,0.0,1.0,1.0,neptune,18
0,tcp,http,SF,54540,8314,0,0,0,2,0,1,1,0,0,0,0,0,0,0,0,0,5,5,0.0,0.0,0.0,0.0,1.0,0.0,0.0,255,231,0.91,0.01,0.0,0.0,0.0,0.0,0.02,0.02,back,12
913,tcp,http,RSTR,56504,0,0,0,0,0,0,1,0,0,0,0,0,0,0,0,0,0,30,30,0.03,0.03,0.93,0.93,1.0,0.0,0.0,255,255,1.0,0.0,0.0,0.0,0.0,0.0,0.11,0.11,apache2,15
0,udp,private,SF,28,0,0,3,0,0,0,0,0,0,0,0,0,0,0,0,0,0,94,94,0.0,0.0,0.0,0.0,1.0,0.0,0.0,114,94,0.82,0.03,0.82,0.0,0.0,0.0,0.0,0.0,teardrop,15
0,udp,private,SF,105,147,0,0,0,0,0,0,0,0,0,0,0,0,0,0,0,0,2,2,0.0,0.0,0.0,0.0,1.0,0.0,0.0,255,252,0.99,0.01,0.0,0.0,0.0,0.0,0.0,0.0,snmpgetattack,2
0,tcp,echo,RSTO,0,0,0,0,0,0,0,0,0,0,0,0,0,0,0,0,0,0,246,13,0.0,0.0,1.0,1.0,0.05,0.07,0.0,255,13,0.05,0.07,0.0,0.0,0.0,0.0,1.0,1.0,neptune,20
1,tcp,smtp,SF,2599,293,0,0,0,0,0,1,0,0,0,0,0,0,0,0,0,0,2,2,0.0,0.0,0.0,0.0,1.0,0.0,0.0,255,144,0.56,0.13,0.0,0.0,0.0,0.0,0.42,0.0,mailbomb,11
0,tcp,telnet,SF,125,174,0,0,0,0,1,0,0,0,0,0,0,0,0,0,0,0,1,1,0.0,0.0,0.0,0.0,1.0,0.0,0.0,255,173,0.68,0.02,0.0,0.0,0.0,0.0,0.02,0.03,guess_passwd,15
0,tcp,private,REJ,0,0,0,0,0,0,0,0,0,0,0,0,0,0,0,0,0,0,2,1,0.0,0.0,1.0,1.0,0.5,1.0,0.0,255,1,0.0,0.99,0.99,0.0,0.0,0.0,0.98,1.0,portsweep,18
0,tcp,other,REJ,0,0,0,0,0,0,0,0,0,0,0,0,0,0,0,0,0,0,1,1,0.0,0.0,1.0,1.0,1.0,0.0,0.0,255,3,0.01,0.02,0.0,0.0,0.0,0.0,0.01,1.0,httptunnel,18
8213,tcp,telnet,SF,0,15,0,0,0,0,0,0,0,0,0,0,0,0,0,0,0,0,1,1,0.0,0.0,0.0,0.0,1.0,0.0,0.0,255,8,0.03,0.85,0.0,0.0,0.0,0.0,0.84,0.0,processtable,12
0,udp,private,SF,105,146,0,0,0,0,0,0,0,0,0,0,0,0,0,0,0,0,2,1,0.0,0.0,0.0,0.0,0.5,1.0,0.0,255,252,0.99,0.01,0.0,0.0,0.0,0.0,0.0,0.0,snmpgetattack,1
0,tcp,other,REJ,0,0,0,0,0,0,0,0,0,0,0,0,0,0,0,0,0,0,444,1,0.05,0.0,0.95,1.0,0.0,1.0,0.0,255,1,0.0,1.0,0.0,0.0,0.04,0.0,0.96,1.0,saint,18
1,tcp,smtp,SF,2599,293,0,0,0,0,0,1,0,0,0,0,0,0,0,0,0,0,3,3,0.0,0.0,0.0,0.0,1.0,0.0,0.0,255,188,0.74,0.13,0.0,0.0,0.0,0.0,0.25,0.0,mailbomb,11
0,tcp,private,REJ,0,0,0,0,0,0,0,0,0,0,0,0,0,0,0,0,0,0,2,1,0.0,0.0,1.0,1.0,0.5,1.0,0.0,255,1,0.0,0.53,0.29,0.0,0.0,0.0,0.29,1.0,portsweep,18
0,icmp,eco_i,SF,8,0,0,0,0,0,0,0,0,0,0,0,0,0,0,0,0,0,1,34,0.0,0.0,0.0,0.0,1.0,0.0,1.0,2,51,1.0,0.0,1.0,0.51,0.0,0.0,0.0,0.0,ipsweep,18
0,icmp,ecr_i,SF,1008,0,0,0,0,0,0,0,0,0,0,0,0,0,0,0,0,0,151,151,0.0,0.0,0.0,0.0,1.0,0.0,0.0,255,255,1.0,0.0,1.0,0.0,0.0,0.0,0.0,0.0,smurf,18
0,udp,other,SF,516,4,0,0,0,0,0,0,0,0,0,0,0,0,0,0,0,0,10,10,0.0,0.0,0.0,0.0,1.0,0.0,0.0,12,10,0.83,0.17,0.75,0.0,0.0,0.0,0.0,0.0,multihop,1
0,tcp,telnet,S3,0,44,0,0,0,0,0,0,0,0,0,0,0,0,0,0,0,0,1,1,1.0,1.0,0.0,0.0,1.0,0.0,0.0,255,52,0.2,0.71,0.0,0.0,0.11,0.52,0.69,0.0,processtable,17
0,icmp,eco_i,SF,8,0,0,0,0,0,0,0,0,0,0,0,0,0,0,0,0,0,1,20,0.0,0.0,0.0,0.0,1.0,0.0,1.0,1,67,1.0,0.0,1.0,0.51,0.0,0.0,0.0,0.0,ipsweep,17
0,icmp,ecr_i,SF,1032,0,0,0,0,0,0,0,0,0,0,0,0,0,0,0,0,0,193,193,0.0,0.0,0.0,0.0,1.0,0.0,0.0,255,255,1.0,0.0,1.0,0.0,0.0,0.0,0.0,0.0,smurf,18
0,tcp,telnet,SF,123,174,0,0,0,0,1,0,0,0,0,0,0,0,0,0,0,0,1,1,0.0,0.0,0.0,0.0,1.0,0.0,0.0,255,211,0.83,0.02,0.0,0.0,0.0,0.0,0.02,0.03,guess_passwd,15
4,tcp,pop_3,SF,30,93,0,0,0,0,0,1,0,0,0,0,0,0,0,0,0,0,1,1,0.0,0.0,0.0,0.0,1.0,0.0,0.0,255,242,0.95,0.04,0.0,0.0,0.0,0.0,0.0,0.0,guess_passwd,18
0,tcp,ftp,RSTR,0,0,0,0,0,0,0,0,0,0,0,0,0,0,0,0,0,0,1,1,0.0,0.0,1.0,1.0,1.0,0.0,0.0,255,1,0.0,0.14,0.08,0.0,0.0,0.0,0.9,1.0,portsweep,15
1,tcp,imap4,RSTO,0,44,0,0,0,0,0,0,0,0,0,0,0,0,0,0,0,0,2,5,0.0,0.0,1.0,1.0,0.5,1.0,1.0,158,59,0.25,0.03,0.01,0.03,0.02,0.02,0.89,0.98,mscan,14
0,icmp,ecr_i,SF,1480,0,0,1,0,0,0,0,0,0,0,0,0,0,0,0,0,0,1,3,0.0,0.0,0.0,0.0,1.0,0.0,0.67,2,9,0.5,1.0,0.5,0.56,0.5,0.0,0.0,0.0,pod,14
0,udp,private,SF,52,0,0,0,0,0,0,0,0,0,0,0,0,0,0,0,0,0,4,4,0.0,0.0,0.0,0.0,1.0,0.0,0.0,255,254,1.0,0.01,0.0,0.0,0.0,0.0,0.0,0.0,snmpguess,14
0,tcp,private,SH,0,0,0,0,0,0,0,0,0,0,0,0,0,0,0,0,0,0,1,1,1.0,1.0,0.0,0.0,1.0,0.0,0.0,134,1,0.01,0.99,0.99,0.0,0.99,1.0,0.0,0.0,nmap,18
0,icmp,ecr_i,SF,1008,0,0,0,0,0,0,0,0,0,0,0,0,0,0,0,0,0,185,185,0.0,0.0,0.0,0.0,1.0,0.0,0.0,255,255,1.0,0.0,1.0,0.0,0.0,0.0,0.0,0.0,smurf,18
0,icmp,ecr_i,SF,1032,0,0,0,0,0,0,0,0,0,0,0,0,0,0,0,0,0,511,511,0.0,0.0,0.0,0.0,1.0,0.0,0.0,175,158,0.9,0.01,0.9,0.0,0.0,0.0,0.01,0.0,smurf,18
0,udp,private,SF,105,146,0,0,0,0,0,0,0,0,0,0,0,0,0,0,0,0,1,1,0.0,0.0,0.0,0.0,1.0,0.0,0.0,255,254,1.0,0.01,0.02,0.0,0.0,0.0,0.0,0.0,snmpgetattack,7
0,tcp,other,REJ,0,0,0,0,0,0,0,0,0,0,0,0,0,0,0,0,0,0,1,1,0.0,0.0,1.0,1.0,1.0,0.0,0.0,255,39,0.15,0.02,0.0,0.0,0.0,0.0,0.13,0.82,httptunnel,16
805,tcp,http,RSTR,59424,0,0,0,0,0,0,1,0,0,0,0,0,0,0,0,0,0,34,34,0.0,0.0,1.0,1.0,1.0,0.0,0.0,255,253,0.99,0.01,0.0,0.0,0.0,0.0,0.17,0.17,apache2,15
7587,tcp,telnet,SF,0,44,0,0,0,0,0,0,0,0,0,0,0,0,0,0,0,0,1,1,0.0,0.0,0.0,0.0,1.0,0.0,0.0,255,161,0.63,0.35,0.0,0.0,0.49,0.78,0.34,0.01,processtable,18
0,tcp,telnet,RSTO,0,0,0,0,0,0,0,0,0,0,0,0,0,0,0,0,0,0,288,5,0.0,0.0,1.0,1.0,0.02,0.06,0.0,255,5,0.02,0.06,0.0,0.0,0.0,0.0,1.0,1.0,neptune,18
247,tcp,X11,SF,1262796,15820,0,0,0,0,0,0,0,0,0,0,0,0,0,0,0,0,1,1,0.0,0.0,0.0,0.0,1.0,0.0,0.0,255,1,0.0,0.71,0.0,0.0,0.0,0.0,0.69,0.0,xlock,7
0,tcp,http,SF,54540,8314,0,0,0,2,0,1,1,0,0,0,0,0,0,0,0,0,5,8,0.0,0.0,0.0,0.0,1.0,0.0,0.25,255,248,0.97,0.01,0.0,0.0,0.0,0.0,0.06,0.06,back,12
0,tcp,other,REJ,0,0,0,0,0,0,0,0,0,0,0,0,0,0,0,0,0,0,481,1,0.04,0.0,0.96,1.0,0.0,1.0,0.0,255,1,0.0,1.0,0.0,0.0,0.04,0.0,0.96,1.0,saint,20
0,tcp,private,SH,0,0,0,0,0,0,0,0,0,0,0,0,0,0,0,0,0,0,1,1,1.0,1.0,0.0,0.0,1.0,0.0,0.0,183,1,0.01,1.0,1.0,0.0,1.0,1.0,0.0,0.0,nmap,18
7406,tcp,telnet,SF,0,44,0,0,0,0,0,0,0,0,0,0,0,0,0,0,0,0,1,1,0.0,0.0,0.0,0.0,1.0,0.0,0.0,255,213,0.84,0.02,0.0,0.0,0.27,0.32,0.01,0.01,processtable,15
0,tcp,other,REJ,0,0,0,0,0,0,0,0,0,0,0,0,0,0,0,0,0,0,1,1,0.0,0.0,1.0,1.0,1.0,0.0,0.0,77,2,0.03,0.04,0.01,0.0,0.0,0.0,0.03,1.0,httptunnel,12
810,tcp,http,RSTR,57964,1,0,0,0,0,0,1,0,0,0,0,0,0,0,0,0,0,60,60,0.03,0.03,0.97,0.97,1.0,0.0,0.0,255,253,0.99,0.01,0.0,0.0,0.01,0.01,0.3,0.3,apache2,15
0,icmp,eco_i,SF,18,0,0,0,0,0,0,0,0,0,0,0,0,0,0,0,0,0,1,1,0.0,0.0,0.0,0.0,1.0,0.0,0.0,1,83,1.0,0.0,1.0,1.0,0.0,0.0,0.0,0.0,ipsweep,18
0,tcp,private,SH,0,0,0,0,0,0,0,0,0,0,0,0,0,0,0,0,0,0,1,1,1.0,1.0,0.0,0.0,1.0,0.0,0.0,5,1,0.2,1.0,1.0,0.0,1.0,1.0,0.0,0.0,nmap,17
1,tcp,smtp,SF,2599,293,0,0,0,0,0,1,0,0,0,0,0,0,0,0,0,0,4,3,0.0,0.0,0.25,0.0,0.75,0.5,0.0,255,59,0.23,0.15,0.0,0.0,0.0,0.0,0.75,0.0,mailbomb,12
6,tcp,pop_3,SF,26,93,0,0,0,0,0,1,0,0,0,0,0,0,0,0,0,0,1,1,0.0,0.0,0.0,0.0,1.0,0.0,0.0,14,15,1.0,0.0,0.07,0.13,0.0,0.0,0.0,0.0,guess_passwd,6
135,tcp,telnet,SF,353,5769,0,0,0,4,0,1,8,1,0,7,2,0,1,0,0,0,1,1,0.0,0.0,0.0,0.0,1.0,0.0,0.0,255,141,0.55,0.03,0.0,0.0,0.48,0.86,0.02,0.01,ps,9
897,tcp,http,RSTR,57184,0,0,0,0,0,0,1,0,0,0,0,0,0,0,0,0,0,25,25,0.2,0.2,0.8,0.8,1.0,0.0,0.0,255,255,1.0,0.0,0.0,0.0,0.03,0.03,0.66,0.66,apache2,17
0,icmp,eco_i,SF,40008,0,0,0,0,0,0,0,0,0,0,0,0,0,0,0,0,0,3,3,0.0,0.0,0.0,0.0,1.0,0.0,0.0,121,145,0.09,0.04,0.09,0.47,0.0,0.0,0.02,0.0,normal,20
0,udp,private,SF,48,0,0,0,0,0,0,0,0,0,0,0,0,0,0,0,0,0,4,4,0.0,0.0,0.0,0.0,1.0,0.0,0.0,255,255,1.0,0.0,0.01,0.0,0.0,0.0,0.0,0.0,snmpguess,17
7444,tcp,telnet,SF,0,44,0,0,0,0,0,0,0,0,0,0,0,0,0,0,0,0,1,1,0.0,0.0,0.0,0.0,1.0,0.0,0.0,255,213,0.84,0.03,0.0,0.0,0.33,0.4,0.12,0.07,processtable,18
0,tcp,private,SH,0,0,0,0,0,0,0,0,0,0,0,0,0,0,0,0,0,0,1,1,1.0,1.0,0.0,0.0,1.0,0.0,0.0,201,1,0.0,1.0,1.0,0.0,1.0,1.0,0.0,0.0,nmap,18
282,tcp,ftp,SF,164,599,0,0,0,2,0,1,0,0,0,0,0,0,0,0,0,1,1,1,0.0,0.0,0.0,0.0,1.0,0.0,0.0,255,15,0.06,0.75,0.0,0.0,0.0,0.0,0.74,0.0,warezmaster,12
0,icmp,ecr_i,SF,1480,0,0,1,0,0,0,0,0,0,0,0,0,0,0,0,0,0,1,3,0.0,0.0,0.0,0.0,1.0,0.0,0.67,1,13,1.0,0.0,1.0,0.54,0.0,0.0,0.0,0.0,pod,15
0,udp,private,SF,1,1,0,0,0,0,0,0,0,0,0,0,0,0,0,0,0,0,145,1,0.0,0.0,0.0,0.0,0.01,1.0,0.0,255,1,0.0,0.88,1.0,0.0,0.0,0.0,0.0,0.0,satan,18
3,tcp,pop_3,SF,32,93,0,0,0,0,0,1,0,0,0,0,0,0,0,0,0,0,1,1,0.0,0.0,0.0,0.0,1.0,0.0,0.0,255,244,0.96,0.02,0.0,0.0,0.0,0.0,0.02,0.0,guess_passwd,18
0,tcp,other,REJ,0,0,0,0,0,0,0,0,0,0,0,0,0,0,0,0,0,0,482,1,0.07,0.0,0.93,1.0,0.0,1.0,0.0,255,1,0.0,1.0,0.0,0.0,0.07,0.0,0.93,1.0,satan,20
0,icmp,ecr_i,SF,1480,0,0,1,0,0,0,0,0,0,0,0,0,0,0,0,0,0,1,3,0.0,0.0,0.0,0.0,1.0,0.0,0.67,1,21,1.0,0.0,1.0,0.52,0.0,0.0,0.0,0.0,pod,16
0,tcp,uucp_path,REJ,0,0,0,0,0,0,0,0,0,0,0,0,0,0,0,0,0,0,201,1,0.0,0.0,1.0,1.0,0.0,0.06,0.0,255,1,0.0,0.07,0.0,0.0,0.0,0.0,1.0,1.0,neptune,18
0,udp,private,SF,105,146,0,0,0,0,0,0,0,0,0,0,0,0,0,0,0,0,1,1,0.0,0.0,0.0,0.0,1.0,0.0,0.0,55,55,1.0,0.0,0.02,0.0,0.0,0.0,0.0,0.0,snmpgetattack,0
0,tcp,other,SF,0,0,0,0,0,0,0,0,0,0,0,0,0,0,0,0,0,0,1,1,0.0,0.0,0.0,0.0,1.0,0.0,0.0,5,1,0.2,0.6,0.2,0.0,0.0,0.0,0.4,0.0,named,6
49,tcp,ftp,SF,158,504,0,0,0,2,0,1,0,0,0,0,0,0,0,0,0,0,1,1,0.0,0.0,0.0,0.0,1.0,0.0,0.0,199,2,0.01,0.04,0.01,0.0,0.0,0.0,0.0,0.0,rootkit,5
0,tcp,private,REJ,0,0,0,0,0,0,0,0,0,0,0,0,0,0,0,0,0,0,2,1,0.0,0.0,1.0,1.0,0.5,1.0,0.0,255,1,0.0,0.61,0.42,0.0,0.0,0.0,0.42,1.0,portsweep,18
0,tcp,other,REJ,0,0,0,0,0,0,0,0,0,0,0,0,0,0,0,0,0,0,1,1,0.0,0.0,1.0,1.0,1.0,0.0,0.0,255,7,0.03,0.02,0.0,0.0,0.0,0.0,0.03,1.0,httptunnel,18
0,tcp,http,S0,0,0,0,0,0,0,0,0,0,0,0,0,0,0,0,0,0,0,35,35,0.06,0.06,0.94,0.94,1.0,0.0,0.0,255,255,1.0,0.0,0.0,0.0,0.01,0.01,0.58,0.58,apache2,13
0,tcp,ftp_data,SF,0,8035,0,0,0,0,0,0,0,0,0,0,0,0,0,0,0,0,1,2,0.0,0.0,0.0,0.0,1.0,0.0,1.0,255,1,0.0,0.02,0.0,0.0,0.0,0.0,0.0,0.0,multihop,1
0,udp,private,SF,28,0,0,3,0,0,0,0,0,0,0,0,0,0,0,0,0,0,69,69,0.0,0.0,0.0,0.0,1.0,0.0,0.0,255,69,0.27,0.02,0.27,0.0,0.0,0.0,0.0,0.0,teardrop,15
0,icmp,eco_i,SF,18,0,0,0,0,0,0,0,0,0,0,0,0,0,0,0,0,0,1,1,0.0,0.0,0.0,0.0,1.0,0.0,0.0,1,44,1.0,0.0,1.0,1.0,0.0,0.0,0.0,0.0,ipsweep,18
0,tcp,other,REJ,0,0,0,0,0,0,0,0,0,0,0,0,0,0,0,0,0,0,398,1,0.17,0.0,0.83,1.0,0.0,1.0,0.0,255,1,0.0,0.91,0.0,0.0,0.16,0.0,0.84,1.0,satan,17
282,tcp,ftp,SF,161,597,0,0,0,2,0,1,0,0,0,0,0,0,0,0,0,1,1,1,0.0,0.0,0.0,0.0,1.0,0.0,0.0,255,20,0.08,0.93,0.0,0.0,0.0,0.0,0.91,0.0,warezmaster,12
1,tcp,smtp,SF,2599,261,0,0,0,0,0,1,0,0,0,0,0,0,0,0,0,0,2,2,0.0,0.0,0.0,0.0,1.0,0.0,0.0,255,244,0.96,0.04,0.0,0.0,0.0,0.0,0.04,0.0,mailbomb,15
7634,tcp,telnet,SF,0,44,0,0,0,0,0,0,0,0,0,0,0,0,0,0,0,0,1,1,0.0,0.0,0.0,0.0,1.0,0.0,0.0,255,170,0.67,0.02,0.0,0.0,0.49,0.47,0.01,0.01,processtable,18
1,tcp,smtp,SF,2599,293,0,0,0,0,0,1,0,0,0,0,0,0,0,0,0,0,3,3,0.0,0.0,0.0,0.0,1.0,0.0,0.0,255,142,0.56,0.14,0.0,0.0,0.0,0.0,0.43,0.0,mailbomb,11
0,tcp,private,RSTR,0,0,0,0,0,0,0,0,0,0,0,0,0,0,0,0,0,0,1,1,0.0,0.0,1.0,1.0,1.0,0.0,0.0,255,1,0.0,0.5,0.47,0.0,0.0,0.0,0.9,1.0,portsweep,18
253,tcp,telnet,SF,1734,3196,0,0,0,3,0,1,2,1,0,0,1,0,0,0,0,0,1,1,0.0,0.0,0.0,0.0,1.0,0.0,0.0,251,24,0.1,0.02,0.0,0.0,0.0,0.04,0.0,0.04,buffer_overflow,1
0,tcp,other,REJ,0,0,0,0,0,0,0,0,0,0,0,0,0,0,0,0,0,0,511,1,0.05,0.0,0.95,1.0,0.0,1.0,0.0,255,1,0.0,1.0,0.0,0.0,0.04,0.0,0.96,1.0,saint,20
0,udp,private,SF,46,0,0,0,0,0,0,0,0,0,0,0,0,0,0,0,0,0,3,3,0.0,0.0,0.0,0.0,1.0,0.0,0.0,255,254,1.0,0.01,0.0,0.0,0.0,0.0,0.0,0.0,snmpguess,16
0,tcp,http,SF,54540,8314,0,0,0,2,0,1,1,0,0,0,0,0,0,0,0,0,3,14,0.0,0.0,0.0,0.0,1.0,0.0,0.21,255,252,0.99,0.01,0.0,0.0,0.0,0.0,0.01,0.01,back,15
0,tcp,finger,S0,0,0,1,0,0,0,0,0,0,0,0,0,0,0,0,0,0,0,1,2,1.0,1.0,0.0,0.0,1.0,0.0,1.0,255,3,0.01,0.03,0.0,0.0,0.51,0.33,0.02,0.0,land,13
281,tcp,ftp,SF,160,595,0,0,0,2,0,1,0,0,0,0,0,0,0,0,0,1,1,1,0.0,0.0,0.0,0.0,1.0,0.0,0.0,172,57,0.33,0.04,0.01,0.0,0.0,0.0,0.0,0.0,warezmaster,12
0,udp,other,SF,516,516,0,0,0,0,0,0,0,0,0,0,0,0,0,0,0,0,1,1,0.0,0.0,0.0,0.0,1.0,0.0,0.0,22,20,0.91,0.09,0.09,0.0,0.0,0.0,0.0,0.0,multihop,0
92,tcp,telnet,SF,2458,9336,0,0,0,6,0,1,8,1,0,2,0,0,0,0,0,0,1,1,0.0,0.0,0.0,0.0,1.0,0.0,0.0,146,19,0.13,0.03,0.01,0.0,0.0,0.0,0.0,0.0,buffer_overflow,0
0,icmp,ecr_i,SF,520,0,0,0,0,0,0,0,0,0,0,0,0,0,0,0,0,0,79,79,0.0,0.0,0.0,0.0,1.0,0.0,0.0,255,255,1.0,0.0,1.0,0.0,0.0,0.0,0.0,0.0,smurf,18
0,udp,private,SF,105,146,0,0,0,0,0,0,0,0,0,0,0,0,0,0,0,0,1,1,0.0,0.0,0.0,0.0,1.0,0.0,0.0,247,246,1.0,0.01,0.0,0.0,0.0,0.0,0.0,0.0,snmpgetattack,3
0,udp,private,SF,41,0,0,0,0,0,0,0,0,0,0,0,0,0,0,0,0,0,4,4,0.0,0.0,0.0,0.0,1.0,0.0,0.0,255,254,1.0,0.01,0.01,0.0,0.0,0.0,0.0,0.0,snmpguess,16
0,tcp,ftp_data,SF,283618,0,0,0,0,0,0,0,0,0,0,0,0,0,0,0,0,0,1,1,0.0,0.0,0.0,0.0,1.0,0.0,0.0,20,33,0.5,0.15,0.5,0.06,0.0,0.0,0.05,0.0,rootkit,1
0,udp,private,SF,46,0,0,0,0,0,0,0,0,0,0,0,0,0,0,0,0,0,4,4,0.0,0.0,0.0,0.0,1.0,0.0,0.0,255,254,1.0,0.01,0.0,0.0,0.0,0.0,0.0,0.0,snmpguess,16
